order_id,tanggal_transaksi,region,sektor_industri,kategori_produk,kuantitas,harga_satuan_idr,total_nilai_deal_idr,status_transaksi,revenue_idr
trx-21517,12/15/2022,sumatera,perkebunan,excavator,1,2277284162,2277284162,lost (gagal),0
trx-22369,9/24/2021,kalimantan,manufaktur,forklift,5,409489290,2047446450,won (berhasil),2047446450
trx-21961,7/17/2022,sumatera,pertambangan,forklift,1,273735241,273735241,lost (gagal),0
trx-20343,12/29/2021,sulawesi,manufaktur,genset (generator set),4,367795935,1471183740,lost (gagal),0
trx-22663,1/21/2021,sulawesi,perkebunan,forklift,2,288704212,577408424,lost (gagal),0
trx-21173,2/24/2021,sumatera,konstruksi,forklift,4,244332419,977329676,won (berhasil),977329676
trx-22676,10/4/2023,papua,konstruksi,genset (generator set),1,452166950,452166950,won (berhasil),452166950
trx-21027,11/6/2021,kalimantan,konstruksi,forklift,2,514279862,1028559724,won (berhasil),1028559724
trx-22083,4/11/2023,papua,pertambangan,genset (generator set),3,295741418,887224254,won (berhasil),887224254
trx-21444,7/22/2022,sulawesi,logistik & gudang,forklift,5,370273078,1851365390,won (berhasil),1851365390
trx-20932,7/15/2023,kalimantan,perkebunan,tractor agrikultur,2,1242017308,2484034616,won (berhasil),2484034616
trx-20178,4/16/2022,jawa,logistik & gudang,genset (generator set),4,411802822,1647211288,won (berhasil),1647211288
trx-21593,11/14/2022,sumatera,perkebunan,excavator,1,1546276981,1546276981,won (berhasil),1546276981
trx-21662,4/19/2022,jawa,logistik & gudang,tractor agrikultur,2,1353036607,2706073214,won (berhasil),2706073214
trx-22431,11/16/2022,jawa,pertambangan,genset (generator set),3,205225982,615677946,won (berhasil),615677946
trx-22862,9/25/2021,papua,perkebunan,forklift,1,547794598,547794598,won (berhasil),547794598
trx-22342,3/4/2021,kalimantan,pertambangan,genset (generator set),4,498745045,1994980180,lost (gagal),0
trx-21497,4/15/2021,kalimantan,pertambangan,tractor agrikultur,2,1437814887,2875629774,lost (gagal),0
trx-22966,1/20/2023,sumatera,konstruksi,excavator,2,2885963943,5771927886,in progress,0
trx-22413,5/27/2023,kalimantan,pertambangan,genset (generator set),1,403449666,403449666,won (berhasil),403449666
trx-22807,5/9/2023,papua,konstruksi,tractor agrikultur,1,1072760996,1072760996,won (berhasil),1072760996
trx-21283,8/23/2022,sulawesi,pertambangan,genset (generator set),2,434474711,868949422,lost (gagal),0
trx-22868,3/25/2023,kalimantan,konstruksi,forklift,2,590090784,1180181568,lost (gagal),0
trx-20889,5/22/2021,papua,lainnya,genset (generator set),1,377612979,377612979,won (berhasil),377612979
trx-21459,12/7/2021,sulawesi,pertambangan,forklift,4,398536168,1594144672,won (berhasil),1594144672
trx-21436,5/10/2022,sumatera,konstruksi,excavator,1,2094089591,2094089591,won (berhasil),2094089591
trx-20554,4/23/2021,kalimantan,konstruksi,tractor agrikultur,2,1090186186,2180372372,won (berhasil),2180372372
trx-22263,10/28/2021,kalimantan,pertambangan,tractor agrikultur,2,833599902,1667199804,won (berhasil),1667199804
trx-20439,4/8/2023,papua,konstruksi,excavator,1,1644051575,1644051575,in progress,0
trx-22567,2/9/2022,sulawesi,manufaktur,genset (generator set),2,215111435,430222870,won (berhasil),430222870
trx-21041,6/17/2021,sumatera,perkebunan,genset (generator set),5,455807221,2279036105,lost (gagal),0
trx-21226,2/4/2021,papua,logistik & gudang,excavator,2,2728346837,5456693674,won (berhasil),5456693674
trx-20188,11/22/2023,papua,manufaktur,genset (generator set),2,262571827,525143654,won (berhasil),525143654
trx-21779,8/29/2022,sumatera,pertambangan,genset (generator set),2,376273346,752546692,won (berhasil),752546692
trx-20495,6/23/2021,kalimantan,konstruksi,genset (generator set),1,363202255,363202255,won (berhasil),363202255
trx-20790,7/23/2022,kalimantan,manufaktur,excavator,1,2783176964,2783176964,won (berhasil),2783176964
trx-20572,2/13/2021,jawa,perkebunan,forklift,3,250261637,750784911,lost (gagal),0
trx-22190,11/30/2022,kalimantan,pertambangan,excavator,2,2713196952,5426393904,won (berhasil),5426393904
trx-21710,9/10/2022,sumatera,pertambangan,forklift,4,559177086,2236708344,won (berhasil),2236708344
trx-20831,4/20/2021,papua,pertambangan,excavator,2,1970060421,3940120842,in progress,0
trx-22738,7/24/2023,sulawesi,perkebunan,excavator,1,1937695591,1937695591,lost (gagal),0
trx-22619,9/25/2021,sulawesi,perkebunan,genset (generator set),2,393372830,786745660,won (berhasil),786745660
trx-22007,12/22/2021,jawa,pertambangan,excavator,2,1501722184,3003444368,won (berhasil),3003444368
trx-20568,1/22/2021,kalimantan,perkebunan,forklift,5,354138326,1770691630,won (berhasil),1770691630
trx-20102,2/3/2023,papua,logistik & gudang,excavator,2,2323896185,4647792370,won (berhasil),4647792370
trx-21583,7/19/2021,papua,pertambangan,forklift,1,522954917,522954917,won (berhasil),522954917
trx-22286,10/23/2022,papua,pertambangan,genset (generator set),2,252780403,505560806,won (berhasil),505560806
trx-22012,7/21/2022,sumatera,perkebunan,excavator,2,2115013110,4230026220,won (berhasil),4230026220
trx-22662,3/15/2022,papua,pertambangan,excavator,2,2241215017,4482430034,won (berhasil),4482430034
trx-22823,1/7/2023,jawa,logistik & gudang,tractor agrikultur,5,821213263,4106066315,won (berhasil),4106066315
trx-21179,5/26/2023,sumatera,perkebunan,tractor agrikultur,3,807782728,2423348184,won (berhasil),2423348184
trx-20051,6/28/2023,kalimantan,konstruksi,forklift,5,445073767,2225368835,won (berhasil),2225368835
trx-20507,2/11/2022,kalimantan,logistik & gudang,forklift,1,256930170,256930170,lost (gagal),0
trx-21017,3/10/2023,jawa,konstruksi,excavator,1,2888525654,2888525654,won (berhasil),2888525654
trx-21091,7/14/2022,sumatera,logistik & gudang,excavator,2,2242200804,4484401608,in progress,0
trx-20063,4/22/2023,papua,konstruksi,tractor agrikultur,1,1279185637,1279185637,won (berhasil),1279185637
trx-20944,8/19/2022,jawa,logistik & gudang,genset (generator set),5,406547045,2032735225,won (berhasil),2032735225
trx-22375,11/4/2023,sumatera,perkebunan,forklift,4,480535064,1922140256,won (berhasil),1922140256
trx-20044,7/14/2023,jawa,perkebunan,tractor agrikultur,4,843945258,3375781032,won (berhasil),3375781032
trx-22707,4/4/2021,sulawesi,logistik & gudang,forklift,2,423015877,846031754,in progress,0
trx-21510,5/31/2023,kalimantan,konstruksi,forklift,2,519694465,1039388930,in progress,0
trx-20254,10/31/2021,sumatera,pertambangan,excavator,2,2146382707,4292765414,lost (gagal),0
trx-20321,5/20/2023,sulawesi,manufaktur,excavator,1,1947128306,1947128306,lost (gagal),0
trx-22804,3/13/2022,unknown,manufaktur,genset (generator set),5,283144906,1415724530,won (berhasil),1415724530
trx-22937,5/3/2021,papua,pertambangan,tractor agrikultur,3,1416627460,4249882380,won (berhasil),4249882380
trx-20705,10/7/2022,sumatera,perkebunan,excavator,2,1767226531,3534453062,won (berhasil),3534453062
trx-22270,9/15/2021,sulawesi,logistik & gudang,excavator,1,1740278867,1740278867,in progress,0
trx-22124,5/14/2021,sumatera,perkebunan,forklift,5,273502007,1367510035,in progress,0
trx-22861,10/27/2021,sumatera,konstruksi,excavator,2,2997242835,5994485670,won (berhasil),5994485670
trx-22589,4/14/2023,sulawesi,pertambangan,genset (generator set),5,463869275,2319346375,won (berhasil),2319346375
trx-20472,5/8/2022,papua,konstruksi,excavator,2,1876739863,3753479726,won (berhasil),3753479726
trx-21451,1/9/2023,papua,pertambangan,genset (generator set),2,473527665,947055330,won (berhasil),947055330
trx-20139,5/21/2021,sumatera,perkebunan,forklift,3,497713442,1493140326,won (berhasil),1493140326
trx-22574,11/19/2021,kalimantan,manufaktur,forklift,3,384341073,1153023219,won (berhasil),1153023219
trx-20581,12/3/2023,papua,pertambangan,forklift,2,402489559,804979118,in progress,0
trx-22605,1/31/2021,sulawesi,manufaktur,forklift,1,419775246,419775246,lost (gagal),0
trx-20809,1/28/2022,sulawesi,konstruksi,forklift,3,410850139,1232550417,won (berhasil),1232550417
trx-22591,7/19/2023,sulawesi,manufaktur,genset (generator set),1,317168954,317168954,won (berhasil),317168954
trx-21822,10/24/2022,sumatera,perkebunan,genset (generator set),2,381698791,763397582,won (berhasil),763397582
trx-21475,2/14/2021,sulawesi,konstruksi,tractor agrikultur,4,1008124889,4032499556,in progress,0
trx-21891,10/10/2023,sumatera,perkebunan,excavator,2,1710358969,3420717938,lost (gagal),0
trx-21427,1/18/2023,papua,perkebunan,tractor agrikultur,1,941511050,941511050,in progress,0
trx-22585,8/16/2023,papua,logistik & gudang,genset (generator set),3,140003929,420011787,lost (gagal),0
trx-20134,9/4/2021,kalimantan,konstruksi,tractor agrikultur,4,1370533634,5482134536,lost (gagal),0
trx-20741,10/17/2022,sumatera,pertambangan,tractor agrikultur,5,1212410064,6062050320,won (berhasil),6062050320
trx-20964,12/26/2023,unknown,pertambangan,tractor agrikultur,3,839287222,2517861666,won (berhasil),2517861666
trx-20149,3/2/2021,sulawesi,perkebunan,forklift,1,397078628,397078628,won (berhasil),397078628
trx-20240,3/12/2021,papua,pertambangan,genset (generator set),4,152823036,611292144,won (berhasil),611292144
trx-21766,7/18/2021,sulawesi,logistik & gudang,forklift,1,571522740,571522740,won (berhasil),571522740
trx-21896,8/15/2022,papua,konstruksi,forklift,4,293371530,1173486120,won (berhasil),1173486120
trx-22321,7/22/2022,sulawesi,manufaktur,excavator,2,1634947681,3269895362,won (berhasil),3269895362
trx-20174,1/28/2021,jawa,logistik & gudang,genset (generator set),2,443615820,887231640,lost (gagal),0
trx-20052,3/29/2021,papua,manufaktur,excavator,2,2527037549,5054075098,won (berhasil),5054075098
trx-21146,9/27/2021,sumatera,logistik & gudang,tractor agrikultur,1,1272992945,1272992945,won (berhasil),1272992945
trx-20144,7/2/2022,kalimantan,manufaktur,genset (generator set),3,482965634,1448896902,won (berhasil),1448896902
trx-20246,5/21/2022,sulawesi,perkebunan,excavator,1,1760769162,1760769162,won (berhasil),1760769162
trx-21971,1/24/2021,kalimantan,manufaktur,tractor agrikultur,1,1473075451,1473075451,in progress,0
trx-22484,7/31/2022,sulawesi,konstruksi,excavator,2,2145404843,4290809686,lost (gagal),0
trx-21620,1/18/2022,sulawesi,pertambangan,tractor agrikultur,5,1200794281,6003971405,won (berhasil),6003971405
trx-20557,12/15/2023,sulawesi,manufaktur,genset (generator set),5,136415255,682076275,won (berhasil),682076275
trx-20251,11/19/2021,sumatera,konstruksi,excavator,1,2186858135,2186858135,lost (gagal),0
trx-21116,5/28/2021,kalimantan,pertambangan,forklift,3,226094581,678283743,lost (gagal),0
trx-21877,4/5/2021,kalimantan,konstruksi,genset (generator set),2,313056307,626112614,won (berhasil),626112614
trx-20211,11/28/2022,sulawesi,manufaktur,excavator,1,1608971890,1608971890,won (berhasil),1608971890
trx-20000,10/11/2021,sumatera,pertambangan,forklift,5,273433487,1367167435,won (berhasil),1367167435
trx-21476,10/16/2023,papua,lainnya,genset (generator set),3,239310412,717931236,in progress,0
trx-21553,2/19/2021,kalimantan,konstruksi,genset (generator set),5,402693373,2013466865,lost (gagal),0
trx-21295,8/2/2021,kalimantan,pertambangan,tractor agrikultur,5,1412826536,7064132680,lost (gagal),0
trx-20565,7/8/2023,sulawesi,manufaktur,excavator,3,1285451495,3856354485,won (berhasil),3856354485
trx-21234,3/24/2023,sulawesi,manufaktur,genset (generator set),5,171176431,855882155,in progress,0
trx-21624,9/25/2021,papua,pertambangan,tractor agrikultur,3,1327539562,3982618686,in progress,0
trx-22914,2/19/2023,jawa,pertambangan,forklift,3,296159488,888478464,won (berhasil),888478464
trx-20789,7/17/2021,sumatera,perkebunan,forklift,3,460840526,1382521578,won (berhasil),1382521578
trx-20812,5/13/2023,sumatera,pertambangan,tractor agrikultur,3,1178195503,3534586509,won (berhasil),3534586509
trx-20266,12/25/2021,sumatera,manufaktur,excavator,2,1987450412,3974900824,won (berhasil),3974900824
trx-22797,11/17/2023,jawa,pertambangan,genset (generator set),2,445471473,890942946,won (berhasil),890942946
trx-20322,11/25/2022,sulawesi,konstruksi,excavator,1,2511816241,2511816241,won (berhasil),2511816241
trx-20032,8/4/2023,sumatera,logistik & gudang,genset (generator set),5,342132539,1710662695,lost (gagal),0
trx-20370,6/5/2023,sumatera,logistik & gudang,tractor agrikultur,1,1176933795,1176933795,won (berhasil),1176933795
trx-22463,3/6/2021,kalimantan,pertambangan,genset (generator set),4,390880611,1563522444,lost (gagal),0
trx-20014,6/5/2022,sulawesi,perkebunan,tractor agrikultur,2,1229385656,2458771312,won (berhasil),2458771312
trx-20093,12/30/2023,sumatera,konstruksi,tractor agrikultur,3,896043518,2688130554,in progress,0
trx-22757,4/13/2021,sumatera,perkebunan,tractor agrikultur,3,1495964571,4487893713,won (berhasil),4487893713
trx-20879,9/15/2023,sulawesi,konstruksi,genset (generator set),1,281815120,281815120,lost (gagal),0
trx-20642,4/6/2022,sumatera,perkebunan,excavator,2,2088066793,4176133586,in progress,0
trx-22097,5/3/2022,jawa,logistik & gudang,forklift,2,313819183,627638366,in progress,0
trx-21602,2/17/2023,sumatera,perkebunan,genset (generator set),1,151389384,151389384,lost (gagal),0
trx-21106,7/17/2023,papua,manufaktur,forklift,3,365513386,1096540158,lost (gagal),0
trx-20756,1/21/2022,jawa,logistik & gudang,excavator,2,2506354147,5012708294,lost (gagal),0
trx-21075,1/12/2022,kalimantan,pertambangan,tractor agrikultur,1,1074565106,1074565106,won (berhasil),1074565106
trx-20430,11/2/2022,kalimantan,konstruksi,genset (generator set),2,242876295,485752590,won (berhasil),485752590
trx-20450,9/18/2022,jawa,konstruksi,forklift,5,495291840,2476459200,lost (gagal),0
trx-22002,5/25/2021,sumatera,pertambangan,genset (generator set),2,286209505,572419010,won (berhasil),572419010
trx-21837,12/15/2022,sumatera,perkebunan,tractor agrikultur,1,948031617,948031617,won (berhasil),948031617
trx-21688,5/3/2023,papua,logistik & gudang,genset (generator set),1,162605564,162605564,won (berhasil),162605564
trx-20691,8/27/2022,kalimantan,konstruksi,tractor agrikultur,3,1170605746,3511817238,won (berhasil),3511817238
trx-22637,12/21/2021,sulawesi,manufaktur,excavator,1,2048654572,2048654572,lost (gagal),0
trx-21849,5/25/2021,kalimantan,pertambangan,tractor agrikultur,3,884558827,2653676481,in progress,0
trx-21429,9/13/2021,papua,perkebunan,genset (generator set),3,470207447,1410622341,won (berhasil),1410622341
trx-20759,12/23/2022,jawa,konstruksi,tractor agrikultur,2,962153712,1924307424,won (berhasil),1924307424
trx-20184,7/6/2021,papua,pertambangan,excavator,2,2066383380,4132766760,lost (gagal),0
trx-21235,9/27/2021,sumatera,pertambangan,genset (generator set),4,244073942,976295768,won (berhasil),976295768
trx-20203,9/20/2023,kalimantan,konstruksi,tractor agrikultur,1,1210196506,1210196506,won (berhasil),1210196506
trx-20801,6/18/2023,papua,logistik & gudang,tractor agrikultur,2,1079757428,2159514856,in progress,0
trx-20463,3/18/2021,jawa,pertambangan,excavator,1,1658810088,1658810088,won (berhasil),1658810088
trx-21423,12/26/2021,sumatera,perkebunan,genset (generator set),2,422002430,844004860,lost (gagal),0
trx-21177,9/9/2022,sulawesi,konstruksi,forklift,2,444244947,888489894,won (berhasil),888489894
trx-22414,3/12/2022,unknown,pertambangan,genset (generator set),5,369851777,1849258885,won (berhasil),1849258885
trx-20839,12/10/2022,sulawesi,manufaktur,forklift,3,270945155,812835465,won (berhasil),812835465
trx-21395,6/11/2021,papua,pertambangan,forklift,1,425390700,425390700,won (berhasil),425390700
trx-22554,7/20/2021,unknown,manufaktur,forklift,4,426968442,1707873768,won (berhasil),1707873768
trx-22869,4/11/2023,papua,pertambangan,tractor agrikultur,4,1337975637,5351902548,won (berhasil),5351902548
trx-21913,5/30/2021,sumatera,perkebunan,excavator,4,874688978,3498755912,won (berhasil),3498755912
trx-22819,4/12/2023,sulawesi,logistik & gudang,excavator,1,2234332584,2234332584,won (berhasil),2234332584
trx-20194,6/27/2021,sumatera,perkebunan,forklift,1,340592959,340592959,lost (gagal),0
trx-20528,8/25/2023,papua,pertambangan,genset (generator set),1,325801384,325801384,won (berhasil),325801384
trx-22525,4/21/2021,sulawesi,manufaktur,excavator,1,2264151476,2264151476,lost (gagal),0
trx-21210,3/13/2021,jawa,manufaktur,forklift,5,439545696,2197728480,in progress,0
trx-21809,2/3/2022,kalimantan,perkebunan,excavator,2,1732979193,3465958386,won (berhasil),3465958386
trx-20332,12/27/2021,jawa,pertambangan,excavator,1,2904329413,2904329413,lost (gagal),0
trx-22113,2/3/2023,papua,konstruksi,forklift,5,298092258,1490461290,in progress,0
trx-20298,10/2/2021,papua,pertambangan,tractor agrikultur,3,1173460686,3520382058,lost (gagal),0
trx-22344,1/24/2023,kalimantan,pertambangan,excavator,2,1593762410,3187524820,won (berhasil),3187524820
trx-21815,5/8/2021,jawa,logistik & gudang,genset (generator set),3,262242177,786726531,won (berhasil),786726531
trx-20864,4/20/2023,papua,logistik & gudang,genset (generator set),5,463596580,2317982900,won (berhasil),2317982900
trx-22223,7/28/2023,kalimantan,pertambangan,genset (generator set),2,212705812,425411624,won (berhasil),425411624
trx-21052,6/4/2023,jawa,konstruksi,excavator,1,2566022352,2566022352,lost (gagal),0
trx-20695,12/8/2022,jawa,manufaktur,genset (generator set),2,388416236,776832472,in progress,0
trx-21655,8/21/2021,sumatera,perkebunan,tractor agrikultur,3,1045136014,3135408042,lost (gagal),0
trx-21938,1/24/2022,kalimantan,manufaktur,forklift,3,220300655,660901965,in progress,0
trx-20045,2/27/2022,kalimantan,perkebunan,excavator,1,2477360586,2477360586,won (berhasil),2477360586
trx-22167,9/22/2023,sumatera,perkebunan,genset (generator set),5,380259259,1901296295,lost (gagal),0
trx-20544,10/22/2023,papua,konstruksi,forklift,5,543940011,2719700055,won (berhasil),2719700055
trx-21425,9/7/2023,jawa,konstruksi,genset (generator set),2,285485355,570970710,won (berhasil),570970710
trx-22168,11/2/2023,jawa,logistik & gudang,genset (generator set),1,144834237,144834237,lost (gagal),0
trx-20416,4/29/2023,sulawesi,perkebunan,excavator,1,2819139090,2819139090,won (berhasil),2819139090
trx-21814,8/21/2022,sulawesi,logistik & gudang,genset (generator set),1,204841889,204841889,won (berhasil),204841889
trx-21924,8/30/2023,jawa,logistik & gudang,genset (generator set),1,458285939,458285939,won (berhasil),458285939
trx-22079,2/22/2022,sumatera,konstruksi,forklift,4,407928255,1631713020,in progress,0
trx-20192,3/16/2022,sumatera,pertambangan,forklift,4,324542043,1298168172,won (berhasil),1298168172
trx-22909,9/23/2021,papua,pertambangan,excavator,2,2111211194,4222422388,in progress,0
trx-22917,10/31/2022,kalimantan,konstruksi,forklift,5,380568813,1902844065,won (berhasil),1902844065
trx-20314,2/22/2022,sulawesi,konstruksi,excavator,1,2137026056,2137026056,won (berhasil),2137026056
trx-20478,10/30/2022,papua,pertambangan,tractor agrikultur,2,1492032163,2984064326,won (berhasil),2984064326
trx-20354,2/22/2023,sulawesi,logistik & gudang,genset (generator set),4,415214165,1660856660,won (berhasil),1660856660
trx-20299,11/23/2022,sulawesi,perkebunan,tractor agrikultur,1,1085194603,1085194603,in progress,0
trx-21506,12/29/2021,sulawesi,pertambangan,tractor agrikultur,2,1403676503,2807353006,in progress,0
trx-21364,2/25/2022,kalimantan,pertambangan,genset (generator set),3,121261588,363784764,won (berhasil),363784764
trx-21242,10/15/2021,kalimantan,perkebunan,genset (generator set),1,454346417,454346417,won (berhasil),454346417
trx-22467,7/24/2023,sulawesi,manufaktur,excavator,1,1959036990,1959036990,in progress,0
trx-20727,10/1/2023,sulawesi,perkebunan,genset (generator set),5,204247309,1021236545,won (berhasil),1021236545
trx-22348,10/12/2023,kalimantan,pertambangan,excavator,1,1522306199,1522306199,won (berhasil),1522306199
trx-21084,7/9/2021,kalimantan,pertambangan,excavator,2,2944652213,5889304426,won (berhasil),5889304426
trx-20729,9/3/2021,sulawesi,manufaktur,tractor agrikultur,4,1219417393,4877669572,lost (gagal),0
trx-21954,7/23/2022,kalimantan,perkebunan,tractor agrikultur,2,1365182362,2730364724,in progress,0
trx-22878,4/21/2023,jawa,konstruksi,excavator,1,2002963534,2002963534,lost (gagal),0
trx-20842,2/25/2023,kalimantan,konstruksi,forklift,5,465064909,2325324545,won (berhasil),2325324545
trx-22345,2/9/2021,papua,konstruksi,forklift,1,364479685,364479685,in progress,0
trx-20432,6/25/2021,sumatera,manufaktur,tractor agrikultur,2,1089648610,2179297220,lost (gagal),0
trx-22570,7/28/2022,kalimantan,pertambangan,tractor agrikultur,1,859749620,859749620,won (berhasil),859749620
trx-22579,1/12/2021,kalimantan,pertambangan,forklift,3,410168344,1230505032,won (berhasil),1230505032
trx-20175,5/13/2023,kalimantan,perkebunan,genset (generator set),2,157670164,315340328,won (berhasil),315340328
trx-20256,2/17/2022,kalimantan,perkebunan,forklift,3,505926143,1517778429,won (berhasil),1517778429
trx-22118,3/4/2022,papua,konstruksi,excavator,2,2926559936,5853119872,won (berhasil),5853119872
trx-22403,10/31/2021,sumatera,pertambangan,genset (generator set),2,217263033,434526066,won (berhasil),434526066
trx-20443,8/4/2021,papua,manufaktur,genset (generator set),1,313059443,313059443,lost (gagal),0
trx-21336,3/22/2021,sulawesi,pertambangan,genset (generator set),3,186588414,559765242,won (berhasil),559765242
trx-22151,1/20/2023,jawa,perkebunan,tractor agrikultur,5,1191954420,5959772100,lost (gagal),0
trx-22297,2/21/2023,papua,perkebunan,tractor agrikultur,5,1168625680,5843128400,lost (gagal),0
trx-21839,4/10/2021,sulawesi,perkebunan,excavator,1,2250601264,2250601264,lost (gagal),0
trx-22793,7/29/2021,sumatera,perkebunan,tractor agrikultur,3,1461252193,4383756579,won (berhasil),4383756579
trx-22772,10/22/2021,jawa,manufaktur,forklift,1,268216354,268216354,won (berhasil),268216354
trx-22769,11/6/2021,papua,manufaktur,excavator,1,2574891102,2574891102,won (berhasil),2574891102
trx-22594,3/14/2023,kalimantan,logistik & gudang,tractor agrikultur,2,1104932494,2209864988,lost (gagal),0
trx-22322,5/5/2022,papua,pertambangan,genset (generator set),5,404801265,2024006325,won (berhasil),2024006325
trx-22299,3/3/2023,sumatera,logistik & gudang,forklift,3,519628907,1558886721,won (berhasil),1558886721
trx-20196,11/23/2021,kalimantan,konstruksi,tractor agrikultur,5,807161992,4035809960,lost (gagal),0
trx-21909,5/25/2022,papua,logistik & gudang,genset (generator set),1,150757048,150757048,won (berhasil),150757048
trx-20170,4/15/2023,kalimantan,perkebunan,tractor agrikultur,3,871305573,2613916719,won (berhasil),2613916719
trx-22826,10/29/2022,sumatera,konstruksi,tractor agrikultur,3,1082013815,3246041445,lost (gagal),0
trx-20088,10/23/2022,sulawesi,pertambangan,genset (generator set),2,280897878,561795756,won (berhasil),561795756
trx-21480,8/4/2022,kalimantan,perkebunan,excavator,2,1943760802,3887521604,won (berhasil),3887521604
trx-20829,5/23/2022,sulawesi,logistik & gudang,tractor agrikultur,2,1278697531,2557395062,won (berhasil),2557395062
trx-20270,10/1/2021,sumatera,pertambangan,tractor agrikultur,5,1111064359,5555321795,lost (gagal),0
trx-22922,4/13/2021,papua,konstruksi,genset (generator set),5,147041716,735208580,won (berhasil),735208580
trx-21047,1/18/2023,papua,pertambangan,tractor agrikultur,3,1440932710,4322798130,won (berhasil),4322798130
trx-20810,5/14/2022,papua,logistik & gudang,tractor agrikultur,5,1215847920,6079239600,won (berhasil),6079239600
trx-20650,8/10/2022,sulawesi,perkebunan,tractor agrikultur,5,1373176070,6865880350,won (berhasil),6865880350
trx-21114,10/27/2022,jawa,pertambangan,excavator,2,1911856951,3823713902,won (berhasil),3823713902
trx-22635,3/30/2023,sumatera,perkebunan,forklift,3,591381824,1774145472,lost (gagal),0
trx-21237,9/11/2021,jawa,konstruksi,genset (generator set),4,166509156,666036624,won (berhasil),666036624
trx-20152,5/16/2022,papua,perkebunan,forklift,3,411698797,1235096391,won (berhasil),1235096391
trx-21740,4/17/2021,sumatera,manufaktur,genset (generator set),1,344212957,344212957,won (berhasil),344212957
trx-22285,11/13/2023,jawa,manufaktur,tractor agrikultur,4,830965931,3323863724,lost (gagal),0
trx-21657,3/21/2023,sumatera,pertambangan,tractor agrikultur,2,1230872179,2461744358,won (berhasil),2461744358
trx-21410,11/18/2021,kalimantan,konstruksi,forklift,5,216218591,1081092955,lost (gagal),0
trx-20289,9/25/2022,sulawesi,perkebunan,genset (generator set),5,148563234,742816170,lost (gagal),0
trx-21817,12/29/2023,papua,pertambangan,forklift,3,283736825,851210475,won (berhasil),851210475
trx-22934,2/16/2023,papua,perkebunan,genset (generator set),4,243436532,973746128,won (berhasil),973746128
trx-21268,3/8/2023,papua,pertambangan,tractor agrikultur,1,940647662,940647662,won (berhasil),940647662
trx-22788,6/8/2022,sumatera,perkebunan,genset (generator set),2,402250615,804501230,lost (gagal),0
trx-22104,4/12/2021,jawa,logistik & gudang,genset (generator set),1,185115967,185115967,won (berhasil),185115967
trx-20449,12/2/2023,papua,pertambangan,excavator,1,2089772103,2089772103,won (berhasil),2089772103
trx-21966,7/26/2021,kalimantan,konstruksi,tractor agrikultur,2,1122380885,2244761770,lost (gagal),0
trx-20930,2/11/2023,kalimantan,pertambangan,excavator,2,2587621059,5175242118,won (berhasil),5175242118
trx-20257,3/12/2023,sumatera,konstruksi,forklift,2,463576546,927153092,in progress,0
trx-21216,4/4/2022,sumatera,perkebunan,excavator,2,2509679822,5019359644,won (berhasil),5019359644
trx-21621,2/12/2022,papua,konstruksi,excavator,2,2158281265,4316562530,won (berhasil),4316562530
trx-20682,8/3/2022,sumatera,perkebunan,excavator,2,1535304204,3070608408,won (berhasil),3070608408
trx-22228,3/6/2023,kalimantan,pertambangan,genset (generator set),5,222879215,1114396075,lost (gagal),0
trx-22441,1/25/2023,sulawesi,perkebunan,excavator,2,2600815223,5201630446,lost (gagal),0
trx-21714,1/29/2023,kalimantan,pertambangan,excavator,1,1714881823,1714881823,won (berhasil),1714881823
trx-20067,11/9/2021,papua,pertambangan,genset (generator set),1,197345131,197345131,lost (gagal),0
trx-21455,9/12/2022,jawa,logistik & gudang,genset (generator set),1,171088611,171088611,lost (gagal),0
trx-22582,11/20/2022,papua,pertambangan,excavator,2,2502372941,5004745882,lost (gagal),0
trx-22447,5/7/2023,papua,konstruksi,excavator,1,2544309551,2544309551,lost (gagal),0
trx-22768,4/5/2021,sumatera,perkebunan,forklift,1,570970215,570970215,won (berhasil),570970215
trx-21640,10/29/2021,kalimantan,perkebunan,genset (generator set),4,110786646,443146584,won (berhasil),443146584
trx-21099,12/27/2023,kalimantan,pertambangan,forklift,2,278014625,556029250,won (berhasil),556029250
trx-20736,12/28/2023,kalimantan,konstruksi,genset (generator set),3,153478393,460435179,won (berhasil),460435179
trx-20511,9/18/2022,papua,konstruksi,excavator,1,2199360547,2199360547,won (berhasil),2199360547
trx-21871,10/22/2021,sulawesi,logistik & gudang,excavator,2,2372478739,4744957478,won (berhasil),4744957478
trx-21151,2/1/2023,sumatera,konstruksi,tractor agrikultur,2,1090228755,2180457510,won (berhasil),2180457510
trx-21609,5/31/2023,sumatera,perkebunan,tractor agrikultur,5,1376645460,6883227300,lost (gagal),0
trx-20124,2/26/2023,kalimantan,pertambangan,excavator,1,2851344633,2851344633,won (berhasil),2851344633
trx-22505,11/3/2023,papua,pertambangan,forklift,1,1654925111,1654925111,won (berhasil),1654925111
trx-21159,8/14/2022,kalimantan,manufaktur,excavator,1,2699370951,2699370951,won (berhasil),2699370951
trx-20506,5/6/2023,papua,logistik & gudang,genset (generator set),4,498109181,1992436724,won (berhasil),1992436724
trx-22040,5/7/2021,sulawesi,perkebunan,forklift,5,557673653,2788368265,won (berhasil),2788368265
trx-21373,12/22/2022,jawa,logistik & gudang,forklift,1,581756986,581756986,won (berhasil),581756986
trx-22307,7/18/2022,sulawesi,konstruksi,genset (generator set),2,333838446,667676892,won (berhasil),667676892
trx-21037,9/26/2021,papua,konstruksi,forklift,1,367188291,367188291,won (berhasil),367188291
trx-22644,3/30/2021,sumatera,perkebunan,forklift,2,587739987,1175479974,won (berhasil),1175479974
trx-21149,2/12/2023,sulawesi,perkebunan,tractor agrikultur,4,1133941863,4535767452,won (berhasil),4535767452
trx-20612,6/17/2023,sulawesi,manufaktur,genset (generator set),1,325554149,325554149,lost (gagal),0
trx-21786,9/20/2022,kalimantan,pertambangan,excavator,1,1964815380,1964815380,lost (gagal),0
trx-22905,10/7/2022,jawa,manufaktur,genset (generator set),5,297856348,1489281740,won (berhasil),1489281740
trx-22030,8/3/2021,sumatera,konstruksi,forklift,4,248902066,995608264,lost (gagal),0
trx-21760,6/7/2022,papua,pertambangan,genset (generator set),3,268315916,804947748,in progress,0
trx-20594,12/26/2021,sumatera,manufaktur,tractor agrikultur,4,1285513009,5142052036,lost (gagal),0
trx-20990,2/2/2022,sumatera,konstruksi,tractor agrikultur,1,1455387413,1455387413,in progress,0
trx-22523,3/31/2023,sulawesi,pertambangan,genset (generator set),2,139595550,279191100,lost (gagal),0
trx-20291,6/6/2021,papua,manufaktur,forklift,5,206120193,1030600965,won (berhasil),1030600965
trx-21872,5/18/2023,sumatera,logistik & gudang,tractor agrikultur,2,962282769,1924565538,lost (gagal),0
trx-21803,1/25/2023,jawa,perkebunan,excavator,1,2159165988,2159165988,in progress,0
trx-20080,6/14/2022,sumatera,manufaktur,excavator,2,2113800194,4227600388,lost (gagal),0
trx-22684,12/30/2023,sulawesi,manufaktur,tractor agrikultur,1,1226162449,1226162449,won (berhasil),1226162449
trx-21979,12/29/2022,jawa,perkebunan,genset (generator set),5,287992185,1439960925,won (berhasil),1439960925
trx-20942,10/15/2021,sulawesi,perkebunan,forklift,5,334966056,1674830280,in progress,0
trx-21356,8/22/2022,kalimantan,konstruksi,forklift,4,579838751,2319355004,won (berhasil),2319355004
trx-20408,9/8/2021,papua,pertambangan,genset (generator set),1,161879239,161879239,won (berhasil),161879239
trx-21801,5/24/2023,kalimantan,pertambangan,tractor agrikultur,4,1253707352,5014829408,lost (gagal),0
trx-20940,12/28/2022,sumatera,pertambangan,genset (generator set),1,256482786,256482786,won (berhasil),256482786
trx-22314,12/9/2023,sulawesi,logistik & gudang,tractor agrikultur,4,1076675323,4306701292,won (berhasil),4306701292
trx-22159,5/3/2023,jawa,logistik & gudang,excavator,1,2499681820,2499681820,won (berhasil),2499681820
trx-20368,3/21/2021,papua,logistik & gudang,excavator,1,2083158279,2083158279,won (berhasil),2083158279
trx-21725,10/23/2022,papua,logistik & gudang,excavator,2,2481758369,4963516738,in progress,0
trx-20857,10/29/2021,sumatera,perkebunan,forklift,1,439526551,439526551,lost (gagal),0
trx-21491,5/31/2023,sumatera,pertambangan,genset (generator set),2,190227763,380455526,in progress,0
trx-20141,4/13/2021,jawa,pertambangan,forklift,1,357545605,357545605,won (berhasil),357545605
trx-22115,11/19/2022,kalimantan,manufaktur,genset (generator set),4,265299869,1061199476,won (berhasil),1061199476
trx-22880,7/17/2023,sulawesi,manufaktur,tractor agrikultur,5,834629335,4173146675,in progress,0
trx-20819,11/29/2021,papua,perkebunan,excavator,2,1807278475,3614556950,won (berhasil),3614556950
trx-21110,7/12/2021,jawa,manufaktur,excavator,2,1836367997,3672735994,in progress,0
trx-20555,3/21/2022,papua,konstruksi,tractor agrikultur,5,845814607,4229073035,lost (gagal),0
trx-20859,2/5/2021,kalimantan,perkebunan,genset (generator set),2,230916232,461832464,lost (gagal),0
trx-22396,8/1/2023,sumatera,pertambangan,excavator,2,1884991866,3769983732,lost (gagal),0
trx-22071,11/12/2021,kalimantan,manufaktur,forklift,3,519244920,1557734760,won (berhasil),1557734760
trx-20599,7/15/2022,kalimantan,pertambangan,excavator,2,2421533286,4843066572,won (berhasil),4843066572
trx-21712,12/23/2021,sulawesi,manufaktur,excavator,1,1721655217,1721655217,lost (gagal),0
trx-20177,2/4/2021,sulawesi,pertambangan,genset (generator set),1,299013331,299013331,in progress,0
trx-21483,12/12/2023,sumatera,perkebunan,tractor agrikultur,3,1247448001,3742344003,won (berhasil),3742344003
trx-21694,11/4/2021,papua,pertambangan,tractor agrikultur,5,1345004063,6725020315,won (berhasil),6725020315
trx-21703,10/2/2021,papua,pertambangan,forklift,3,366976158,1100928474,won (berhasil),1100928474
trx-22127,7/11/2021,kalimantan,perkebunan,genset (generator set),3,160370795,481112385,lost (gagal),0
trx-22783,1/3/2021,papua,pertambangan,tractor agrikultur,3,1216153942,3648461826,won (berhasil),3648461826
trx-20183,1/27/2022,papua,manufaktur,forklift,3,503281224,1509843672,won (berhasil),1509843672
trx-21343,3/11/2022,kalimantan,manufaktur,excavator,2,2708666726,5417333452,won (berhasil),5417333452
trx-21323,3/23/2022,kalimantan,konstruksi,excavator,1,2064466099,2064466099,won (berhasil),2064466099
trx-20867,11/26/2022,kalimantan,konstruksi,genset (generator set),1,476898999,476898999,won (berhasil),476898999
trx-22580,9/22/2023,sumatera,konstruksi,genset (generator set),4,359500712,1438002848,won (berhasil),1438002848
trx-22573,2/19/2022,sumatera,perkebunan,tractor agrikultur,5,841887898,4209439490,in progress,0
trx-20670,11/30/2022,unknown,pertambangan,tractor agrikultur,1,913986624,913986624,won (berhasil),913986624
trx-21727,3/26/2023,jawa,lainnya,tractor agrikultur,5,1431359924,7156799620,won (berhasil),7156799620
trx-21089,12/19/2022,kalimantan,pertambangan,genset (generator set),4,353691591,1414766364,won (berhasil),1414766364
trx-22722,5/23/2023,kalimantan,pertambangan,tractor agrikultur,5,1162140410,5810702050,lost (gagal),0
trx-21873,6/2/2023,papua,manufaktur,genset (generator set),3,280191086,840573258,won (berhasil),840573258
trx-21260,8/19/2022,jawa,manufaktur,excavator,1,2212580321,2212580321,lost (gagal),0
trx-20162,9/15/2023,sulawesi,logistik & gudang,tractor agrikultur,5,820179469,4100897345,won (berhasil),4100897345
trx-22448,8/15/2021,sumatera,perkebunan,excavator,1,1730930002,1730930002,won (berhasil),1730930002
trx-22946,10/9/2021,jawa,konstruksi,excavator,1,2484434513,2484434513,won (berhasil),2484434513
trx-21253,7/31/2021,jawa,pertambangan,forklift,1,535228370,535228370,lost (gagal),0
trx-22531,7/2/2023,sulawesi,perkebunan,tractor agrikultur,1,1303033060,1303033060,won (berhasil),1303033060
trx-22863,9/27/2023,sulawesi,pertambangan,genset (generator set),4,430859349,1723437396,won (berhasil),1723437396
trx-21878,12/18/2023,jawa,manufaktur,excavator,1,2737552185,2737552185,won (berhasil),2737552185
trx-20030,7/21/2023,jawa,konstruksi,excavator,2,2326855372,4653710744,won (berhasil),4653710744
trx-20433,5/15/2022,kalimantan,manufaktur,forklift,5,414135456,2070677280,won (berhasil),2070677280
trx-20817,6/18/2022,sulawesi,logistik & gudang,excavator,1,1581118581,1581118581,won (berhasil),1581118581
trx-20173,3/31/2023,kalimantan,pertambangan,forklift,4,456780461,1827121844,lost (gagal),0
trx-21921,1/22/2022,papua,pertambangan,forklift,4,415946556,1663786224,won (berhasil),1663786224
trx-20296,5/9/2023,sulawesi,perkebunan,genset (generator set),3,241191929,723575787,lost (gagal),0
trx-20325,2/3/2023,sumatera,logistik & gudang,excavator,2,1688525416,3377050832,won (berhasil),3377050832
trx-21213,11/8/2023,sumatera,pertambangan,forklift,4,536317627,2145270508,won (berhasil),2145270508
trx-22948,10/18/2022,sulawesi,perkebunan,excavator,1,1935601675,1935601675,won (berhasil),1935601675
trx-20945,1/15/2021,sulawesi,perkebunan,tractor agrikultur,1,1278951638,1278951638,lost (gagal),0
trx-20744,8/18/2023,sulawesi,pertambangan,genset (generator set),1,104994919,104994919,won (berhasil),104994919
trx-21222,4/3/2023,sumatera,perkebunan,excavator,1,2528358096,2528358096,in progress,0
trx-20794,1/30/2023,jawa,konstruksi,genset (generator set),4,148553640,594214560,lost (gagal),0
trx-21426,4/6/2023,papua,konstruksi,forklift,3,312184084,936552252,lost (gagal),0
trx-22751,8/18/2023,jawa,konstruksi,tractor agrikultur,5,1284914369,6424571845,won (berhasil),6424571845
trx-21362,6/26/2023,sulawesi,manufaktur,genset (generator set),5,264081311,1320406555,won (berhasil),1320406555
trx-21587,9/20/2023,jawa,perkebunan,excavator,1,2784642214,2784642214,won (berhasil),2784642214
trx-21097,12/15/2022,sulawesi,manufaktur,tractor agrikultur,2,950023471,1900046942,won (berhasil),1900046942
trx-22268,7/3/2023,jawa,manufaktur,forklift,4,587522366,2350089464,won (berhasil),2350089464
trx-22092,9/24/2022,papua,perkebunan,tractor agrikultur,2,894251853,1788503706,won (berhasil),1788503706
trx-20073,1/8/2022,unknown,perkebunan,forklift,2,391813881,783627762,won (berhasil),783627762
trx-22947,12/31/2021,jawa,konstruksi,tractor agrikultur,4,971104676,3884418704,won (berhasil),3884418704
trx-22328,8/19/2022,papua,konstruksi,excavator,2,2398400184,4796800368,won (berhasil),4796800368
trx-21361,8/8/2023,papua,manufaktur,tractor agrikultur,1,1410035206,1410035206,won (berhasil),1410035206
trx-21780,5/4/2022,jawa,konstruksi,tractor agrikultur,3,828098433,2484295299,won (berhasil),2484295299
trx-21161,12/18/2022,jawa,pertambangan,tractor agrikultur,1,942187685,942187685,lost (gagal),0
trx-21450,11/22/2021,sumatera,perkebunan,forklift,4,208620870,834483480,lost (gagal),0
trx-21937,12/5/2021,jawa,logistik & gudang,excavator,2,2860513994,5721027988,lost (gagal),0
trx-22882,9/11/2021,sumatera,pertambangan,excavator,1,2580084597,2580084597,won (berhasil),2580084597
trx-21745,10/25/2021,sumatera,perkebunan,tractor agrikultur,5,1201123153,6005615765,won (berhasil),6005615765
trx-20602,1/1/2023,jawa,manufaktur,forklift,1,533358566,533358566,lost (gagal),0
trx-20471,10/31/2022,sulawesi,konstruksi,excavator,1,1512503351,1512503351,won (berhasil),1512503351
trx-22443,4/1/2023,sulawesi,perkebunan,forklift,1,435911563,435911563,won (berhasil),435911563
trx-20962,5/3/2023,kalimantan,konstruksi,forklift,1,449837507,449837507,lost (gagal),0
trx-22517,7/1/2022,kalimantan,pertambangan,tractor agrikultur,1,1043094261,1043094261,won (berhasil),1043094261
trx-20567,7/25/2023,jawa,perkebunan,forklift,4,499389631,1997558524,in progress,0
trx-22271,2/24/2021,papua,logistik & gudang,forklift,1,508407223,508407223,in progress,0
trx-22387,4/13/2021,papua,perkebunan,forklift,3,296529845,889589535,lost (gagal),0
trx-21833,8/16/2023,kalimantan,manufaktur,genset (generator set),2,336717830,673435660,lost (gagal),0
trx-21586,9/6/2021,kalimantan,perkebunan,forklift,5,509474139,2547370695,won (berhasil),2547370695
trx-21601,2/9/2023,sulawesi,konstruksi,tractor agrikultur,3,1316904342,3950713026,won (berhasil),3950713026
trx-20324,2/7/2021,sulawesi,pertambangan,tractor agrikultur,1,1315497303,1315497303,won (berhasil),1315497303
trx-21064,7/17/2023,sumatera,perkebunan,tractor agrikultur,4,1177996254,4711985016,won (berhasil),4711985016
trx-22940,3/23/2021,jawa,manufaktur,tractor agrikultur,2,1239700197,2479400394,won (berhasil),2479400394
trx-20680,10/3/2021,sulawesi,konstruksi,forklift,4,458626675,1834506700,lost (gagal),0
trx-20485,4/2/2021,papua,konstruksi,forklift,2,567391488,1134782976,won (berhasil),1134782976
trx-22254,5/11/2023,sulawesi,konstruksi,forklift,3,222620597,667861791,won (berhasil),667861791
trx-22131,10/17/2021,jawa,konstruksi,forklift,5,229831683,1149158415,in progress,0
trx-20678,6/18/2023,jawa,pertambangan,excavator,1,1665447526,1665447526,won (berhasil),1665447526
trx-21616,4/6/2022,jawa,pertambangan,tractor agrikultur,3,1379130950,4137392850,won (berhasil),4137392850
trx-21711,10/9/2022,kalimantan,pertambangan,excavator,1,2751354059,2751354059,won (berhasil),2751354059
trx-20239,1/11/2021,jawa,manufaktur,genset (generator set),4,285785642,1143142568,lost (gagal),0
trx-22689,10/14/2022,jawa,perkebunan,excavator,2,2606080093,5212160186,won (berhasil),5212160186
trx-22186,2/24/2021,papua,pertambangan,forklift,4,451672358,1806689432,lost (gagal),0
trx-22775,8/4/2021,sulawesi,konstruksi,tractor agrikultur,3,1353994580,4061983740,won (berhasil),4061983740
trx-22476,1/12/2021,jawa,perkebunan,excavator,2,2347227470,4694454940,won (berhasil),4694454940
trx-21860,10/21/2022,sulawesi,manufaktur,forklift,2,527244522,1054489044,lost (gagal),0
trx-20900,3/17/2022,jawa,logistik & gudang,excavator,1,2780997725,2780997725,won (berhasil),2780997725
trx-21174,4/6/2021,papua,konstruksi,forklift,4,592582503,2370330012,in progress,0
trx-20881,8/25/2023,papua,pertambangan,forklift,3,305544655,916633965,lost (gagal),0
trx-21061,7/19/2022,jawa,perkebunan,excavator,2,2572909989,5145819978,lost (gagal),0
trx-22813,3/12/2022,sulawesi,pertambangan,excavator,1,1952591591,1952591591,won (berhasil),1952591591
trx-20411,1/12/2021,sumatera,perkebunan,forklift,4,202653569,810614276,won (berhasil),810614276
trx-21133,1/4/2021,kalimantan,perkebunan,excavator,2,2617765181,5235530362,in progress,0
trx-20605,4/23/2021,sumatera,konstruksi,genset (generator set),4,109079276,436317104,lost (gagal),0
trx-21689,5/5/2022,sumatera,logistik & gudang,tractor agrikultur,4,1013350429,4053401716,won (berhasil),4053401716
trx-22425,10/4/2021,sumatera,konstruksi,tractor agrikultur,3,828507485,2485522455,won (berhasil),2485522455
trx-22472,12/27/2021,sulawesi,perkebunan,genset (generator set),3,343772223,1031316669,lost (gagal),0
trx-22225,7/15/2021,papua,pertambangan,genset (generator set),4,323795302,1295181208,won (berhasil),1295181208
trx-20610,12/24/2023,sulawesi,konstruksi,excavator,2,2006149642,4012299284,lost (gagal),0
trx-20621,2/22/2023,jawa,pertambangan,excavator,2,1525984648,3051969296,won (berhasil),3051969296
trx-22656,2/26/2021,kalimantan,pertambangan,forklift,1,557861495,557861495,won (berhasil),557861495
trx-20535,4/6/2021,sulawesi,logistik & gudang,genset (generator set),2,249475563,498951126,won (berhasil),498951126
trx-22990,7/4/2023,kalimantan,pertambangan,forklift,3,206232214,618696642,lost (gagal),0
trx-21650,6/23/2021,jawa,manufaktur,forklift,4,376340606,1505362424,won (berhasil),1505362424
trx-20414,6/18/2021,kalimantan,pertambangan,excavator,1,2949886719,2949886719,won (berhasil),2949886719
trx-20772,4/15/2021,sumatera,perkebunan,genset (generator set),5,373110253,1865551265,won (berhasil),1865551265
trx-20564,10/24/2023,jawa,manufaktur,genset (generator set),1,113503149,113503149,lost (gagal),0
trx-20532,5/11/2021,papua,pertambangan,forklift,1,396476147,396476147,won (berhasil),396476147
trx-22512,8/25/2021,sulawesi,perkebunan,forklift,3,553991686,1661975058,won (berhasil),1661975058
trx-20108,1/22/2023,sulawesi,konstruksi,forklift,5,494519816,2472599080,won (berhasil),2472599080
trx-22711,1/24/2021,jawa,perkebunan,forklift,5,201538909,1007694545,won (berhasil),1007694545
trx-22509,9/6/2023,kalimantan,konstruksi,tractor agrikultur,1,1449820318,1449820318,won (berhasil),1449820318
trx-20479,7/29/2021,sulawesi,logistik & gudang,tractor agrikultur,5,806207673,4031038365,lost (gagal),0
trx-21784,6/22/2022,papua,pertambangan,genset (generator set),3,348681059,1046043177,lost (gagal),0
trx-20318,2/6/2021,sulawesi,manufaktur,genset (generator set),1,405530642,405530642,won (berhasil),405530642
trx-21094,3/15/2022,sulawesi,manufaktur,tractor agrikultur,2,893128058,1786256116,won (berhasil),1786256116
trx-22721,5/1/2021,sumatera,pertambangan,excavator,2,2629212941,5258425882,lost (gagal),0
trx-22609,2/11/2023,sulawesi,pertambangan,excavator,1,2030777543,2030777543,won (berhasil),2030777543
trx-21244,3/30/2022,sumatera,perkebunan,excavator,1,2374313324,2374313324,won (berhasil),2374313324
trx-21829,10/19/2022,sumatera,pertambangan,forklift,4,296073034,1184292136,won (berhasil),1184292136
trx-20402,4/21/2023,papua,manufaktur,genset (generator set),5,429688476,2148442380,won (berhasil),2148442380
trx-21474,9/26/2021,papua,perkebunan,tractor agrikultur,3,1347622055,4042866165,lost (gagal),0
trx-20805,9/21/2022,sulawesi,konstruksi,forklift,1,472789153,472789153,lost (gagal),0
trx-21960,11/10/2021,sulawesi,perkebunan,forklift,2,408321223,816642446,lost (gagal),0
trx-22410,12/10/2021,sulawesi,perkebunan,genset (generator set),5,145891677,729458385,lost (gagal),0
trx-22457,5/30/2023,sulawesi,logistik & gudang,excavator,2,1774989694,3549979388,won (berhasil),3549979388
trx-21729,12/13/2023,papua,konstruksi,excavator,2,2932802804,5865605608,won (berhasil),5865605608
trx-20387,4/19/2021,papua,pertambangan,excavator,2,2430958982,4861917964,won (berhasil),4861917964
trx-20874,11/28/2023,sulawesi,logistik & gudang,forklift,5,565741169,2828705845,won (berhasil),2828705845
trx-21211,8/3/2021,jawa,pertambangan,tractor agrikultur,3,835742140,2507226420,lost (gagal),0
trx-22930,2/21/2021,jawa,logistik & gudang,tractor agrikultur,1,1336200157,1336200157,won (berhasil),1336200157
trx-20527,11/8/2022,sulawesi,perkebunan,excavator,1,1651276720,1651276720,won (berhasil),1651276720
trx-21518,5/25/2023,sulawesi,manufaktur,tractor agrikultur,4,1461715872,5846863488,in progress,0
trx-21557,3/6/2022,jawa,konstruksi,genset (generator set),4,307897204,1231588816,won (berhasil),1231588816
trx-22837,2/5/2022,sumatera,manufaktur,tractor agrikultur,1,846481756,846481756,won (berhasil),846481756
trx-21337,8/28/2021,kalimantan,pertambangan,genset (generator set),3,178748438,536245314,won (berhasil),536245314
trx-22622,9/28/2021,sumatera,logistik & gudang,forklift,2,360801609,721603218,won (berhasil),721603218
trx-20070,6/24/2021,sumatera,manufaktur,tractor agrikultur,2,1349194230,2698388460,lost (gagal),0
trx-22953,7/30/2023,sulawesi,pertambangan,genset (generator set),2,448884843,897769686,won (berhasil),897769686
trx-21939,7/12/2021,kalimantan,perkebunan,forklift,5,574072084,2870360420,won (berhasil),2870360420
trx-21820,8/28/2023,kalimantan,konstruksi,tractor agrikultur,2,1008384241,2016768482,won (berhasil),2016768482
trx-20807,7/8/2022,papua,perkebunan,forklift,2,358026479,716052958,won (berhasil),716052958
trx-21675,12/8/2023,sumatera,perkebunan,tractor agrikultur,4,864861244,3459444976,lost (gagal),0
trx-21411,3/13/2023,kalimantan,konstruksi,tractor agrikultur,4,1192250328,4769001312,won (berhasil),4769001312
trx-22639,7/18/2023,jawa,logistik & gudang,excavator,1,2497762954,2497762954,lost (gagal),0
trx-22262,11/17/2023,kalimantan,pertambangan,genset (generator set),2,310000081,620000162,won (berhasil),620000162
trx-22856,4/18/2023,papua,pertambangan,genset (generator set),4,310323698,1241294792,won (berhasil),1241294792
trx-20309,11/25/2022,kalimantan,pertambangan,excavator,2,2238485915,4476971830,won (berhasil),4476971830
trx-20911,12/31/2023,sulawesi,logistik & gudang,forklift,3,581556681,1744670043,won (berhasil),1744670043
trx-20999,7/17/2022,papua,pertambangan,excavator,1,2554084579,2554084579,won (berhasil),2554084579
trx-21001,11/21/2022,sulawesi,logistik & gudang,genset (generator set),3,369915948,1109747844,lost (gagal),0
trx-20840,9/21/2021,jawa,pertambangan,excavator,2,2628581739,5257163478,lost (gagal),0
trx-22493,11/5/2023,sumatera,perkebunan,genset (generator set),5,477960605,2389803025,won (berhasil),2389803025
trx-20393,12/29/2022,jawa,logistik & gudang,excavator,1,1808048529,1808048529,won (berhasil),1808048529
trx-20486,6/26/2023,sulawesi,manufaktur,tractor agrikultur,4,1365627270,5462509080,won (berhasil),5462509080
trx-21393,8/22/2023,jawa,pertambangan,tractor agrikultur,2,1244624985,2489249970,won (berhasil),2489249970
trx-21709,10/10/2021,sumatera,perkebunan,excavator,2,1716798483,3433596966,won (berhasil),3433596966
trx-21572,11/10/2023,jawa,perkebunan,excavator,2,2502478610,5004957220,lost (gagal),0
trx-22130,9/4/2021,sumatera,manufaktur,forklift,3,516896310,1550688930,in progress,0
trx-22933,4/30/2021,sumatera,konstruksi,excavator,1,2146760874,2146760874,won (berhasil),2146760874
trx-20637,8/1/2023,sulawesi,manufaktur,genset (generator set),3,293020733,879062199,won (berhasil),879062199
trx-21057,3/19/2023,jawa,logistik & gudang,tractor agrikultur,4,1245698919,4982795676,lost (gagal),0
trx-21029,11/24/2021,sulawesi,konstruksi,forklift,1,520701104,520701104,in progress,0
trx-22279,1/24/2021,sumatera,konstruksi,tractor agrikultur,2,1262160546,2524321092,won (berhasil),2524321092
trx-20601,10/12/2022,papua,perkebunan,genset (generator set),3,437344811,1312034433,lost (gagal),0
trx-22204,9/27/2022,kalimantan,pertambangan,tractor agrikultur,1,1455626595,1455626595,won (berhasil),1455626595
trx-22710,5/5/2021,sumatera,konstruksi,tractor agrikultur,1,1376828682,1376828682,lost (gagal),0
trx-21845,6/15/2023,papua,perkebunan,excavator,2,2439481868,4878963736,lost (gagal),0
trx-22671,5/17/2021,jawa,manufaktur,genset (generator set),2,160348964,320697928,won (berhasil),320697928
trx-21626,8/19/2021,sumatera,konstruksi,forklift,1,2613498660,2613498660,lost (gagal),0
trx-20436,1/7/2022,jawa,logistik & gudang,tractor agrikultur,5,1365757502,6828787510,won (berhasil),6828787510
trx-22174,1/14/2023,jawa,perkebunan,tractor agrikultur,1,1291006384,1291006384,lost (gagal),0
trx-20120,9/26/2022,jawa,konstruksi,forklift,1,287615016,287615016,in progress,0
trx-21525,6/8/2021,sumatera,pertambangan,genset (generator set),3,465130223,1395390669,won (berhasil),1395390669
trx-22885,11/24/2023,sumatera,manufaktur,genset (generator set),1,168170031,168170031,in progress,0
trx-22610,7/4/2021,sulawesi,logistik & gudang,genset (generator set),1,201686247,201686247,won (berhasil),201686247
trx-20765,11/23/2023,sumatera,logistik & gudang,forklift,1,316374141,316374141,won (berhasil),316374141
trx-21777,8/17/2022,papua,konstruksi,genset (generator set),5,433606814,2168034070,in progress,0
trx-20313,10/18/2023,papua,konstruksi,tractor agrikultur,1,1454607687,1454607687,in progress,0
trx-21034,12/19/2021,kalimantan,pertambangan,genset (generator set),3,302386830,907160490,won (berhasil),907160490
trx-20233,12/8/2022,kalimantan,pertambangan,genset (generator set),2,431225033,862450066,lost (gagal),0
trx-22870,5/6/2023,jawa,pertambangan,tractor agrikultur,5,1030549984,5152749920,in progress,0
trx-21003,3/17/2023,sumatera,pertambangan,forklift,5,246948060,1234740300,won (berhasil),1234740300
trx-22982,1/11/2022,jawa,konstruksi,tractor agrikultur,5,1373625546,6868127730,lost (gagal),0
trx-22881,5/15/2021,papua,logistik & gudang,tractor agrikultur,5,1158607676,5793038380,won (berhasil),5793038380
trx-21288,8/19/2022,sumatera,manufaktur,genset (generator set),1,122091992,122091992,won (berhasil),122091992
trx-20111,9/18/2022,kalimantan,pertambangan,tractor agrikultur,1,1170696201,1170696201,won (berhasil),1170696201
trx-21251,2/13/2023,papua,manufaktur,tractor agrikultur,3,1455191264,4365573792,lost (gagal),0
trx-21190,10/14/2021,unknown,logistik & gudang,excavator,2,2889328171,5778656342,won (berhasil),5778656342
trx-20410,5/1/2022,papua,pertambangan,excavator,2,2263503502,4527007004,won (berhasil),4527007004
trx-20218,9/9/2021,unknown,perkebunan,forklift,3,571787035,1715361105,won (berhasil),1715361105
trx-22356,5/12/2022,papua,logistik & gudang,forklift,2,396440324,792880648,won (berhasil),792880648
trx-20761,10/21/2022,jawa,logistik & gudang,tractor agrikultur,5,874046937,4370234685,lost (gagal),0
trx-21467,2/5/2023,sumatera,perkebunan,forklift,5,488505649,2442528245,won (berhasil),2442528245
trx-21509,10/6/2021,papua,pertambangan,genset (generator set),4,400973138,1603892552,won (berhasil),1603892552
trx-20693,2/20/2023,sumatera,konstruksi,excavator,2,2705751493,5411502986,won (berhasil),5411502986
trx-20897,12/11/2023,unknown,perkebunan,forklift,5,238955491,1194777455,lost (gagal),0
trx-21564,11/9/2021,jawa,konstruksi,excavator,2,1629816994,3259633988,won (berhasil),3259633988
trx-22216,11/9/2023,jawa,manufaktur,forklift,3,272766546,818299638,won (berhasil),818299638
trx-20862,5/15/2022,kalimantan,pertambangan,forklift,5,573791493,2868957465,lost (gagal),0
trx-22045,10/1/2022,sumatera,perkebunan,genset (generator set),3,440635534,1321906602,lost (gagal),0
trx-21950,8/12/2022,kalimantan,konstruksi,excavator,1,2260770900,2260770900,won (berhasil),2260770900
trx-21677,1/17/2022,jawa,manufaktur,tractor agrikultur,3,1169950304,3509850912,lost (gagal),0
trx-22009,4/16/2021,kalimantan,perkebunan,tractor agrikultur,4,1430215343,5720861372,won (berhasil),5720861372
trx-21220,5/23/2022,sulawesi,pertambangan,forklift,4,250053701,1000214804,lost (gagal),0
trx-20361,2/15/2023,papua,pertambangan,genset (generator set),2,495829089,991658178,in progress,0
trx-20135,10/19/2023,jawa,konstruksi,excavator,1,2246203448,2246203448,won (berhasil),2246203448
trx-22725,2/14/2023,papua,pertambangan,excavator,1,1929629950,1929629950,lost (gagal),0
trx-22202,7/4/2022,jawa,perkebunan,forklift,4,527697015,2110788060,won (berhasil),2110788060
trx-20764,2/1/2021,kalimantan,pertambangan,genset (generator set),4,323873681,1295494724,won (berhasil),1295494724
trx-22293,1/24/2023,sumatera,perkebunan,tractor agrikultur,5,1287443817,6437219085,in progress,0
trx-20366,1/9/2021,papua,pertambangan,genset (generator set),3,247351132,742053396,in progress,0
trx-20979,7/6/2021,jawa,perkebunan,forklift,3,294061124,882183372,in progress,0
trx-20029,3/12/2021,sulawesi,perkebunan,excavator,1,2519692898,2519692898,won (berhasil),2519692898
trx-22542,10/6/2022,papua,pertambangan,excavator,1,1892691975,1892691975,lost (gagal),0
trx-20022,2/6/2022,papua,perkebunan,excavator,1,2426073387,2426073387,lost (gagal),0
trx-21929,1/28/2022,sulawesi,pertambangan,forklift,4,212429667,849718668,won (berhasil),849718668
trx-20869,7/6/2021,papua,pertambangan,forklift,4,546597033,2186388132,lost (gagal),0
trx-20926,11/22/2021,sulawesi,manufaktur,tractor agrikultur,4,1070121922,4280487688,lost (gagal),0
trx-20420,1/15/2023,kalimantan,pertambangan,tractor agrikultur,1,1428834231,1428834231,in progress,0
trx-21442,2/6/2021,kalimantan,pertambangan,excavator,2,1044549513,2089099026,won (berhasil),2089099026
trx-20460,1/6/2021,kalimantan,pertambangan,genset (generator set),1,243356702,243356702,in progress,0
trx-20043,8/24/2021,sumatera,perkebunan,forklift,5,295134369,1475671845,won (berhasil),1475671845
trx-20087,5/1/2023,kalimantan,pertambangan,genset (generator set),4,458905208,1835620832,lost (gagal),0
trx-22347,8/25/2022,papua,pertambangan,genset (generator set),1,370485855,370485855,won (berhasil),370485855
trx-22981,11/21/2022,kalimantan,pertambangan,genset (generator set),5,406417722,2032088610,won (berhasil),2032088610
trx-20282,7/28/2021,papua,pertambangan,tractor agrikultur,2,1230193774,2460387548,lost (gagal),0
trx-20976,6/13/2023,kalimantan,konstruksi,tractor agrikultur,3,1231046733,3693140199,lost (gagal),0
trx-20598,7/15/2022,sulawesi,pertambangan,tractor agrikultur,5,1265475638,6327378190,lost (gagal),0
trx-20685,8/20/2022,jawa,manufaktur,genset (generator set),5,486536993,2432684965,won (berhasil),2432684965
trx-22894,1/7/2021,kalimantan,perkebunan,genset (generator set),1,263361562,263361562,lost (gagal),0
trx-21374,4/9/2021,kalimantan,pertambangan,excavator,2,2257280025,4514560050,won (berhasil),4514560050
trx-20533,11/18/2021,sumatera,perkebunan,forklift,4,276357736,1105430944,won (berhasil),1105430944
trx-21134,10/4/2021,papua,konstruksi,tractor agrikultur,4,1223632112,4894528448,won (berhasil),4894528448
trx-22647,6/16/2023,sulawesi,pertambangan,genset (generator set),1,309032752,309032752,lost (gagal),0
trx-22446,9/20/2023,sumatera,perkebunan,genset (generator set),5,421577663,2107888315,won (berhasil),2107888315
trx-22429,9/10/2021,jawa,pertambangan,forklift,2,286678429,573356858,in progress,0
trx-22147,12/27/2022,sulawesi,konstruksi,genset (generator set),1,318971290,318971290,won (berhasil),318971290
trx-21326,6/26/2022,papua,logistik & gudang,forklift,1,413167362,413167362,won (berhasil),413167362
trx-22129,2/15/2021,kalimantan,lainnya,tractor agrikultur,4,1485674363,5942697452,won (berhasil),5942697452
trx-22669,1/5/2023,papua,pertambangan,tractor agrikultur,4,1411303745,5645214980,won (berhasil),5645214980
trx-22602,7/2/2021,kalimantan,konstruksi,excavator,2,1889978071,3779956142,in progress,0
trx-21036,5/18/2021,jawa,pertambangan,tractor agrikultur,1,1181416464,1181416464,won (berhasil),1181416464
trx-21543,5/11/2022,jawa,manufaktur,tractor agrikultur,4,1312097897,5248391588,lost (gagal),0
trx-22226,9/25/2023,kalimantan,pertambangan,genset (generator set),5,244636796,1223183980,won (berhasil),1223183980
trx-20679,10/23/2021,jawa,pertambangan,forklift,4,574210975,2296843900,lost (gagal),0
trx-21399,12/5/2023,sulawesi,perkebunan,tractor agrikultur,5,1129271811,5646359055,lost (gagal),0
trx-20221,1/19/2022,sumatera,perkebunan,genset (generator set),3,446373816,1339121448,won (berhasil),1339121448
trx-20543,5/21/2021,papua,perkebunan,excavator,1,1710709359,1710709359,won (berhasil),1710709359
trx-21263,9/8/2022,sumatera,manufaktur,forklift,3,466011469,1398034407,lost (gagal),0
trx-22176,5/8/2023,sumatera,perkebunan,tractor agrikultur,3,996167950,2988503850,won (berhasil),2988503850
trx-21178,1/29/2021,sumatera,perkebunan,excavator,2,2132122510,4264245020,won (berhasil),4264245020
trx-20582,9/18/2023,sumatera,perkebunan,forklift,2,527134973,1054269946,won (berhasil),1054269946
trx-21278,3/26/2021,sumatera,perkebunan,excavator,1,1709501022,1709501022,lost (gagal),0
trx-21453,12/22/2021,sulawesi,perkebunan,tractor agrikultur,2,1445193715,2890387430,in progress,0
trx-20718,7/16/2023,sulawesi,perkebunan,excavator,2,2921015235,5842030470,lost (gagal),0
trx-22102,10/11/2021,kalimantan,lainnya,forklift,4,469488833,1877955332,won (berhasil),1877955332
trx-20676,11/21/2021,sumatera,perkebunan,forklift,3,326511862,979535586,won (berhasil),979535586
trx-22144,5/16/2021,jawa,konstruksi,tractor agrikultur,4,1348420444,5393681776,won (berhasil),5393681776
trx-20272,5/13/2023,sumatera,perkebunan,excavator,2,921699152,1843398304,lost (gagal),0
trx-20521,2/13/2022,kalimantan,pertambangan,tractor agrikultur,1,848705165,848705165,in progress,0
trx-21370,4/14/2023,jawa,konstruksi,forklift,3,511860903,1535582709,lost (gagal),0
trx-20978,9/20/2021,papua,konstruksi,forklift,3,574787135,1724361405,won (berhasil),1724361405
trx-21005,3/22/2022,papua,manufaktur,excavator,2,1898802701,3797605402,won (berhasil),3797605402
trx-20937,8/22/2021,jawa,manufaktur,excavator,1,2890780693,2890780693,won (berhasil),2890780693
trx-20350,4/19/2022,sulawesi,logistik & gudang,genset (generator set),3,333947717,1001843151,lost (gagal),0
trx-21805,11/14/2022,jawa,perkebunan,forklift,1,232147264,232147264,lost (gagal),0
trx-21078,6/6/2021,jawa,perkebunan,tractor agrikultur,3,1202526500,3607579500,won (berhasil),3607579500
trx-22652,4/2/2022,sumatera,perkebunan,excavator,2,1610792380,3221584760,won (berhasil),3221584760
trx-21338,9/26/2022,kalimantan,konstruksi,genset (generator set),2,274884458,549768916,won (berhasil),549768916
trx-22636,11/20/2023,papua,pertambangan,genset (generator set),4,134235570,536942280,lost (gagal),0
trx-22513,10/24/2022,sulawesi,logistik & gudang,tractor agrikultur,1,871379078,871379078,won (berhasil),871379078
trx-22494,2/5/2022,sumatera,perkebunan,forklift,2,469603594,939207188,won (berhasil),939207188
trx-21330,9/24/2022,papua,manufaktur,genset (generator set),1,459468055,459468055,won (berhasil),459468055
trx-22539,10/18/2022,unknown,pertambangan,forklift,5,517646863,2588234315,won (berhasil),2588234315
trx-20168,5/4/2023,kalimantan,perkebunan,genset (generator set),1,240477780,240477780,lost (gagal),0
trx-20965,3/11/2023,sulawesi,konstruksi,tractor agrikultur,3,1027346806,3082040418,won (berhasil),3082040418
trx-21840,11/30/2021,sulawesi,konstruksi,genset (generator set),4,294413618,1177654472,in progress,0
trx-21321,11/27/2021,jawa,logistik & gudang,excavator,2,2883419917,5766839834,in progress,0
trx-22404,2/2/2021,sumatera,logistik & gudang,forklift,2,364778883,729557766,lost (gagal),0
trx-21918,11/11/2022,papua,konstruksi,forklift,2,455947344,911894688,lost (gagal),0
trx-22188,10/2/2022,sumatera,pertambangan,excavator,2,1668209136,3336418272,lost (gagal),0
trx-22529,2/26/2021,sumatera,perkebunan,tractor agrikultur,4,1063461626,4253846504,won (berhasil),4253846504
trx-22269,8/15/2021,sumatera,logistik & gudang,tractor agrikultur,3,880254293,2640762879,lost (gagal),0
trx-21437,12/11/2021,unknown,konstruksi,genset (generator set),4,408995367,1635981468,lost (gagal),0
trx-20367,1/20/2021,sumatera,manufaktur,genset (generator set),5,395669194,1978345970,lost (gagal),0
trx-20845,9/20/2022,jawa,konstruksi,forklift,2,537470496,1074940992,lost (gagal),0
trx-22312,9/17/2023,papua,logistik & gudang,forklift,3,405661240,1216983720,won (berhasil),1216983720
trx-21413,9/9/2023,papua,pertambangan,genset (generator set),5,154857787,774288935,lost (gagal),0
trx-21366,8/24/2021,papua,pertambangan,tractor agrikultur,3,1435806587,4307419761,lost (gagal),0
trx-20351,11/3/2022,sumatera,logistik & gudang,excavator,1,2970717828,2970717828,lost (gagal),0
trx-22779,5/28/2022,kalimantan,pertambangan,excavator,2,2111611269,4223222538,in progress,0
trx-21188,11/29/2022,jawa,perkebunan,excavator,1,2317129817,2317129817,lost (gagal),0
trx-20887,1/9/2021,jawa,perkebunan,excavator,2,2810770099,5621540198,won (berhasil),5621540198
trx-21925,10/20/2022,sumatera,pertambangan,genset (generator set),2,448490809,896981618,lost (gagal),0
trx-22733,7/15/2023,kalimantan,logistik & gudang,forklift,3,378016878,1134050634,won (berhasil),1134050634
trx-22407,10/16/2021,sumatera,perkebunan,forklift,2,321682482,643364964,lost (gagal),0
trx-20498,8/4/2022,sulawesi,pertambangan,forklift,2,401425810,802851620,won (berhasil),802851620
trx-21702,5/23/2022,kalimantan,pertambangan,forklift,4,422203956,1688815824,in progress,0
trx-20210,3/11/2023,sulawesi,manufaktur,genset (generator set),3,159942275,479826825,lost (gagal),0
trx-22745,1/20/2021,kalimantan,konstruksi,tractor agrikultur,4,1165837787,4663351148,in progress,0
trx-21128,10/28/2023,papua,pertambangan,forklift,4,473221009,1892884036,won (berhasil),1892884036
trx-20227,3/14/2022,sumatera,perkebunan,tractor agrikultur,1,1458431599,1458431599,won (berhasil),1458431599
trx-20365,12/24/2022,papua,pertambangan,genset (generator set),1,322566439,322566439,lost (gagal),0
trx-21876,1/2/2021,sumatera,perkebunan,forklift,1,348070823,348070823,in progress,0
trx-21018,9/30/2023,sumatera,perkebunan,tractor agrikultur,3,1129260867,3387782601,won (berhasil),3387782601
trx-22015,8/15/2023,jawa,konstruksi,excavator,1,2776660033,2776660033,won (berhasil),2776660033
trx-22812,5/2/2021,sulawesi,logistik & gudang,excavator,2,1512872470,3025744940,won (berhasil),3025744940
trx-21598,4/5/2022,sulawesi,logistik & gudang,forklift,2,255105849,510211698,won (berhasil),510211698
trx-20407,2/26/2022,jawa,logistik & gudang,excavator,1,1718538038,1718538038,won (berhasil),1718538038
trx-22001,7/12/2022,kalimantan,konstruksi,forklift,4,299756910,1199027640,lost (gagal),0
trx-22134,9/16/2023,sulawesi,konstruksi,tractor agrikultur,4,952726003,3810904012,in progress,0
trx-22371,9/28/2021,jawa,perkebunan,forklift,3,488147440,1464442320,won (berhasil),1464442320
trx-21221,5/21/2022,papua,logistik & gudang,excavator,1,1520789582,1520789582,won (berhasil),1520789582
trx-22260,2/3/2022,kalimantan,lainnya,excavator,2,1891822514,3783645028,won (berhasil),3783645028
trx-22763,3/14/2021,sulawesi,manufaktur,tractor agrikultur,1,975546866,975546866,lost (gagal),0
trx-21825,6/14/2021,jawa,pertambangan,genset (generator set),2,301781403,603562806,won (berhasil),603562806
trx-20007,3/8/2021,sumatera,perkebunan,excavator,1,2949698287,2949698287,won (berhasil),2949698287
trx-22179,11/24/2022,papua,pertambangan,forklift,5,383833415,1919167075,won (berhasil),1919167075
trx-22792,1/17/2023,papua,logistik & gudang,genset (generator set),1,383903439,383903439,won (berhasil),383903439
trx-21972,1/26/2023,sumatera,manufaktur,forklift,5,325488044,1627440220,won (berhasil),1627440220
trx-20415,11/13/2021,papua,pertambangan,tractor agrikultur,3,1245147140,3735441420,won (berhasil),3735441420
trx-21010,5/23/2021,kalimantan,pertambangan,tractor agrikultur,4,1232364021,4929456084,won (berhasil),4929456084
trx-20746,3/25/2021,papua,manufaktur,forklift,4,501069465,2004277860,won (berhasil),2004277860
trx-22858,11/1/2023,papua,pertambangan,excavator,2,2442304835,4884609670,lost (gagal),0
trx-21985,2/16/2023,papua,pertambangan,forklift,4,529904422,2119617688,won (berhasil),2119617688
trx-20199,1/30/2023,sumatera,perkebunan,tractor agrikultur,1,1443366128,1443366128,won (berhasil),1443366128
trx-20283,1/11/2023,jawa,manufaktur,tractor agrikultur,4,1010458694,4041834776,won (berhasil),4041834776
trx-20231,4/25/2022,kalimantan,pertambangan,forklift,5,265442717,1327213585,won (berhasil),1327213585
trx-21910,3/25/2022,kalimantan,pertambangan,forklift,5,575526128,2877630640,in progress,0
trx-21011,3/23/2023,sumatera,perkebunan,tractor agrikultur,4,1241298752,4965195008,won (berhasil),4965195008
trx-20096,1/1/2023,sumatera,perkebunan,genset (generator set),1,352674251,352674251,won (berhasil),352674251
trx-21412,7/4/2021,jawa,konstruksi,genset (generator set),2,493117215,986234430,won (berhasil),986234430
trx-22993,10/1/2022,jawa,perkebunan,excavator,2,2802825545,5605651090,lost (gagal),0
trx-21988,10/17/2023,jawa,perkebunan,excavator,1,2597425694,2597425694,won (berhasil),2597425694
trx-22483,12/17/2023,sulawesi,konstruksi,forklift,1,395323842,395323842,lost (gagal),0
trx-21936,5/19/2023,sulawesi,pertambangan,tractor agrikultur,3,916818592,2750455776,in progress,0
trx-21532,4/15/2022,sulawesi,logistik & gudang,tractor agrikultur,3,1141760155,3425280465,in progress,0
trx-22910,10/2/2022,sulawesi,pertambangan,forklift,2,595026450,1190052900,lost (gagal),0
trx-22630,11/1/2023,jawa,manufaktur,forklift,2,468725305,937450610,won (berhasil),937450610
trx-21465,5/25/2022,papua,pertambangan,excavator,3,1166487600,3499462800,in progress,0
trx-21448,3/11/2021,jawa,konstruksi,excavator,1,2659573380,2659573380,won (berhasil),2659573380
trx-20104,1/30/2022,papua,pertambangan,genset (generator set),1,304813439,304813439,won (berhasil),304813439
trx-22593,9/1/2021,jawa,pertambangan,tractor agrikultur,3,855198345,2565595035,lost (gagal),0
trx-21100,4/1/2021,kalimantan,manufaktur,excavator,1,1536405188,1536405188,in progress,0
trx-22291,3/14/2023,jawa,logistik & gudang,tractor agrikultur,5,836228579,4181142895,won (berhasil),4181142895
trx-22893,1/11/2021,jawa,manufaktur,excavator,2,2238742062,4477484124,in progress,0
trx-21600,3/9/2021,sulawesi,logistik & gudang,genset (generator set),5,255915692,1279578460,won (berhasil),1279578460
trx-22508,11/29/2023,sumatera,perkebunan,forklift,2,467091702,934183404,lost (gagal),0
trx-20776,1/4/2021,sulawesi,konstruksi,excavator,2,1508487127,3016974254,won (berhasil),3016974254
trx-20226,10/9/2022,sulawesi,pertambangan,excavator,2,2133222447,4266444894,won (berhasil),4266444894
trx-21272,1/15/2023,jawa,logistik & gudang,genset (generator set),1,373694157,373694157,won (berhasil),373694157
trx-22334,5/28/2021,sulawesi,pertambangan,genset (generator set),4,420789940,1683159760,lost (gagal),0
trx-21588,7/12/2022,unknown,manufaktur,forklift,2,324095371,648190742,won (berhasil),648190742
trx-22110,2/17/2023,sumatera,konstruksi,excavator,1,1587964849,1587964849,lost (gagal),0
trx-22452,9/7/2023,sulawesi,perkebunan,tractor agrikultur,3,1083900244,3251700732,won (berhasil),3251700732
trx-21073,2/16/2023,papua,logistik & gudang,forklift,5,325033259,1625166295,lost (gagal),0
trx-20700,7/19/2022,sumatera,manufaktur,tractor agrikultur,1,1360762287,1360762287,won (berhasil),1360762287
trx-21135,7/15/2021,papua,konstruksi,excavator,1,1659851394,1659851394,lost (gagal),0
trx-22832,4/4/2023,sulawesi,logistik & gudang,excavator,2,1701537368,3403074736,lost (gagal),0
trx-22800,1/20/2021,kalimantan,pertambangan,genset (generator set),2,377107120,754214240,lost (gagal),0
trx-20464,10/8/2022,jawa,perkebunan,forklift,5,205689660,1028448300,won (berhasil),1028448300
trx-20847,6/6/2023,papua,perkebunan,forklift,3,414395868,1243187604,won (berhasil),1243187604
trx-20755,8/14/2021,sumatera,logistik & gudang,tractor agrikultur,5,1309673984,6548369920,lost (gagal),0
trx-22994,5/14/2021,papua,pertambangan,forklift,2,533362204,1066724408,won (berhasil),1066724408
trx-21334,12/10/2022,kalimantan,konstruksi,forklift,3,400771072,1202313216,won (berhasil),1202313216
trx-22714,1/7/2022,sumatera,pertambangan,tractor agrikultur,4,1482966566,5931866264,lost (gagal),0
trx-22241,6/9/2023,kalimantan,pertambangan,forklift,3,349676922,1049030766,lost (gagal),0
trx-22022,7/19/2022,jawa,manufaktur,excavator,1,2583966373,2583966373,lost (gagal),0
trx-20212,12/4/2021,jawa,manufaktur,tractor agrikultur,5,954329432,4771647160,in progress,0
trx-20012,3/22/2021,sulawesi,pertambangan,forklift,4,382250213,1529000852,won (berhasil),1529000852
trx-22951,12/16/2022,papua,pertambangan,tractor agrikultur,2,966933138,1933866276,won (berhasil),1933866276
trx-20422,8/29/2022,sumatera,logistik & gudang,tractor agrikultur,2,1146694703,2293389406,lost (gagal),0
trx-21651,9/10/2022,jawa,manufaktur,excavator,1,2480284631,2480284631,won (berhasil),2480284631
trx-22020,10/30/2021,papua,pertambangan,excavator,2,2540009440,5080018880,won (berhasil),5080018880
trx-22890,12/16/2023,sumatera,pertambangan,tractor agrikultur,5,1231309634,6156548170,won (berhasil),6156548170
trx-22474,12/13/2023,kalimantan,pertambangan,excavator,1,2438516135,2438516135,won (berhasil),2438516135
trx-22683,10/5/2021,jawa,pertambangan,tractor agrikultur,4,1124467046,4497868184,won (berhasil),4497868184
trx-22477,11/5/2023,sulawesi,perkebunan,tractor agrikultur,5,1100364995,5501824975,lost (gagal),0
trx-21093,7/20/2022,sulawesi,perkebunan,excavator,1,2908542630,2908542630,won (berhasil),2908542630
trx-21730,5/25/2023,sulawesi,pertambangan,forklift,5,402840459,2014202295,won (berhasil),2014202295
trx-22183,1/10/2022,jawa,pertambangan,genset (generator set),2,243969517,487939034,lost (gagal),0
trx-20509,2/23/2023,sumatera,perkebunan,excavator,2,2416608974,4833217948,won (berhasil),4833217948
trx-20644,10/17/2023,kalimantan,pertambangan,genset (generator set),1,265870287,265870287,won (berhasil),265870287
trx-20597,9/17/2021,kalimantan,pertambangan,genset (generator set),5,204948359,1024741795,won (berhasil),1024741795
trx-22614,11/10/2023,sumatera,perkebunan,genset (generator set),2,251428529,502857058,lost (gagal),0
trx-20798,12/16/2022,kalimantan,pertambangan,tractor agrikultur,5,1307069316,6535346580,won (berhasil),6535346580
trx-22806,5/9/2021,jawa,pertambangan,genset (generator set),5,242052895,1210264475,won (berhasil),1210264475
trx-22687,9/16/2021,sumatera,manufaktur,tractor agrikultur,2,933221518,1866443036,won (berhasil),1866443036
trx-20518,7/23/2022,papua,perkebunan,genset (generator set),4,235267974,941071896,lost (gagal),0
trx-20912,9/29/2022,papua,pertambangan,genset (generator set),1,237671023,237671023,won (berhasil),237671023
trx-20573,7/31/2022,sulawesi,logistik & gudang,forklift,2,245703899,491407798,lost (gagal),0
trx-22977,3/16/2021,jawa,pertambangan,tractor agrikultur,4,1287942143,5151768572,won (berhasil),5151768572
trx-22770,8/18/2023,sumatera,perkebunan,tractor agrikultur,3,943192602,2829577806,won (berhasil),2829577806
trx-21392,8/21/2023,jawa,manufaktur,tractor agrikultur,5,1489456374,7447281870,won (berhasil),7447281870
trx-22028,7/13/2022,papua,pertambangan,forklift,4,563155154,2252620616,won (berhasil),2252620616
trx-21800,1/5/2022,sulawesi,perkebunan,genset (generator set),4,411173664,1644694656,won (berhasil),1644694656
trx-22487,3/19/2022,sumatera,pertambangan,forklift,5,238113711,1190568555,in progress,0
trx-21488,3/17/2021,sulawesi,logistik & gudang,excavator,2,1810674109,3621348218,won (berhasil),3621348218
trx-20123,2/2/2021,sulawesi,perkebunan,excavator,1,1647455872,1647455872,lost (gagal),0
trx-21228,5/3/2022,jawa,konstruksi,excavator,1,1992298259,1992298259,won (berhasil),1992298259
trx-20220,2/13/2022,kalimantan,manufaktur,tractor agrikultur,3,912338629,2737015887,won (berhasil),2737015887
trx-22955,8/23/2023,sumatera,manufaktur,forklift,2,450022504,900045008,won (berhasil),900045008
trx-20358,8/25/2021,jawa,logistik & gudang,forklift,4,392145829,1568583316,won (berhasil),1568583316
trx-21606,10/22/2023,papua,pertambangan,excavator,2,1957579931,3915159862,won (berhasil),3915159862
trx-21862,6/15/2023,jawa,pertambangan,forklift,1,407270071,407270071,lost (gagal),0
trx-20259,12/21/2022,sumatera,perkebunan,genset (generator set),1,277625620,277625620,lost (gagal),0
trx-22817,8/23/2022,jawa,konstruksi,tractor agrikultur,3,1089272647,3267817941,won (berhasil),3267817941
trx-20871,1/26/2021,papua,pertambangan,tractor agrikultur,2,897782623,1795565246,won (berhasil),1795565246
trx-22430,8/13/2023,kalimantan,pertambangan,tractor agrikultur,3,1000893057,3002679171,won (berhasil),3002679171
trx-21642,5/6/2023,kalimantan,perkebunan,forklift,3,554475809,1663427427,lost (gagal),0
trx-21987,6/27/2022,sulawesi,manufaktur,excavator,1,2483053599,2483053599,won (berhasil),2483053599
trx-22496,10/9/2021,jawa,perkebunan,tractor agrikultur,1,1184594400,1184594400,won (berhasil),1184594400
trx-22420,1/21/2022,papua,pertambangan,excavator,2,2705282775,5410565550,won (berhasil),5410565550
trx-21551,11/30/2021,sumatera,perkebunan,genset (generator set),2,470956409,941912818,won (berhasil),941912818
trx-22840,9/21/2022,sumatera,perkebunan,genset (generator set),2,420772357,841544714,won (berhasil),841544714
trx-22761,11/8/2021,kalimantan,logistik & gudang,genset (generator set),5,458446682,2292233410,won (berhasil),2292233410
trx-22362,2/27/2022,sulawesi,pertambangan,tractor agrikultur,3,1060374963,3181124889,won (berhasil),3181124889
trx-20456,6/7/2021,jawa,manufaktur,excavator,1,2041645673,2041645673,won (berhasil),2041645673
trx-20462,5/27/2023,sulawesi,pertambangan,forklift,4,337284420,1349137680,lost (gagal),0
trx-22259,11/12/2021,papua,lainnya,excavator,1,1997845883,1997845883,won (berhasil),1997845883
trx-20785,11/2/2023,papua,pertambangan,forklift,3,243741761,731225283,won (berhasil),731225283
trx-21562,9/26/2022,sulawesi,perkebunan,genset (generator set),5,233447083,1167235415,lost (gagal),0
trx-20381,12/9/2021,papua,pertambangan,forklift,4,400556080,1602224320,won (berhasil),1602224320
trx-21866,7/20/2023,sulawesi,konstruksi,tractor agrikultur,2,1138856351,2277712702,won (berhasil),2277712702
trx-22149,1/3/2023,sulawesi,pertambangan,tractor agrikultur,2,1363139264,2726278528,lost (gagal),0
trx-21261,4/11/2021,sumatera,pertambangan,excavator,1,2833318640,2833318640,in progress,0
trx-21697,4/8/2023,sulawesi,manufaktur,excavator,1,2346088319,2346088319,won (berhasil),2346088319
trx-21454,5/26/2023,papua,pertambangan,forklift,1,230301754,230301754,lost (gagal),0
trx-20838,5/14/2021,papua,konstruksi,excavator,1,2210992277,2210992277,lost (gagal),0
trx-21299,11/25/2021,sulawesi,manufaktur,genset (generator set),5,240664441,1203322205,won (berhasil),1203322205
trx-21053,8/10/2021,unknown,pertambangan,forklift,4,538565911,2154263644,in progress,0
trx-21080,7/27/2023,jawa,logistik & gudang,tractor agrikultur,2,1026326434,2052652868,won (berhasil),2052652868
trx-21738,11/18/2023,jawa,manufaktur,forklift,2,471003520,942007040,won (berhasil),942007040
trx-21477,7/8/2023,papua,manufaktur,tractor agrikultur,3,1037220337,3111661011,lost (gagal),0
trx-22397,2/6/2023,sulawesi,konstruksi,genset (generator set),3,117033400,351100200,won (berhasil),351100200
trx-21533,11/6/2023,papua,pertambangan,tractor agrikultur,3,1170570133,3511710399,in progress,0
trx-21233,3/14/2023,sumatera,pertambangan,genset (generator set),1,237474708,237474708,won (berhasil),237474708
trx-20542,11/16/2023,kalimantan,perkebunan,tractor agrikultur,1,1368832328,1368832328,lost (gagal),0
trx-21292,10/30/2022,jawa,lainnya,genset (generator set),1,464690342,464690342,lost (gagal),0
trx-21317,10/15/2022,sulawesi,perkebunan,forklift,2,281608749,563217498,won (berhasil),563217498
trx-21229,7/12/2021,sumatera,perkebunan,genset (generator set),1,125547059,125547059,won (berhasil),125547059
trx-21842,10/24/2022,kalimantan,konstruksi,genset (generator set),2,188972682,377945364,won (berhasil),377945364
trx-21117,6/29/2023,papua,manufaktur,forklift,1,277687767,277687767,won (berhasil),277687767
trx-22459,2/9/2022,papua,logistik & gudang,forklift,3,343344600,1030033800,lost (gagal),0
trx-22272,11/13/2022,sulawesi,logistik & gudang,genset (generator set),1,370528522,370528522,lost (gagal),0
trx-22872,7/5/2022,jawa,perkebunan,excavator,1,2284839845,2284839845,won (berhasil),2284839845
trx-22727,9/16/2022,sulawesi,pertambangan,tractor agrikultur,5,1227087128,6135435640,won (berhasil),6135435640
trx-22941,3/12/2021,sumatera,perkebunan,excavator,1,2634625633,2634625633,lost (gagal),0
trx-21767,10/23/2023,jawa,pertambangan,excavator,2,2493717193,4987434386,won (berhasil),4987434386
trx-22645,7/26/2022,kalimantan,konstruksi,tractor agrikultur,2,1124357366,2248714732,won (berhasil),2248714732
trx-22458,6/3/2021,papua,logistik & gudang,genset (generator set),1,457775205,457775205,won (berhasil),457775205
trx-21752,9/4/2023,papua,pertambangan,forklift,3,347698062,1043094186,won (berhasil),1043094186
trx-22681,10/25/2022,sumatera,manufaktur,tractor agrikultur,2,1078675963,2157351926,won (berhasil),2157351926
trx-20435,7/25/2022,jawa,manufaktur,genset (generator set),4,268481480,1073925920,lost (gagal),0
trx-20237,12/18/2021,kalimantan,manufaktur,excavator,1,1745594327,1745594327,in progress,0
trx-21055,1/4/2023,papua,pertambangan,tractor agrikultur,4,1189136105,4756544420,in progress,0
trx-20109,1/11/2021,sumatera,konstruksi,forklift,5,338423865,1692119325,won (berhasil),1692119325
trx-20781,5/13/2023,sulawesi,manufaktur,genset (generator set),2,134941689,269883378,won (berhasil),269883378
trx-22089,1/8/2022,papua,pertambangan,genset (generator set),5,492858985,2464294925,won (berhasil),2464294925
trx-20163,11/7/2022,kalimantan,pertambangan,tractor agrikultur,2,906442307,1812884614,in progress,0
trx-20288,9/1/2023,papua,konstruksi,tractor agrikultur,2,1067296514,2134593028,won (berhasil),2134593028
trx-20252,11/9/2022,kalimantan,konstruksi,forklift,1,500966115,500966115,won (berhasil),500966115
trx-22132,5/24/2021,sulawesi,perkebunan,excavator,1,2719789271,2719789271,won (berhasil),2719789271
trx-22051,2/21/2022,kalimantan,manufaktur,forklift,5,590525017,2952625085,won (berhasil),2952625085
trx-20767,5/6/2021,kalimantan,pertambangan,tractor agrikultur,4,859082846,3436331384,won (berhasil),3436331384
trx-20787,10/26/2022,jawa,manufaktur,genset (generator set),4,296221478,1184885912,won (berhasil),1184885912
trx-21352,10/16/2023,kalimantan,pertambangan,tractor agrikultur,3,807475897,2422427691,won (berhasil),2422427691
trx-21578,1/1/2021,papua,pertambangan,genset (generator set),5,317782009,1588910045,lost (gagal),0
trx-22964,2/14/2021,sulawesi,konstruksi,genset (generator set),3,318292900,954878700,won (berhasil),954878700
trx-22828,5/4/2021,jawa,konstruksi,forklift,3,521564804,1564694412,won (berhasil),1564694412
trx-21457,9/15/2022,kalimantan,pertambangan,genset (generator set),1,335086577,335086577,won (berhasil),335086577
trx-22370,8/25/2023,jawa,pertambangan,excavator,1,2881654658,2881654658,won (berhasil),2881654658
trx-21962,5/22/2022,jawa,perkebunan,forklift,1,356166702,356166702,lost (gagal),0
trx-22401,4/14/2021,jawa,pertambangan,forklift,2,396411787,792823574,won (berhasil),792823574
trx-22497,6/1/2023,papua,pertambangan,tractor agrikultur,4,1297979945,5191919780,lost (gagal),0
trx-22865,1/15/2022,papua,pertambangan,genset (generator set),1,110826411,110826411,won (berhasil),110826411
trx-21032,5/17/2022,jawa,konstruksi,genset (generator set),3,411977170,1235931510,in progress,0
trx-22437,8/13/2023,jawa,konstruksi,genset (generator set),2,338534122,677068244,won (berhasil),677068244
trx-20461,7/15/2022,sulawesi,pertambangan,genset (generator set),5,147878761,739393805,lost (gagal),0
trx-22464,4/27/2022,kalimantan,logistik & gudang,tractor agrikultur,4,1402539077,5610156308,won (berhasil),5610156308
trx-21503,6/30/2023,sulawesi,konstruksi,excavator,2,1612627519,3225255038,in progress,0
trx-20157,4/28/2023,kalimantan,perkebunan,forklift,1,408131198,408131198,won (berhasil),408131198
trx-22571,8/31/2023,jawa,manufaktur,excavator,1,1891090072,1891090072,won (berhasil),1891090072
trx-21992,6/20/2022,sulawesi,konstruksi,forklift,5,481311520,2406557600,won (berhasil),2406557600
trx-21691,3/18/2023,sulawesi,konstruksi,genset (generator set),3,283683645,851050935,lost (gagal),0
trx-20677,2/12/2021,papua,konstruksi,excavator,1,1987292467,1987292467,won (berhasil),1987292467
trx-22920,12/21/2021,sulawesi,perkebunan,forklift,4,485610291,1942441164,won (berhasil),1942441164
trx-20238,6/16/2023,jawa,konstruksi,tractor agrikultur,1,804997908,804997908,won (berhasil),804997908
trx-21271,12/21/2023,sulawesi,perkebunan,genset (generator set),1,102383329,102383329,in progress,0
trx-21769,7/27/2022,jawa,pertambangan,excavator,2,2930123003,5860246006,in progress,0
trx-20243,6/18/2023,sumatera,perkebunan,excavator,2,2572174410,5144348820,won (berhasil),5144348820
trx-20100,11/13/2023,sulawesi,perkebunan,excavator,1,2222725056,2222725056,lost (gagal),0
trx-20315,7/31/2021,papua,manufaktur,forklift,4,371098551,1484394204,won (berhasil),1484394204
trx-20903,4/28/2022,sumatera,perkebunan,genset (generator set),2,415750018,831500036,won (berhasil),831500036
trx-21113,8/9/2022,jawa,pertambangan,tractor agrikultur,4,1448781629,5795126516,won (berhasil),5795126516
trx-22379,8/5/2021,sumatera,logistik & gudang,genset (generator set),1,320583981,320583981,won (berhasil),320583981
trx-21103,12/15/2021,jawa,konstruksi,genset (generator set),1,332972239,332972239,lost (gagal),0
trx-20261,12/31/2022,sumatera,perkebunan,forklift,5,514485383,2572426915,won (berhasil),2572426915
trx-22353,9/25/2022,jawa,pertambangan,genset (generator set),2,426096944,852193888,won (berhasil),852193888
trx-21718,1/21/2022,sulawesi,pertambangan,excavator,2,1856287083,3712574166,won (berhasil),3712574166
trx-20195,10/9/2023,papua,pertambangan,excavator,1,2435730836,2435730836,won (berhasil),2435730836
trx-21665,3/10/2021,jawa,manufaktur,tractor agrikultur,3,856989424,2570968272,in progress,0
trx-22468,12/29/2023,sumatera,perkebunan,genset (generator set),4,213850908,855403632,lost (gagal),0
trx-21811,8/25/2021,sulawesi,konstruksi,excavator,1,2964120102,2964120102,won (berhasil),2964120102
trx-20179,3/17/2023,sulawesi,konstruksi,genset (generator set),4,340655220,1362620880,in progress,0
trx-22354,10/3/2023,jawa,perkebunan,tractor agrikultur,4,1381251311,5525005244,lost (gagal),0
trx-20929,6/22/2023,jawa,perkebunan,genset (generator set),5,269595785,1347978925,won (berhasil),1347978925
trx-20340,1/27/2021,kalimantan,pertambangan,forklift,4,448749558,1794998232,won (berhasil),1794998232
trx-22046,7/11/2022,sulawesi,manufaktur,tractor agrikultur,1,1149715062,1149715062,won (berhasil),1149715062
trx-21225,3/16/2022,sulawesi,manufaktur,tractor agrikultur,4,1476957306,5907829224,won (berhasil),5907829224
trx-20748,5/3/2023,sumatera,perkebunan,tractor agrikultur,5,1177036895,5885184475,lost (gagal),0
trx-21123,10/14/2022,papua,konstruksi,forklift,2,351837613,703675226,lost (gagal),0
trx-20662,12/21/2022,sulawesi,konstruksi,excavator,2,1623663651,3247327302,lost (gagal),0
trx-20480,5/27/2021,kalimantan,konstruksi,excavator,2,2855983970,5711967940,won (berhasil),5711967940
trx-20803,4/25/2022,sumatera,perkebunan,excavator,2,2463300948,4926601896,lost (gagal),0
trx-22172,5/19/2022,sulawesi,manufaktur,excavator,1,2364025302,2364025302,in progress,0
trx-21582,1/24/2021,sulawesi,perkebunan,tractor agrikultur,5,902425612,4512128060,won (berhasil),4512128060
trx-21907,4/25/2022,sulawesi,logistik & gudang,excavator,1,2426234033,2426234033,lost (gagal),0
trx-22473,4/24/2022,sulawesi,perkebunan,genset (generator set),1,357084320,357084320,won (berhasil),357084320
trx-20549,7/7/2023,sumatera,perkebunan,genset (generator set),3,153679138,461037414,lost (gagal),0
trx-21187,3/26/2021,papua,pertambangan,genset (generator set),2,492380247,984760494,won (berhasil),984760494
trx-20783,6/7/2023,sulawesi,logistik & gudang,forklift,3,573124699,1719374097,lost (gagal),0
trx-22753,10/15/2023,sulawesi,manufaktur,tractor agrikultur,5,1316202250,6581011250,lost (gagal),0
trx-21964,10/4/2021,kalimantan,konstruksi,forklift,5,545923119,2729615595,lost (gagal),0
trx-20742,7/16/2023,papua,pertambangan,forklift,2,346927102,693854204,won (berhasil),693854204
trx-22453,11/20/2021,jawa,manufaktur,genset (generator set),1,340314880,340314880,won (berhasil),340314880
trx-22099,10/20/2023,jawa,logistik & gudang,excavator,1,1652201349,1652201349,won (berhasil),1652201349
trx-21830,7/11/2021,papua,pertambangan,excavator,2,2537085910,5074171820,won (berhasil),5074171820
trx-21255,1/14/2023,jawa,perkebunan,tractor agrikultur,3,1206890321,3620670963,lost (gagal),0
trx-22400,6/27/2023,jawa,pertambangan,forklift,3,515285838,1545857514,won (berhasil),1545857514
trx-22042,3/5/2023,jawa,pertambangan,tractor agrikultur,2,983706671,1967413342,won (berhasil),1967413342
trx-22155,5/8/2022,sumatera,perkebunan,tractor agrikultur,2,1219102649,2438205298,lost (gagal),0
trx-21507,11/4/2023,sulawesi,logistik & gudang,genset (generator set),1,121386254,121386254,won (berhasil),121386254
trx-20247,12/26/2021,jawa,pertambangan,forklift,3,304105354,912316062,won (berhasil),912316062
trx-22902,1/31/2023,sulawesi,logistik & gudang,genset (generator set),1,376644202,376644202,lost (gagal),0
trx-22603,11/27/2023,papua,pertambangan,excavator,1,2395669148,2395669148,lost (gagal),0
trx-22765,6/25/2022,kalimantan,konstruksi,genset (generator set),2,120763667,241527334,won (berhasil),241527334
trx-20626,3/6/2022,kalimantan,lainnya,genset (generator set),3,499097264,1497291792,won (berhasil),1497291792
trx-20347,3/24/2023,kalimantan,pertambangan,tractor agrikultur,4,1189557783,4758231132,won (berhasil),4758231132
trx-20278,12/10/2022,sulawesi,konstruksi,genset (generator set),1,402933784,402933784,won (berhasil),402933784
trx-21861,5/29/2021,sulawesi,logistik & gudang,genset (generator set),3,460058844,1380176532,lost (gagal),0
trx-22969,4/22/2023,sumatera,perkebunan,excavator,2,1870626655,3741253310,won (berhasil),3741253310
trx-20655,5/30/2022,jawa,manufaktur,tractor agrikultur,5,1219213999,6096069995,lost (gagal),0
trx-22208,1/12/2022,sulawesi,logistik & gudang,genset (generator set),1,406759883,406759883,in progress,0
trx-20927,6/30/2022,papua,pertambangan,tractor agrikultur,5,1420511736,7102558680,won (berhasil),7102558680
trx-22668,5/14/2021,kalimantan,manufaktur,genset (generator set),4,255820666,1023282664,in progress,0
trx-22631,7/30/2023,jawa,pertambangan,genset (generator set),1,142225517,142225517,won (berhasil),142225517
trx-21071,11/30/2022,kalimantan,pertambangan,forklift,3,449811089,1349433267,lost (gagal),0
trx-22583,1/4/2021,kalimantan,pertambangan,forklift,2,429847400,859694800,lost (gagal),0
trx-21273,4/30/2022,papua,manufaktur,forklift,1,422467292,422467292,won (berhasil),422467292
trx-22908,7/24/2022,jawa,perkebunan,genset (generator set),4,362006302,1448025208,won (berhasil),1448025208
trx-20445,8/8/2022,sulawesi,manufaktur,genset (generator set),3,353381060,1060143180,won (berhasil),1060143180
trx-20617,11/24/2022,papua,pertambangan,genset (generator set),3,227938837,683816511,won (berhasil),683816511
trx-21886,6/7/2023,papua,pertambangan,tractor agrikultur,2,1430392833,2860785666,won (berhasil),2860785666
trx-21125,9/4/2021,kalimantan,konstruksi,genset (generator set),3,419827900,1259483700,won (berhasil),1259483700
trx-21832,1/27/2021,sumatera,pertambangan,forklift,1,215008708,215008708,won (berhasil),215008708
trx-21656,8/7/2021,jawa,pertambangan,excavator,2,2982509705,5965019410,lost (gagal),0
trx-22791,10/31/2023,kalimantan,pertambangan,genset (generator set),5,456523776,2282618880,won (berhasil),2282618880
trx-20844,8/28/2023,kalimantan,pertambangan,forklift,3,571561345,1714684035,won (berhasil),1714684035
trx-22595,8/9/2023,kalimantan,pertambangan,genset (generator set),3,390500632,1171501896,lost (gagal),0
trx-20547,5/16/2023,sumatera,perkebunan,excavator,2,1503220121,3006440242,lost (gagal),0
trx-21298,2/8/2023,sulawesi,perkebunan,tractor agrikultur,5,804150551,4020752755,won (berhasil),4020752755
trx-20907,6/15/2021,papua,pertambangan,genset (generator set),1,197585102,197585102,won (berhasil),197585102
trx-21320,8/4/2021,sulawesi,perkebunan,excavator,2,2471686090,4943372180,in progress,0
trx-20263,3/24/2021,sumatera,konstruksi,excavator,2,2900099236,5800198472,in progress,0
trx-21808,11/20/2022,jawa,perkebunan,tractor agrikultur,4,1126018668,4504074672,lost (gagal),0
trx-22390,4/26/2023,jawa,perkebunan,forklift,1,291963603,291963603,won (berhasil),291963603
trx-22365,3/7/2021,sulawesi,logistik & gudang,tractor agrikultur,2,1314835369,2629670738,in progress,0
trx-20353,11/3/2022,papua,konstruksi,tractor agrikultur,3,1059350127,3178050381,won (berhasil),3178050381
trx-22515,12/12/2021,papua,pertambangan,forklift,3,388088915,1164266745,won (berhasil),1164266745
trx-20208,10/25/2022,kalimantan,pertambangan,genset (generator set),3,370162508,1110487524,won (berhasil),1110487524
trx-20613,3/26/2021,papua,pertambangan,genset (generator set),3,323871831,971615493,won (berhasil),971615493
trx-21360,12/14/2021,jawa,logistik & gudang,genset (generator set),2,495086889,990173778,lost (gagal),0
trx-21746,3/20/2023,kalimantan,pertambangan,tractor agrikultur,3,913651055,2740953165,in progress,0
trx-21569,11/18/2023,jawa,logistik & gudang,genset (generator set),2,376033141,752066282,won (berhasil),752066282
trx-21195,2/13/2023,sulawesi,pertambangan,forklift,4,454551957,1818207828,lost (gagal),0
trx-21671,5/12/2023,papua,manufaktur,forklift,4,560213982,2240855928,won (berhasil),2240855928
trx-22170,6/19/2023,kalimantan,logistik & gudang,excavator,1,2760894868,2760894868,won (berhasil),2760894868
trx-20057,5/23/2023,papua,pertambangan,genset (generator set),4,228722481,914889924,lost (gagal),0
trx-21200,5/6/2023,sumatera,logistik & gudang,excavator,2,2281721629,4563443258,lost (gagal),0
trx-20811,9/24/2022,papua,pertambangan,excavator,1,1609261888,1609261888,won (berhasil),1609261888
trx-22227,2/27/2021,jawa,perkebunan,tractor agrikultur,5,1391452357,6957261785,lost (gagal),0
trx-20561,5/19/2022,kalimantan,konstruksi,forklift,3,380102868,1140308604,won (berhasil),1140308604
trx-22552,2/28/2022,jawa,logistik & gudang,excavator,2,2574804417,5149608834,won (berhasil),5149608834
trx-20229,5/6/2022,sulawesi,perkebunan,genset (generator set),4,446236102,1784944408,won (berhasil),1784944408
trx-22550,4/23/2021,papua,pertambangan,genset (generator set),2,421887652,843775304,lost (gagal),0
trx-21797,8/27/2023,sulawesi,pertambangan,forklift,2,525173108,1050346216,won (berhasil),1050346216
trx-22944,3/15/2022,sumatera,perkebunan,excavator,1,1974632346,1974632346,lost (gagal),0
trx-20538,12/8/2022,papua,pertambangan,excavator,2,2753082592,5506165184,lost (gagal),0
trx-21350,3/1/2022,papua,konstruksi,excavator,1,2936929595,2936929595,won (berhasil),2936929595
trx-21127,5/28/2022,jawa,perkebunan,forklift,5,405739071,2028695355,in progress,0
trx-22843,10/9/2022,jawa,pertambangan,excavator,1,2568589696,2568589696,won (berhasil),2568589696
trx-21090,3/10/2023,sulawesi,pertambangan,forklift,4,542053653,2168214612,won (berhasil),2168214612
trx-21660,1/2/2021,sulawesi,logistik & gudang,forklift,5,553130073,2765650365,in progress,0
trx-21196,1/18/2023,jawa,pertambangan,forklift,1,460734341,460734341,won (berhasil),460734341
trx-20707,1/12/2021,papua,logistik & gudang,forklift,5,352297943,1761489715,lost (gagal),0
trx-20424,5/2/2021,jawa,perkebunan,excavator,2,2082358000,4164716000,won (berhasil),4164716000
trx-20069,6/17/2021,sulawesi,konstruksi,tractor agrikultur,2,1171635259,2343270518,won (berhasil),2343270518
trx-21023,9/10/2021,kalimantan,konstruksi,forklift,1,493178203,493178203,lost (gagal),0
trx-21720,4/21/2023,papua,konstruksi,tractor agrikultur,2,1151204908,2302409816,lost (gagal),0
trx-20647,9/25/2021,sulawesi,pertambangan,genset (generator set),1,136097492,136097492,won (berhasil),136097492
trx-22597,11/28/2022,kalimantan,pertambangan,forklift,1,325390328,325390328,won (berhasil),325390328
trx-21357,6/26/2021,sumatera,perkebunan,genset (generator set),5,203745669,1018728345,won (berhasil),1018728345
trx-21567,5/20/2023,unknown,pertambangan,forklift,3,277696763,833090289,won (berhasil),833090289
trx-22456,11/28/2022,sumatera,perkebunan,forklift,4,467509074,1870036296,won (berhasil),1870036296
trx-22624,10/14/2021,kalimantan,pertambangan,genset (generator set),5,403718748,2018593740,won (berhasil),2018593740
trx-21674,5/23/2021,papua,pertambangan,forklift,3,306243531,918730593,won (berhasil),918730593
trx-21025,8/7/2022,jawa,manufaktur,forklift,1,229884063,229884063,won (berhasil),229884063
trx-20620,11/22/2021,papua,pertambangan,forklift,4,338958662,1355834648,won (berhasil),1355834648
trx-20949,3/7/2023,jawa,pertambangan,excavator,1,2888821767,2888821767,won (berhasil),2888821767
trx-22859,7/24/2021,sumatera,pertambangan,forklift,3,314200140,942600420,won (berhasil),942600420
trx-20952,11/16/2022,papua,pertambangan,tractor agrikultur,1,911179200,911179200,won (berhasil),911179200
trx-21591,4/30/2021,kalimantan,pertambangan,genset (generator set),1,223942089,223942089,won (berhasil),223942089
trx-21577,8/23/2021,sulawesi,pertambangan,tractor agrikultur,4,1482503610,5930014440,lost (gagal),0
trx-20998,9/21/2023,jawa,pertambangan,tractor agrikultur,2,1288232999,2576465998,won (berhasil),2576465998
trx-22970,4/2/2022,jawa,pertambangan,tractor agrikultur,4,1119840584,4479362336,won (berhasil),4479362336
trx-22708,8/16/2022,kalimantan,pertambangan,tractor agrikultur,1,1497426973,1497426973,in progress,0
trx-21461,3/29/2022,kalimantan,pertambangan,excavator,1,1683145264,1683145264,won (berhasil),1683145264
trx-20279,7/9/2021,papua,perkebunan,genset (generator set),3,139124665,417373995,lost (gagal),0
trx-21472,9/23/2023,sumatera,perkebunan,excavator,1,1572908164,1572908164,lost (gagal),0
trx-21575,11/19/2023,papua,konstruksi,forklift,1,332985826,332985826,lost (gagal),0
trx-21576,5/14/2023,kalimantan,konstruksi,excavator,2,1581561609,3163123218,in progress,0
trx-22120,12/24/2023,jawa,logistik & gudang,excavator,1,1770326466,1770326466,lost (gagal),0
trx-21044,4/17/2022,papua,pertambangan,tractor agrikultur,3,1023183728,3069551184,won (berhasil),3069551184
trx-21723,12/1/2022,sulawesi,konstruksi,forklift,3,248749803,746249409,won (berhasil),746249409
trx-20553,3/19/2021,sumatera,perkebunan,excavator,1,2667610533,2667610533,won (berhasil),2667610533
trx-20834,6/21/2023,kalimantan,manufaktur,excavator,2,2676927969,5353855938,lost (gagal),0
trx-20657,9/11/2021,sulawesi,pertambangan,genset (generator set),2,449881518,899763036,lost (gagal),0
trx-20596,5/7/2023,papua,perkebunan,genset (generator set),3,149922031,449766093,won (berhasil),449766093
trx-20802,10/3/2021,sumatera,pertambangan,genset (generator set),2,236828898,473657796,won (berhasil),473657796
trx-22171,5/6/2023,sumatera,pertambangan,genset (generator set),1,366531133,366531133,lost (gagal),0
trx-22566,12/13/2022,unknown,logistik & gudang,tractor agrikultur,2,1285297031,2570594062,won (berhasil),2570594062
trx-22764,9/27/2023,sumatera,logistik & gudang,excavator,2,1798347859,3596695718,won (berhasil),3596695718
trx-20440,11/3/2021,papua,pertambangan,forklift,1,451760205,451760205,won (berhasil),451760205
trx-20508,5/23/2021,jawa,perkebunan,excavator,1,2425471460,2425471460,won (berhasil),2425471460
trx-20076,4/11/2022,papua,pertambangan,excavator,1,1718944818,1718944818,won (berhasil),1718944818
trx-22340,9/3/2023,sumatera,pertambangan,forklift,3,220248523,660745569,won (berhasil),660745569
trx-20649,3/3/2023,papua,pertambangan,genset (generator set),3,357731301,1073193903,won (berhasil),1073193903
trx-20522,12/2/2021,sumatera,pertambangan,tractor agrikultur,5,1368475777,6842378885,won (berhasil),6842378885
trx-21556,4/5/2023,sulawesi,manufaktur,tractor agrikultur,1,1037357231,1037357231,won (berhasil),1037357231
trx-21716,3/9/2022,sumatera,logistik & gudang,genset (generator set),2,264848040,529696080,lost (gagal),0
trx-21563,2/18/2021,kalimantan,manufaktur,genset (generator set),2,449054492,898108984,in progress,0
trx-20654,4/16/2021,kalimantan,konstruksi,genset (generator set),2,146770276,293540552,lost (gagal),0
trx-21236,3/7/2023,kalimantan,manufaktur,forklift,3,333827893,1001483679,lost (gagal),0
trx-21611,1/12/2023,sulawesi,perkebunan,excavator,2,2918419838,5836839676,won (berhasil),5836839676
trx-22436,8/1/2022,kalimantan,pertambangan,forklift,3,293128350,879385050,lost (gagal),0
trx-21726,9/23/2022,jawa,perkebunan,excavator,1,1849832382,1849832382,won (berhasil),1849832382
trx-20630,8/7/2022,jawa,pertambangan,genset (generator set),1,466139524,466139524,lost (gagal),0
trx-21316,6/5/2023,sumatera,pertambangan,forklift,2,561201929,1122403858,won (berhasil),1122403858
trx-22974,11/28/2023,unknown,pertambangan,genset (generator set),1,262918307,262918307,won (berhasil),262918307
trx-21747,11/14/2021,kalimantan,pertambangan,forklift,4,376995923,1507983692,won (berhasil),1507983692
trx-20482,11/29/2021,sumatera,logistik & gudang,forklift,4,368586992,1474347968,won (berhasil),1474347968
trx-22008,10/29/2022,papua,pertambangan,excavator,1,2783854098,2783854098,won (berhasil),2783854098
trx-22803,5/23/2023,sulawesi,perkebunan,genset (generator set),5,189571984,947859920,won (berhasil),947859920
trx-22606,6/3/2021,sulawesi,pertambangan,excavator,1,2925764363,2925764363,won (berhasil),2925764363
trx-21775,7/23/2023,sulawesi,pertambangan,tractor agrikultur,1,1166724105,1166724105,won (berhasil),1166724105
trx-20438,8/27/2021,papua,pertambangan,genset (generator set),4,309496904,1237987616,lost (gagal),0
trx-20969,1/21/2022,sulawesi,logistik & gudang,excavator,1,2413088542,2413088542,won (berhasil),2413088542
trx-21793,9/15/2022,kalimantan,konstruksi,excavator,2,2796708602,5593417204,lost (gagal),0
trx-22243,3/31/2021,unknown,logistik & gudang,forklift,2,365024462,730048924,won (berhasil),730048924
trx-21613,9/22/2021,sumatera,konstruksi,tractor agrikultur,1,1332187943,1332187943,won (berhasil),1332187943
trx-20856,9/23/2021,kalimantan,konstruksi,genset (generator set),2,434105884,868211768,won (berhasil),868211768
trx-22778,4/28/2022,sumatera,perkebunan,forklift,4,541969560,2167878240,lost (gagal),0
trx-20166,10/19/2021,papua,pertambangan,genset (generator set),3,303243364,909730092,lost (gagal),0
trx-20059,1/10/2023,jawa,logistik & gudang,forklift,4,329730330,1318921320,won (berhasil),1318921320
trx-20611,11/16/2021,sulawesi,perkebunan,excavator,1,2718147262,2718147262,lost (gagal),0
trx-20530,9/20/2022,papua,pertambangan,tractor agrikultur,5,1146849648,5734248240,won (berhasil),5734248240
trx-21783,6/24/2021,papua,manufaktur,tractor agrikultur,3,983093724,2949281172,won (berhasil),2949281172
trx-20049,2/17/2023,sulawesi,perkebunan,excavator,1,1825447238,1825447238,won (berhasil),1825447238
trx-22694,3/10/2022,sulawesi,pertambangan,genset (generator set),2,314899309,629798618,lost (gagal),0
trx-22163,5/8/2022,kalimantan,konstruksi,forklift,4,333225725,1332902900,won (berhasil),1332902900
trx-20858,8/21/2022,jawa,manufaktur,tractor agrikultur,4,932109023,3728436092,lost (gagal),0
trx-21765,5/16/2023,jawa,konstruksi,genset (generator set),1,165629645,165629645,won (berhasil),165629645
trx-20048,9/18/2022,unknown,pertambangan,genset (generator set),5,430116273,2150581365,won (berhasil),2150581365
trx-20719,9/7/2022,jawa,logistik & gudang,forklift,5,378358224,1891791120,won (berhasil),1891791120
trx-21231,5/15/2022,jawa,perkebunan,forklift,3,398248341,1194745023,lost (gagal),0
trx-21340,3/23/2022,jawa,perkebunan,tractor agrikultur,2,919222717,1838445434,won (berhasil),1838445434
trx-22283,10/25/2021,kalimantan,pertambangan,tractor agrikultur,4,1248620878,4994483512,won (berhasil),4994483512
trx-21933,1/8/2023,sumatera,pertambangan,excavator,1,2784936120,2784936120,lost (gagal),0
trx-20632,5/31/2021,sumatera,pertambangan,tractor agrikultur,2,971039382,1942078764,lost (gagal),0
trx-22319,8/18/2023,papua,logistik & gudang,tractor agrikultur,1,815592455,815592455,lost (gagal),0
trx-22244,4/23/2023,papua,pertambangan,tractor agrikultur,5,947357033,4736785165,lost (gagal),0
trx-22162,8/16/2022,papua,pertambangan,genset (generator set),4,439445447,1757781788,won (berhasil),1757781788
trx-21068,4/12/2022,sumatera,perkebunan,genset (generator set),3,153987494,461962482,in progress,0
trx-22577,12/30/2023,kalimantan,perkebunan,forklift,3,268288722,804866166,won (berhasil),804866166
trx-20025,3/4/2021,sumatera,pertambangan,genset (generator set),5,172195245,860976225,won (berhasil),860976225
trx-22759,12/28/2023,sumatera,pertambangan,excavator,1,1718180152,1718180152,won (berhasil),1718180152
trx-20219,9/29/2021,sulawesi,konstruksi,excavator,2,2308240937,4616481874,lost (gagal),0
trx-21345,9/25/2021,sulawesi,pertambangan,tractor agrikultur,2,861571160,1723142320,won (berhasil),1723142320
trx-20276,11/16/2022,papua,manufaktur,forklift,2,290234755,580469510,won (berhasil),580469510
trx-22230,3/30/2023,sumatera,perkebunan,excavator,2,2566264210,5132528420,won (berhasil),5132528420
trx-21307,6/25/2023,papua,konstruksi,forklift,2,507975489,1015950978,lost (gagal),0
trx-21641,6/2/2023,sumatera,perkebunan,forklift,3,527074514,1581223542,won (berhasil),1581223542
trx-21048,2/26/2021,sulawesi,perkebunan,excavator,1,2668214122,2668214122,lost (gagal),0
trx-22095,7/18/2021,sulawesi,pertambangan,excavator,1,2623641267,2623641267,in progress,0
trx-22175,3/21/2022,papua,pertambangan,forklift,2,348854337,697708674,lost (gagal),0
trx-22673,4/25/2022,jawa,konstruksi,forklift,1,291128330,291128330,lost (gagal),0
trx-21547,5/24/2022,sulawesi,perkebunan,forklift,1,495037363,495037363,lost (gagal),0
trx-20297,1/16/2021,jawa,manufaktur,excavator,2,1906578387,3813156774,won (berhasil),3813156774
trx-21596,9/30/2022,kalimantan,pertambangan,genset (generator set),2,475398885,950797770,won (berhasil),950797770
trx-21748,3/3/2022,kalimantan,logistik & gudang,genset (generator set),2,226865454,453730908,in progress,0
trx-20958,5/4/2022,sumatera,pertambangan,excavator,1,2484310582,2484310582,won (berhasil),2484310582
trx-21885,11/14/2023,kalimantan,konstruksi,excavator,1,1521008981,1521008981,lost (gagal),0
trx-21264,1/28/2023,jawa,pertambangan,forklift,3,364627135,1093881405,won (berhasil),1093881405
trx-20349,7/6/2022,jawa,manufaktur,excavator,2,2742069758,5484139516,won (berhasil),5484139516
trx-21302,3/22/2022,papua,pertambangan,genset (generator set),3,211470414,634411242,won (berhasil),634411242
trx-20643,12/25/2021,sulawesi,logistik & gudang,tractor agrikultur,1,853067857,853067857,won (berhasil),853067857
trx-21105,9/10/2021,jawa,manufaktur,tractor agrikultur,3,1493073523,4479220569,lost (gagal),0
trx-21207,12/25/2021,papua,manufaktur,genset (generator set),2,489199055,978398110,lost (gagal),0
trx-21995,6/6/2021,jawa,manufaktur,tractor agrikultur,5,840249307,4201246535,won (berhasil),4201246535
trx-22011,9/21/2021,unknown,pertambangan,excavator,2,2327729360,4655458720,won (berhasil),4655458720
trx-21776,11/17/2022,sumatera,perkebunan,excavator,2,2109551935,4219103870,won (berhasil),4219103870
trx-21102,10/16/2022,sumatera,perkebunan,forklift,3,436146250,1308438750,lost (gagal),0
trx-22412,12/5/2021,sulawesi,konstruksi,forklift,5,291709616,1458548080,won (berhasil),1458548080
trx-21456,5/5/2023,papua,pertambangan,tractor agrikultur,4,1391789180,5567156720,won (berhasil),5567156720
trx-22148,6/23/2023,papua,konstruksi,excavator,2,2390647884,4781295768,won (berhasil),4781295768
trx-20786,4/10/2021,jawa,perkebunan,excavator,1,2753412395,2753412395,won (berhasil),2753412395
trx-20140,1/19/2023,kalimantan,konstruksi,forklift,3,443030339,1329091017,won (berhasil),1329091017
trx-20788,6/12/2021,jawa,manufaktur,tractor agrikultur,4,1074320843,4297283372,won (berhasil),4297283372
trx-21614,1/28/2023,sumatera,pertambangan,forklift,4,223617561,894470244,won (berhasil),894470244
trx-22067,4/27/2021,jawa,konstruksi,excavator,2,2173069514,4346139028,lost (gagal),0
trx-20714,7/15/2023,sumatera,manufaktur,excavator,1,2286121103,2286121103,won (berhasil),2286121103
trx-21375,1/25/2023,jawa,perkebunan,genset (generator set),4,488885233,1955540932,won (berhasil),1955540932
trx-21607,3/13/2022,kalimantan,pertambangan,genset (generator set),5,380990707,1904953535,won (berhasil),1904953535
trx-21744,6/29/2021,sumatera,manufaktur,forklift,1,262741843,262741843,in progress,0
trx-22634,10/16/2023,jawa,konstruksi,excavator,2,2399996655,4799993310,lost (gagal),0
trx-20618,8/10/2021,sumatera,pertambangan,excavator,2,2654160389,5308320778,lost (gagal),0
trx-20406,6/2/2022,jawa,konstruksi,excavator,2,2257326901,4514653802,won (berhasil),4514653802
trx-22482,10/16/2022,sulawesi,pertambangan,tractor agrikultur,2,1149985131,2299970262,won (berhasil),2299970262
trx-22107,6/10/2022,sulawesi,logistik & gudang,excavator,2,2720586267,5441172534,won (berhasil),5441172534
trx-21124,6/1/2021,sumatera,perkebunan,tractor agrikultur,4,886797171,3547188684,won (berhasil),3547188684
trx-21192,11/8/2022,sulawesi,konstruksi,genset (generator set),2,305632179,611264358,won (berhasil),611264358
trx-21965,12/26/2023,sumatera,manufaktur,tractor agrikultur,4,1193056238,4772224952,won (berhasil),4772224952
trx-20497,1/23/2023,sumatera,perkebunan,genset (generator set),3,494002920,1482008760,won (berhasil),1482008760
trx-20342,10/12/2023,jawa,perkebunan,excavator,2,2876787632,5753575264,lost (gagal),0
trx-21916,1/4/2021,sulawesi,manufaktur,tractor agrikultur,4,940237788,3760951152,won (berhasil),3760951152
trx-22303,5/1/2021,sulawesi,manufaktur,genset (generator set),4,129611924,518447696,won (berhasil),518447696
trx-20782,12/23/2021,sumatera,perkebunan,excavator,1,1802178899,1802178899,won (berhasil),1802178899
trx-22032,11/5/2021,papua,perkebunan,excavator,2,2279346557,4558693114,lost (gagal),0
trx-20303,3/24/2023,sulawesi,pertambangan,genset (generator set),2,249553542,499107084,in progress,0
trx-21731,9/25/2023,jawa,manufaktur,tractor agrikultur,3,1237547364,3712642092,lost (gagal),0
trx-20664,7/23/2021,papua,pertambangan,excavator,1,2871218085,2871218085,won (berhasil),2871218085
trx-21835,9/18/2022,sulawesi,logistik & gudang,forklift,1,390506570,390506570,lost (gagal),0
trx-21880,11/23/2023,sulawesi,perkebunan,excavator,2,2151359773,4302719546,lost (gagal),0
trx-22762,12/23/2021,sumatera,manufaktur,excavator,1,2507801040,2507801040,won (berhasil),2507801040
trx-22748,3/28/2021,papua,pertambangan,excavator,2,2697341897,5394683794,lost (gagal),0
trx-20084,1/18/2023,sumatera,perkebunan,excavator,2,2134075069,4268150138,won (berhasil),4268150138
trx-22248,4/19/2023,papua,manufaktur,forklift,5,495085664,2475428320,lost (gagal),0
trx-20941,7/12/2023,papua,perkebunan,tractor agrikultur,5,855009177,4275045885,won (berhasil),4275045885
trx-20961,9/24/2022,papua,pertambangan,forklift,5,470717953,2353589765,won (berhasil),2353589765
trx-20841,6/30/2023,papua,manufaktur,excavator,1,2539140109,2539140109,won (berhasil),2539140109
trx-21391,2/3/2022,jawa,manufaktur,excavator,2,1662022540,3324045080,lost (gagal),0
trx-22415,3/1/2023,papua,perkebunan,excavator,2,2122352651,4244705302,won (berhasil),4244705302
trx-22242,6/4/2022,jawa,pertambangan,excavator,1,2234917010,2234917010,lost (gagal),0
trx-22782,8/30/2021,jawa,manufaktur,tractor agrikultur,4,1451268824,5805075296,lost (gagal),0
trx-20290,12/4/2021,jawa,konstruksi,forklift,2,459890325,919780650,won (berhasil),919780650
trx-21868,8/10/2021,sumatera,perkebunan,genset (generator set),4,331062357,1324249428,won (berhasil),1324249428
trx-22213,5/6/2022,papua,pertambangan,excavator,1,1540059667,1540059667,lost (gagal),0
trx-20604,6/21/2021,kalimantan,pertambangan,genset (generator set),5,262918942,1314594710,lost (gagal),0
trx-22686,7/17/2021,sumatera,manufaktur,tractor agrikultur,2,1284601875,2569203750,lost (gagal),0
trx-20916,10/27/2021,sulawesi,manufaktur,excavator,1,1726944746,1726944746,lost (gagal),0
trx-22750,1/25/2021,sumatera,konstruksi,genset (generator set),5,441646159,2208230795,won (berhasil),2208230795
trx-22834,4/23/2021,jawa,konstruksi,excavator,2,1585472384,3170944768,won (berhasil),3170944768
trx-21088,12/1/2022,kalimantan,konstruksi,tractor agrikultur,5,1498254298,7491271490,won (berhasil),7491271490
trx-22233,12/18/2023,sulawesi,konstruksi,genset (generator set),5,205086630,1025433150,won (berhasil),1025433150
trx-21351,4/9/2023,jawa,perkebunan,tractor agrikultur,5,938542002,4692710010,in progress,0
trx-20821,11/24/2021,jawa,perkebunan,tractor agrikultur,1,1298469828,1298469828,won (berhasil),1298469828
trx-22507,6/16/2022,sulawesi,logistik & gudang,forklift,1,275404189,275404189,lost (gagal),0
trx-21000,4/29/2023,sumatera,perkebunan,excavator,1,2731580174,2731580174,won (berhasil),2731580174
trx-22871,3/20/2021,kalimantan,perkebunan,forklift,5,235527060,1177635300,lost (gagal),0
trx-20018,3/29/2022,kalimantan,pertambangan,genset (generator set),2,413580049,827160098,lost (gagal),0
trx-22997,4/13/2022,sumatera,pertambangan,excavator,2,2880744457,5761488914,in progress,0
trx-21269,4/27/2022,sulawesi,pertambangan,forklift,1,225184061,225184061,in progress,0
trx-21713,8/19/2023,sumatera,perkebunan,genset (generator set),1,200343212,200343212,in progress,0
trx-21309,3/12/2023,jawa,pertambangan,excavator,2,2821657883,5643315766,won (berhasil),5643315766
trx-21608,4/19/2023,papua,pertambangan,genset (generator set),3,218285490,654856470,won (berhasil),654856470
trx-22854,3/17/2021,kalimantan,pertambangan,tractor agrikultur,5,1390085478,6950427390,won (berhasil),6950427390
trx-21912,2/18/2022,papua,pertambangan,forklift,3,479842814,1439528442,won (berhasil),1439528442
trx-22053,2/11/2023,kalimantan,konstruksi,genset (generator set),3,484718660,1454155980,won (berhasil),1454155980
trx-21422,3/10/2021,papua,konstruksi,genset (generator set),5,173805034,869025170,won (berhasil),869025170
trx-20360,12/13/2023,jawa,pertambangan,tractor agrikultur,5,1445270923,7226354615,won (berhasil),7226354615
trx-22600,9/16/2023,sulawesi,logistik & gudang,excavator,2,2977927819,5955855638,won (berhasil),5955855638
trx-21882,9/10/2021,sumatera,logistik & gudang,genset (generator set),3,180763965,542291895,won (berhasil),542291895
trx-21157,10/15/2021,jawa,manufaktur,tractor agrikultur,2,1219075355,2438150710,lost (gagal),0
trx-22275,11/16/2021,sumatera,perkebunan,excavator,1,2437202431,2437202431,lost (gagal),0
trx-21637,1/1/2023,papua,konstruksi,genset (generator set),2,203236942,406473884,lost (gagal),0
trx-20344,1/11/2023,sulawesi,manufaktur,genset (generator set),2,494749773,989499546,won (berhasil),989499546
trx-20986,12/25/2023,unknown,perkebunan,genset (generator set),2,389298832,778597664,in progress,0
trx-21322,6/13/2022,papua,logistik & gudang,genset (generator set),5,493353866,2466769330,won (berhasil),2466769330
trx-21789,12/12/2023,papua,konstruksi,genset (generator set),4,317007778,1268031112,won (berhasil),1268031112
trx-22323,9/5/2021,kalimantan,logistik & gudang,genset (generator set),1,472106965,472106965,lost (gagal),0
trx-22236,10/23/2022,sumatera,konstruksi,genset (generator set),4,236882560,947530240,won (berhasil),947530240
trx-22703,7/30/2022,kalimantan,pertambangan,tractor agrikultur,4,1357524757,5430099028,lost (gagal),0
trx-22709,10/22/2023,sulawesi,pertambangan,genset (generator set),1,334171432,334171432,won (berhasil),334171432
trx-20085,8/19/2022,sumatera,pertambangan,tractor agrikultur,5,1398958456,6994792280,won (berhasil),6994792280
trx-22098,3/2/2023,kalimantan,pertambangan,genset (generator set),5,253407504,1267037520,in progress,0
trx-20668,3/18/2022,sulawesi,pertambangan,tractor agrikultur,5,1105789887,5528949435,in progress,0
trx-21014,5/18/2021,sumatera,pertambangan,genset (generator set),5,227787077,1138935385,lost (gagal),0
trx-20128,12/23/2023,kalimantan,pertambangan,forklift,5,204380210,1021901050,won (berhasil),1021901050
trx-21951,2/16/2022,papua,pertambangan,genset (generator set),2,490966305,981932610,lost (gagal),0
trx-21206,6/6/2021,kalimantan,konstruksi,genset (generator set),4,190078570,760314280,lost (gagal),0
trx-20891,12/15/2021,sumatera,perkebunan,forklift,5,510339112,2551695560,lost (gagal),0
trx-21897,8/26/2023,sulawesi,logistik & gudang,tractor agrikultur,5,1166771973,5833859865,lost (gagal),0
trx-20307,4/1/2022,unknown,pertambangan,genset (generator set),3,230386106,691158318,won (berhasil),691158318
trx-20383,12/30/2022,sumatera,perkebunan,excavator,1,1614101145,1614101145,won (berhasil),1614101145
trx-21911,10/13/2022,papua,pertambangan,genset (generator set),3,360804062,1082412186,in progress,0
trx-21378,5/11/2023,papua,konstruksi,forklift,4,278936153,1115744612,lost (gagal),0
trx-20426,4/3/2023,kalimantan,perkebunan,genset (generator set),3,289670081,869010243,won (berhasil),869010243
trx-20494,6/7/2023,jawa,konstruksi,genset (generator set),4,399464639,1597858556,lost (gagal),0
trx-22470,11/3/2022,papua,konstruksi,excavator,2,2261641571,4523283142,won (berhasil),4523283142
trx-22232,12/19/2021,kalimantan,pertambangan,forklift,4,550571396,2202285584,won (berhasil),2202285584
trx-21313,4/3/2022,jawa,logistik & gudang,excavator,2,2200696390,4401392780,won (berhasil),4401392780
trx-21359,4/7/2023,sumatera,perkebunan,excavator,2,2827086834,5654173668,won (berhasil),5654173668
trx-20275,2/8/2022,papua,konstruksi,forklift,4,574066412,2296265648,lost (gagal),0
trx-20489,7/16/2021,papua,pertambangan,tractor agrikultur,3,1295657599,3886972797,lost (gagal),0
trx-21584,11/16/2021,kalimantan,manufaktur,tractor agrikultur,4,1092388559,4369554236,won (berhasil),4369554236
trx-20690,5/30/2022,sumatera,perkebunan,tractor agrikultur,5,1397509773,6987548865,in progress,0
trx-21376,2/9/2021,kalimantan,manufaktur,excavator,2,1605885337,3211770674,won (berhasil),3211770674
trx-21204,11/30/2022,jawa,perkebunan,tractor agrikultur,1,1279319354,1279319354,lost (gagal),0
trx-22988,9/4/2022,sumatera,perkebunan,genset (generator set),1,352515605,352515605,won (berhasil),352515605
trx-22240,3/26/2022,jawa,manufaktur,forklift,4,403930094,1615720376,won (berhasil),1615720376
trx-22114,1/22/2022,papua,logistik & gudang,genset (generator set),5,459508986,2297544930,won (berhasil),2297544930
trx-21058,1/21/2021,papua,logistik & gudang,forklift,5,409789198,2048945990,won (berhasil),2048945990
trx-20118,1/14/2021,sumatera,pertambangan,tractor agrikultur,5,1168213130,5841065650,won (berhasil),5841065650
trx-21024,8/15/2021,jawa,lainnya,genset (generator set),5,373807066,1869035330,won (berhasil),1869035330
trx-22419,12/15/2021,papua,perkebunan,excavator,2,2964390369,5928780738,won (berhasil),5928780738
trx-20281,7/12/2021,jawa,manufaktur,excavator,2,1976838542,3953677084,won (berhasil),3953677084
trx-21565,1/24/2021,kalimantan,pertambangan,genset (generator set),3,163417180,490251540,won (berhasil),490251540
trx-22372,10/26/2023,kalimantan,pertambangan,excavator,2,1820830431,3641660862,lost (gagal),0
trx-20968,8/14/2022,sumatera,perkebunan,tractor agrikultur,1,989119413,989119413,won (berhasil),989119413
trx-21208,1/4/2021,sumatera,manufaktur,excavator,1,1687794838,1687794838,lost (gagal),0
trx-21239,1/19/2021,papua,pertambangan,forklift,4,381691711,1526766844,won (berhasil),1526766844
trx-22486,12/12/2021,kalimantan,manufaktur,excavator,2,2216014398,4432028796,won (berhasil),4432028796
trx-22024,8/30/2021,jawa,manufaktur,genset (generator set),3,202054958,606164874,won (berhasil),606164874
trx-20304,4/18/2021,sulawesi,konstruksi,genset (generator set),2,463082774,926165548,lost (gagal),0
trx-21922,6/11/2021,sulawesi,konstruksi,forklift,5,536363060,2681815300,lost (gagal),0
trx-21421,4/1/2023,sumatera,perkebunan,tractor agrikultur,5,1471806740,7359033700,lost (gagal),0
trx-21580,9/28/2021,sumatera,perkebunan,excavator,1,2321479805,2321479805,won (berhasil),2321479805
trx-22274,8/7/2022,jawa,pertambangan,genset (generator set),4,377519840,1510079360,won (berhasil),1510079360
trx-22066,9/5/2021,sulawesi,manufaktur,genset (generator set),1,465522918,465522918,won (berhasil),465522918
trx-20575,10/2/2022,papua,pertambangan,genset (generator set),3,328181765,984545295,won (berhasil),984545295
trx-21949,2/2/2023,jawa,logistik & gudang,genset (generator set),5,482165550,2410827750,won (berhasil),2410827750
trx-22615,9/9/2023,jawa,manufaktur,excavator,2,2085419214,4170838428,won (berhasil),4170838428
trx-22667,12/21/2022,papua,perkebunan,forklift,3,346760377,1040281131,won (berhasil),1040281131
trx-22918,3/31/2023,kalimantan,manufaktur,excavator,2,2289531540,4579063080,won (berhasil),4579063080
trx-21241,3/11/2022,sumatera,perkebunan,excavator,1,2242156154,2242156154,won (berhasil),2242156154
trx-20843,12/19/2021,papua,konstruksi,tractor agrikultur,5,1480981115,7404905575,won (berhasil),7404905575
trx-22936,3/1/2022,papua,konstruksi,tractor agrikultur,3,900088711,2700266133,won (berhasil),2700266133
trx-20269,4/25/2021,sulawesi,logistik & gudang,tractor agrikultur,5,916891753,4584458765,won (berhasil),4584458765
trx-20629,12/17/2021,kalimantan,pertambangan,forklift,5,545576481,2727882405,won (berhasil),2727882405
trx-21033,10/9/2022,sumatera,perkebunan,excavator,1,1989326994,1989326994,won (berhasil),1989326994
trx-20286,8/16/2022,sumatera,perkebunan,genset (generator set),1,339311539,339311539,in progress,0
trx-22246,8/21/2021,kalimantan,perkebunan,genset (generator set),2,191946708,383893416,lost (gagal),0
trx-20300,4/1/2021,sumatera,logistik & gudang,genset (generator set),4,248084458,992337832,won (berhasil),992337832
trx-21953,2/13/2021,kalimantan,perkebunan,forklift,3,422656870,1267970610,lost (gagal),0
trx-21889,5/3/2023,papua,perkebunan,genset (generator set),5,301462289,1507311445,won (berhasil),1507311445
trx-21377,12/3/2023,kalimantan,pertambangan,excavator,1,2308606576,2308606576,lost (gagal),0
trx-20065,1/12/2023,sumatera,manufaktur,genset (generator set),1,456766994,456766994,won (berhasil),456766994
trx-22776,6/13/2021,sumatera,perkebunan,excavator,2,2887797178,5775594356,lost (gagal),0
trx-20890,4/22/2023,kalimantan,pertambangan,forklift,2,459234906,918469812,lost (gagal),0
trx-21559,6/12/2022,jawa,konstruksi,forklift,5,536606573,2683032865,won (berhasil),2683032865
trx-21844,4/16/2022,sulawesi,manufaktur,genset (generator set),5,149917428,749587140,won (berhasil),749587140
trx-21807,12/24/2022,sulawesi,pertambangan,genset (generator set),1,271118478,271118478,won (berhasil),271118478
trx-21381,7/22/2022,jawa,pertambangan,forklift,3,273893324,821679972,won (berhasil),821679972
trx-20503,7/27/2022,papua,pertambangan,forklift,5,461954977,2309774885,lost (gagal),0
trx-21270,6/25/2021,sulawesi,pertambangan,tractor agrikultur,5,1476222970,7381114850,won (berhasil),7381114850
trx-22185,8/14/2022,sumatera,konstruksi,genset (generator set),2,175249969,350499938,won (berhasil),350499938
trx-21512,10/10/2022,jawa,logistik & gudang,genset (generator set),1,200033444,200033444,lost (gagal),0
trx-21289,1/4/2022,kalimantan,konstruksi,tractor agrikultur,4,1052342622,4209370488,won (berhasil),4209370488
trx-21004,11/13/2022,kalimantan,perkebunan,tractor agrikultur,2,1259704564,2519409128,won (berhasil),2519409128
trx-20836,8/10/2021,jawa,konstruksi,forklift,5,392335658,1961678290,in progress,0
trx-21612,1/18/2021,papua,pertambangan,tractor agrikultur,4,1349954917,5399819668,won (berhasil),5399819668
trx-20374,7/3/2023,sumatera,pertambangan,tractor agrikultur,2,1396321627,2792643254,lost (gagal),0
trx-21505,3/18/2023,kalimantan,pertambangan,genset (generator set),2,202994228,405988456,in progress,0
trx-22528,4/14/2023,kalimantan,pertambangan,genset (generator set),5,219070393,1095351965,lost (gagal),0
trx-21864,9/3/2021,papua,konstruksi,excavator,1,1680225980,1680225980,lost (gagal),0
trx-22461,1/4/2022,jawa,pertambangan,tractor agrikultur,4,1487921776,5951687104,won (berhasil),5951687104
trx-22106,7/26/2022,papua,manufaktur,excavator,2,2522718538,5045437076,lost (gagal),0
trx-20751,5/12/2022,sumatera,perkebunan,excavator,2,2979242321,5958484642,won (berhasil),5958484642
trx-20099,11/8/2023,kalimantan,perkebunan,genset (generator set),2,299686598,599373196,won (berhasil),599373196
trx-22924,10/14/2021,jawa,perkebunan,tractor agrikultur,3,1400707564,4202122692,won (berhasil),4202122692
trx-20866,7/24/2023,jawa,manufaktur,tractor agrikultur,3,1481864642,4445593926,lost (gagal),0
trx-20910,1/16/2023,kalimantan,pertambangan,forklift,5,442161978,2210809890,lost (gagal),0
trx-21385,6/17/2021,kalimantan,pertambangan,forklift,2,222492889,444985778,won (berhasil),444985778
trx-20529,3/24/2022,sulawesi,perkebunan,tractor agrikultur,5,1068704396,5343521980,won (berhasil),5343521980
trx-20636,10/27/2021,jawa,pertambangan,forklift,2,246793102,493586204,won (berhasil),493586204
trx-20185,1/21/2023,sulawesi,perkebunan,forklift,5,503819881,2519099405,won (berhasil),2519099405
trx-22119,9/11/2021,kalimantan,pertambangan,genset (generator set),1,106253809,106253809,won (berhasil),106253809
trx-22607,7/1/2023,sumatera,perkebunan,forklift,5,287707596,1438537980,in progress,0
trx-20931,5/2/2021,sumatera,logistik & gudang,genset (generator set),5,257091347,1285456735,lost (gagal),0
trx-21446,4/18/2021,jawa,perkebunan,genset (generator set),3,369970881,1109912643,won (berhasil),1109912643
trx-22332,6/14/2021,sulawesi,pertambangan,tractor agrikultur,1,1037256022,1037256022,won (berhasil),1037256022
trx-21462,5/26/2021,sumatera,perkebunan,tractor agrikultur,3,1319401199,3958203597,won (berhasil),3958203597
trx-22438,9/15/2021,jawa,pertambangan,tractor agrikultur,4,1157868370,4631473480,in progress,0
trx-22103,11/14/2021,kalimantan,konstruksi,excavator,2,1596665589,3193331178,won (berhasil),3193331178
trx-20607,8/10/2023,sulawesi,manufaktur,genset (generator set),4,201732827,806931308,lost (gagal),0
trx-21407,7/21/2021,jawa,konstruksi,forklift,1,323524055,323524055,won (berhasil),323524055
trx-20151,1/9/2021,papua,pertambangan,tractor agrikultur,4,830623221,3322492884,lost (gagal),0
trx-22010,5/6/2023,kalimantan,pertambangan,tractor agrikultur,2,1408201170,2816402340,won (berhasil),2816402340
trx-22177,3/9/2022,sumatera,perkebunan,tractor agrikultur,5,1345903070,6729515350,lost (gagal),0
trx-20731,2/28/2021,papua,pertambangan,forklift,5,302169403,1510847015,won (berhasil),1510847015
trx-21402,11/11/2023,sumatera,konstruksi,excavator,1,1658681473,1658681473,won (berhasil),1658681473
trx-21672,11/14/2023,sulawesi,perkebunan,tractor agrikultur,2,1116237765,2232475530,won (berhasil),2232475530
trx-22774,12/7/2022,unknown,konstruksi,forklift,4,523413335,2093653340,won (berhasil),2093653340
trx-20023,5/7/2022,papua,pertambangan,excavator,1,2832103468,2832103468,won (berhasil),2832103468
trx-21736,1/10/2022,sulawesi,logistik & gudang,tractor agrikultur,1,1367672027,1367672027,won (berhasil),1367672027
trx-20158,11/25/2022,sulawesi,perkebunan,tractor agrikultur,3,1217875040,3653625120,in progress,0
trx-20861,9/5/2021,jawa,logistik & gudang,excavator,2,1803426357,3606852714,won (berhasil),3606852714
trx-20902,4/10/2022,sumatera,perkebunan,tractor agrikultur,1,1232752550,1232752550,won (berhasil),1232752550
trx-21498,10/31/2023,sumatera,pertambangan,tractor agrikultur,1,1440088975,1440088975,lost (gagal),0
trx-21230,9/25/2022,papua,logistik & gudang,genset (generator set),1,100328195,100328195,lost (gagal),0
trx-22290,7/6/2023,papua,pertambangan,tractor agrikultur,3,1276425630,3829276890,won (berhasil),3829276890
trx-20444,7/18/2023,papua,konstruksi,tractor agrikultur,5,1206845732,6034228660,won (berhasil),6034228660
trx-22985,5/2/2022,sulawesi,pertambangan,genset (generator set),5,203496299,1017481495,lost (gagal),0
trx-20754,11/20/2021,sumatera,logistik & gudang,forklift,5,459716737,2298583685,lost (gagal),0
trx-20923,8/14/2023,sulawesi,logistik & gudang,genset (generator set),5,183338865,916694325,won (berhasil),916694325
trx-20311,6/10/2022,sulawesi,pertambangan,excavator,1,1920926745,1920926745,lost (gagal),0
trx-20548,3/6/2021,sumatera,perkebunan,excavator,1,2835098100,2835098100,won (berhasil),2835098100
trx-22166,9/24/2022,papua,perkebunan,excavator,2,1861120317,3722240634,won (berhasil),3722240634
trx-21763,7/22/2022,sulawesi,logistik & gudang,genset (generator set),2,373765563,747531126,won (berhasil),747531126
trx-20306,6/3/2023,kalimantan,pertambangan,forklift,2,347398786,694797572,in progress,0
trx-20287,2/4/2021,sulawesi,konstruksi,tractor agrikultur,3,1336819301,4010457903,won (berhasil),4010457903
trx-20694,5/14/2023,kalimantan,konstruksi,genset (generator set),5,310708082,1553540410,won (berhasil),1553540410
trx-20308,3/24/2021,jawa,perkebunan,excavator,2,1945808167,3891616334,won (berhasil),3891616334
trx-22357,6/25/2023,jawa,pertambangan,forklift,1,222596752,222596752,won (berhasil),222596752
trx-20749,4/26/2021,kalimantan,pertambangan,forklift,3,358565693,1075697079,won (berhasil),1075697079
trx-21502,6/4/2021,kalimantan,pertambangan,excavator,2,1859329211,3718658422,won (berhasil),3718658422
trx-22475,3/3/2021,sumatera,pertambangan,excavator,2,2747182414,5494364828,lost (gagal),0
trx-20908,3/2/2022,sumatera,pertambangan,genset (generator set),4,482344312,1929377248,lost (gagal),0
trx-22976,11/12/2021,papua,konstruksi,forklift,3,430153397,1290460191,in progress,0
trx-22417,2/21/2022,papua,konstruksi,forklift,1,490212957,490212957,won (berhasil),490212957
trx-21344,5/21/2021,sumatera,manufaktur,forklift,1,327813398,327813398,won (berhasil),327813398
trx-22534,8/3/2023,papua,pertambangan,tractor agrikultur,4,921486462,3685945848,won (berhasil),3685945848
trx-20970,4/5/2022,kalimantan,manufaktur,forklift,1,553671140,553671140,won (berhasil),553671140
trx-20013,8/24/2021,papua,konstruksi,genset (generator set),2,254793320,509586640,lost (gagal),0
trx-20873,1/3/2022,papua,logistik & gudang,genset (generator set),1,423316576,423316576,lost (gagal),0
trx-20808,4/29/2021,jawa,pertambangan,excavator,1,1544824806,1544824806,won (berhasil),1544824806
trx-22621,11/17/2023,kalimantan,konstruksi,genset (generator set),4,414293664,1657174656,won (berhasil),1657174656
trx-20514,7/23/2023,kalimantan,pertambangan,tractor agrikultur,1,880899495,880899495,lost (gagal),0
trx-22451,1/26/2023,kalimantan,pertambangan,excavator,1,1778002041,1778002041,lost (gagal),0
trx-20409,1/18/2021,sulawesi,konstruksi,tractor agrikultur,5,968169101,4840845505,lost (gagal),0
trx-22282,11/15/2022,sulawesi,manufaktur,genset (generator set),5,194280959,971404795,won (berhasil),971404795
trx-22296,3/17/2022,kalimantan,manufaktur,forklift,1,272214857,272214857,in progress,0
trx-22409,8/10/2021,jawa,logistik & gudang,excavator,1,2220838918,2220838918,lost (gagal),0
trx-21286,8/20/2021,sulawesi,manufaktur,forklift,4,581821025,2327284100,lost (gagal),0
trx-21406,7/15/2023,sulawesi,manufaktur,excavator,4,125774356,503097424,won (berhasil),503097424
trx-21537,7/6/2021,papua,pertambangan,forklift,5,528388676,2641943380,lost (gagal),0
trx-20382,5/13/2023,jawa,logistik & gudang,forklift,2,467937516,935875032,won (berhasil),935875032
trx-21644,12/16/2022,sumatera,perkebunan,excavator,2,2070301484,4140602968,won (berhasil),4140602968
trx-22222,10/12/2021,sumatera,perkebunan,tractor agrikultur,5,835206204,4176031020,won (berhasil),4176031020
trx-22506,6/29/2022,sulawesi,manufaktur,tractor agrikultur,2,1079064630,2158129260,won (berhasil),2158129260
trx-22058,6/21/2021,sumatera,perkebunan,genset (generator set),4,261699597,1046798388,lost (gagal),0
trx-21419,12/24/2022,jawa,manufaktur,genset (generator set),5,109302888,546514440,lost (gagal),0
trx-20552,2/28/2021,papua,perkebunan,excavator,2,1796756216,3593512432,won (berhasil),3593512432
trx-20222,9/11/2023,jawa,manufaktur,forklift,4,536858801,2147435204,in progress,0
trx-21096,12/13/2021,jawa,perkebunan,tractor agrikultur,5,1481405410,7407027050,in progress,0
trx-22641,9/26/2021,sulawesi,konstruksi,genset (generator set),3,404490511,1213471533,won (berhasil),1213471533
trx-20008,2/10/2023,sumatera,perkebunan,forklift,5,542756089,2713780445,lost (gagal),0
trx-21545,9/21/2023,papua,pertambangan,genset (generator set),2,380962991,761925982,won (berhasil),761925982
trx-20316,2/1/2022,sulawesi,pertambangan,genset (generator set),4,350648089,1402592356,won (berhasil),1402592356
trx-20427,2/8/2021,sulawesi,manufaktur,forklift,5,486757250,2433786250,won (berhasil),2433786250
trx-20105,9/3/2023,sulawesi,pertambangan,excavator,1,2867133877,2867133877,won (berhasil),2867133877
trx-22014,2/26/2022,jawa,konstruksi,genset (generator set),2,428276772,856553544,lost (gagal),0
trx-20142,4/3/2022,kalimantan,perkebunan,forklift,5,446333044,2231665220,won (berhasil),2231665220
trx-20121,1/1/2021,sulawesi,logistik & gudang,forklift,1,285192509,285192509,lost (gagal),0
trx-22408,7/17/2021,kalimantan,konstruksi,forklift,2,397045683,794091366,won (berhasil),794091366
trx-22912,3/7/2022,jawa,konstruksi,forklift,5,255362495,1276812475,lost (gagal),0
trx-21189,8/11/2023,kalimantan,logistik & gudang,excavator,2,2316794167,4633588334,lost (gagal),0
trx-21980,3/3/2023,papua,pertambangan,excavator,2,1939517824,3879035648,won (berhasil),3879035648
trx-22643,3/10/2021,jawa,konstruksi,excavator,2,1575799522,3151599044,won (berhasil),3151599044
trx-21432,8/14/2023,sumatera,perkebunan,excavator,4,227017695,908070780,won (berhasil),908070780
trx-20115,10/4/2023,sumatera,perkebunan,tractor agrikultur,2,1422064934,2844129868,lost (gagal),0
trx-22111,4/7/2023,sulawesi,manufaktur,genset (generator set),1,230532536,230532536,won (berhasil),230532536
trx-21993,1/4/2022,papua,pertambangan,excavator,1,2738850429,2738850429,won (berhasil),2738850429
trx-22178,8/9/2023,sulawesi,pertambangan,excavator,1,2792888251,2792888251,won (berhasil),2792888251
trx-22844,10/27/2023,sumatera,pertambangan,genset (generator set),3,313003410,939010230,won (berhasil),939010230
trx-22996,11/30/2021,sulawesi,konstruksi,genset (generator set),5,139382048,696910240,won (berhasil),696910240
trx-21670,3/11/2021,jawa,logistik & gudang,excavator,2,2598883166,5197766332,won (berhasil),5197766332
trx-21874,1/7/2022,kalimantan,logistik & gudang,excavator,1,1575044775,1575044775,won (berhasil),1575044775
trx-20672,1/29/2021,kalimantan,konstruksi,tractor agrikultur,2,1233189303,2466378606,won (berhasil),2466378606
trx-21812,12/23/2022,jawa,logistik & gudang,genset (generator set),2,279994145,559988290,lost (gagal),0
trx-22754,12/26/2021,papua,pertambangan,genset (generator set),3,211347452,634042356,lost (gagal),0
trx-20591,12/18/2023,sumatera,logistik & gudang,forklift,4,577132355,2308529420,won (berhasil),2308529420
trx-21468,3/26/2023,unknown,perkebunan,forklift,5,413026700,2065133500,won (berhasil),2065133500
trx-20888,8/24/2022,jawa,perkebunan,genset (generator set),1,145198629,145198629,lost (gagal),0
trx-21831,8/29/2023,kalimantan,pertambangan,genset (generator set),2,274074578,548149156,won (berhasil),548149156
trx-21431,7/21/2021,kalimantan,pertambangan,forklift,3,316497580,949492740,in progress,0
trx-22820,7/11/2022,sumatera,perkebunan,tractor agrikultur,3,1090576706,3271730118,won (berhasil),3271730118
trx-20213,10/16/2021,sumatera,pertambangan,excavator,1,1639958751,1639958751,lost (gagal),0
trx-20778,11/28/2023,kalimantan,pertambangan,tractor agrikultur,4,1054738729,4218954916,won (berhasil),4218954916
trx-21743,6/24/2021,papua,pertambangan,genset (generator set),3,304297878,912893634,lost (gagal),0
trx-20800,2/18/2021,kalimantan,manufaktur,tractor agrikultur,1,1128443171,1128443171,won (berhasil),1128443171
trx-22795,8/20/2023,sumatera,manufaktur,excavator,2,2322233128,4644466256,won (berhasil),4644466256
trx-21771,2/19/2021,kalimantan,pertambangan,genset (generator set),1,250774232,250774232,won (berhasil),250774232
trx-22210,2/27/2023,jawa,logistik & gudang,excavator,2,1584342843,3168685686,won (berhasil),3168685686
trx-22320,5/31/2023,kalimantan,pertambangan,tractor agrikultur,4,1248259431,4993037724,lost (gagal),0
trx-22706,1/8/2023,sulawesi,pertambangan,excavator,1,2473380731,2473380731,won (berhasil),2473380731
trx-22756,8/8/2022,sumatera,pertambangan,forklift,3,275156531,825469593,lost (gagal),0
trx-20273,8/21/2021,kalimantan,pertambangan,forklift,5,397025074,1985125370,in progress,0
trx-20071,2/20/2023,jawa,perkebunan,excavator,1,1852721910,1852721910,won (berhasil),1852721910
trx-21867,12/6/2023,sumatera,pertambangan,genset (generator set),3,258948487,776845461,won (berhasil),776845461
trx-21087,1/19/2022,sumatera,perkebunan,forklift,2,429640252,859280504,won (berhasil),859280504
trx-20394,9/10/2021,unknown,logistik & gudang,genset (generator set),2,484023223,968046446,won (berhasil),968046446
trx-20583,12/30/2023,sumatera,logistik & gudang,genset (generator set),1,264995306,264995306,won (berhasil),264995306
trx-22050,6/20/2021,sumatera,perkebunan,excavator,1,1509826438,1509826438,won (berhasil),1509826438
trx-22266,9/26/2021,jawa,logistik & gudang,genset (generator set),3,192943285,578829855,lost (gagal),0
trx-20500,6/21/2022,papua,perkebunan,tractor agrikultur,5,1321240131,6606200655,won (berhasil),6606200655
trx-22258,8/22/2021,sumatera,perkebunan,forklift,2,391037845,782075690,lost (gagal),0
trx-22785,2/6/2022,unknown,perkebunan,forklift,1,491819750,491819750,won (berhasil),491819750
trx-21538,2/25/2022,papua,pertambangan,tractor agrikultur,5,1389340709,6946703545,won (berhasil),6946703545
trx-21259,12/31/2022,kalimantan,konstruksi,forklift,4,538500906,2154003624,won (berhasil),2154003624
trx-21681,10/10/2023,papua,pertambangan,forklift,3,318728650,956185950,won (berhasil),956185950
trx-21818,2/19/2021,sulawesi,konstruksi,forklift,4,347648271,1390593084,won (berhasil),1390593084
trx-20205,11/16/2022,sulawesi,perkebunan,genset (generator set),3,462003815,1386011445,lost (gagal),0
trx-20733,6/20/2022,jawa,konstruksi,forklift,1,458546567,458546567,won (berhasil),458546567
trx-22841,8/21/2021,sumatera,pertambangan,genset (generator set),3,128760098,386280294,won (berhasil),386280294
trx-20526,1/24/2022,kalimantan,pertambangan,tractor agrikultur,4,812002463,3248009852,won (berhasil),3248009852
trx-22561,3/16/2022,sumatera,konstruksi,genset (generator set),4,109292234,437168936,in progress,0
trx-20898,9/7/2021,papua,konstruksi,excavator,1,2022508922,2022508922,won (berhasil),2022508922
trx-20377,6/11/2022,papua,pertambangan,tractor agrikultur,3,1368717216,4106151648,won (berhasil),4106151648
trx-22380,12/8/2023,kalimantan,pertambangan,tractor agrikultur,3,1403657648,4210972944,lost (gagal),0
trx-22726,8/21/2021,papua,konstruksi,tractor agrikultur,5,1229955086,6149775430,won (berhasil),6149775430
trx-21511,9/23/2021,jawa,logistik & gudang,tractor agrikultur,1,948694670,948694670,lost (gagal),0
trx-20386,12/19/2022,jawa,perkebunan,genset (generator set),4,331721990,1326887960,won (berhasil),1326887960
trx-20198,1/17/2021,unknown,perkebunan,tractor agrikultur,4,1406863173,5627452692,lost (gagal),0
trx-21050,10/1/2023,sumatera,perkebunan,genset (generator set),2,165713497,331426994,in progress,0
trx-20590,9/27/2022,jawa,pertambangan,excavator,2,1968759481,3937518962,lost (gagal),0
trx-20519,4/27/2023,sulawesi,perkebunan,tractor agrikultur,1,922547855,922547855,won (berhasil),922547855
trx-22057,7/18/2021,kalimantan,konstruksi,genset (generator set),2,411578223,823156446,won (berhasil),823156446
trx-22077,9/10/2022,sumatera,manufaktur,excavator,2,2364473197,4728946394,lost (gagal),0
trx-20429,9/13/2021,sulawesi,perkebunan,excavator,1,2065359399,2065359399,won (berhasil),2065359399
trx-21083,2/16/2021,papua,pertambangan,excavator,1,2034358389,2034358389,won (berhasil),2034358389
trx-20207,6/26/2022,sulawesi,pertambangan,genset (generator set),3,135220561,405661683,won (berhasil),405661683
trx-20491,2/20/2021,jawa,logistik & gudang,tractor agrikultur,2,1263425369,2526850738,in progress,0
trx-21398,1/29/2023,sumatera,logistik & gudang,tractor agrikultur,3,1466855373,4400566119,lost (gagal),0
trx-22959,8/21/2023,sulawesi,pertambangan,tractor agrikultur,2,1142607022,2285214044,lost (gagal),0
trx-20792,4/30/2023,kalimantan,konstruksi,genset (generator set),4,241262400,965049600,won (berhasil),965049600
trx-22533,6/17/2021,sumatera,perkebunan,forklift,3,399817455,1199452365,in progress,0
trx-21186,5/7/2021,sumatera,perkebunan,tractor agrikultur,5,1236950599,6184752995,lost (gagal),0
trx-21185,7/30/2023,unknown,manufaktur,tractor agrikultur,5,1166256086,5831280430,won (berhasil),5831280430
trx-22787,6/6/2021,jawa,perkebunan,forklift,3,589764929,1769294787,lost (gagal),0
trx-21405,12/13/2022,sulawesi,manufaktur,genset (generator set),2,460702298,921404596,won (berhasil),921404596
trx-22911,8/23/2023,sumatera,logistik & gudang,tractor agrikultur,5,1275881986,6379409930,lost (gagal),0
trx-20083,11/11/2021,kalimantan,pertambangan,excavator,1,2178602612,2178602612,lost (gagal),0
trx-22406,8/26/2023,papua,pertambangan,tractor agrikultur,4,1429305509,5717222036,won (berhasil),5717222036
trx-22273,4/28/2021,jawa,konstruksi,excavator,1,2548302673,2548302673,won (berhasil),2548302673
trx-20020,2/3/2021,kalimantan,pertambangan,forklift,3,586058144,1758174432,lost (gagal),0
trx-22963,9/15/2021,kalimantan,konstruksi,forklift,4,447761826,1791047304,won (berhasil),1791047304
trx-21754,1/17/2023,kalimantan,pertambangan,excavator,2,1747927925,3495855850,won (berhasil),3495855850
trx-22019,10/14/2022,papua,konstruksi,tractor agrikultur,5,1266702339,6333511695,won (berhasil),6333511695
trx-22737,6/7/2021,jawa,perkebunan,genset (generator set),3,326163897,978491691,won (berhasil),978491691
trx-22018,2/11/2021,sulawesi,pertambangan,genset (generator set),4,298034790,1192139160,lost (gagal),0
trx-20973,8/14/2021,sulawesi,logistik & gudang,excavator,1,2986926923,2986926923,won (berhasil),2986926923
trx-22836,11/9/2021,jawa,manufaktur,genset (generator set),1,201776122,201776122,in progress,0
trx-20883,2/15/2021,kalimantan,pertambangan,genset (generator set),5,388507201,1942536005,won (berhasil),1942536005
trx-21098,7/9/2022,papua,pertambangan,excavator,2,2264542395,4529084790,won (berhasil),4529084790
trx-20156,11/8/2022,kalimantan,lainnya,forklift,1,579447178,579447178,won (berhasil),579447178
trx-22313,2/12/2023,sumatera,pertambangan,forklift,2,357133561,714267122,won (berhasil),714267122
trx-20886,7/19/2022,sumatera,manufaktur,tractor agrikultur,4,1167696133,4670784532,in progress,0
trx-21566,9/27/2023,sumatera,konstruksi,excavator,1,1776485956,1776485956,won (berhasil),1776485956
trx-22576,11/18/2023,jawa,logistik & gudang,forklift,4,444055738,1776222952,won (berhasil),1776222952
trx-21904,1/7/2023,sulawesi,logistik & gudang,genset (generator set),3,376552158,1129656474,lost (gagal),0
trx-22218,2/20/2022,papua,manufaktur,tractor agrikultur,3,1238920665,3716761995,lost (gagal),0
trx-22692,10/26/2023,papua,pertambangan,genset (generator set),1,491173515,491173515,won (berhasil),491173515
trx-20458,8/21/2022,sumatera,manufaktur,tractor agrikultur,4,1350194109,5400776436,lost (gagal),0
trx-21973,5/10/2023,kalimantan,konstruksi,excavator,1,2460386878,2460386878,won (berhasil),2460386878
trx-20078,7/21/2022,jawa,logistik & gudang,tractor agrikultur,1,1173245407,1173245407,lost (gagal),0
trx-22961,11/5/2023,papua,konstruksi,tractor agrikultur,5,1027079834,5135399170,in progress,0
trx-21056,6/25/2022,sumatera,perkebunan,excavator,1,2113250166,2113250166,in progress,0
trx-20906,11/1/2023,sumatera,konstruksi,genset (generator set),4,215403652,861614608,lost (gagal),0
trx-21739,2/13/2023,jawa,perkebunan,excavator,1,2992231284,2992231284,won (berhasil),2992231284
trx-22249,2/21/2021,sumatera,perkebunan,excavator,1,1567977300,1567977300,won (berhasil),1567977300
trx-22740,12/29/2023,kalimantan,konstruksi,genset (generator set),2,215995235,431990470,lost (gagal),0
trx-20380,1/30/2023,jawa,logistik & gudang,forklift,2,506653613,1013307226,won (berhasil),1013307226
trx-20947,10/24/2023,sulawesi,konstruksi,forklift,5,327899000,1639495000,lost (gagal),0
trx-21788,6/17/2023,jawa,manufaktur,excavator,2,2682095337,5364190674,won (berhasil),5364190674
trx-22995,7/21/2023,sumatera,pertambangan,excavator,2,2571671226,5143342452,lost (gagal),0
trx-20715,12/3/2023,sulawesi,manufaktur,forklift,3,275279583,825838749,won (berhasil),825838749
trx-22373,9/21/2023,sumatera,perkebunan,genset (generator set),3,442528882,1327586646,in progress,0
trx-20686,1/9/2021,kalimantan,konstruksi,forklift,1,244009572,244009572,won (berhasil),244009572
trx-22608,5/30/2023,sumatera,manufaktur,tractor agrikultur,2,1151138319,2302276638,lost (gagal),0
trx-21293,5/22/2021,sumatera,manufaktur,genset (generator set),2,214769703,429539406,lost (gagal),0
trx-20305,11/1/2022,jawa,pertambangan,forklift,5,243060212,1215301060,lost (gagal),0
trx-20209,8/28/2021,sulawesi,logistik & gudang,excavator,2,2268009813,4536019626,won (berhasil),4536019626
trx-21554,11/7/2022,sumatera,logistik & gudang,tractor agrikultur,5,1226882569,6134412845,won (berhasil),6134412845
trx-22256,11/8/2023,sulawesi,manufaktur,forklift,1,248255471,248255471,won (berhasil),248255471
trx-22895,7/17/2021,kalimantan,pertambangan,genset (generator set),4,263067253,1052269012,won (berhasil),1052269012
trx-21610,9/10/2021,jawa,konstruksi,genset (generator set),4,473429619,1893718476,in progress,0
trx-20885,5/10/2022,sumatera,perkebunan,excavator,1,1860748974,1860748974,won (berhasil),1860748974
trx-21706,2/6/2023,kalimantan,konstruksi,forklift,2,319153707,638307414,lost (gagal),0
trx-20917,12/6/2022,kalimantan,pertambangan,tractor agrikultur,3,1159544806,3478634418,in progress,0
trx-21741,9/5/2023,sulawesi,manufaktur,excavator,2,2482463566,4964927132,in progress,0
trx-21735,5/29/2022,jawa,logistik & gudang,tractor agrikultur,2,1163385992,2326771984,in progress,0
trx-20191,10/15/2022,papua,pertambangan,tractor agrikultur,2,837418609,1674837218,won (berhasil),1674837218
trx-22478,11/17/2023,sulawesi,konstruksi,tractor agrikultur,2,1067597857,2135195714,in progress,0
trx-22073,5/6/2021,papua,logistik & gudang,excavator,2,2692242522,5384485044,won (berhasil),5384485044
trx-21265,1/8/2022,papua,konstruksi,genset (generator set),5,154480741,772403705,won (berhasil),772403705
trx-20483,2/13/2021,jawa,logistik & gudang,genset (generator set),3,234275443,702826329,lost (gagal),0
trx-20915,4/30/2022,kalimantan,perkebunan,tractor agrikultur,1,1094716321,1094716321,won (berhasil),1094716321
trx-22642,8/6/2022,jawa,perkebunan,excavator,1,2932190421,2932190421,lost (gagal),0
trx-20277,6/19/2021,sulawesi,konstruksi,forklift,2,456938214,913876428,won (berhasil),913876428
trx-20988,2/5/2021,sulawesi,perkebunan,genset (generator set),5,101038558,505192790,won (berhasil),505192790
trx-22943,6/12/2023,jawa,pertambangan,tractor agrikultur,1,1480110013,1480110013,won (berhasil),1480110013
trx-22215,3/11/2021,kalimantan,pertambangan,excavator,1,1634494360,1634494360,in progress,0
trx-22626,2/22/2021,sumatera,pertambangan,forklift,5,265256160,1326280800,won (berhasil),1326280800
trx-20571,3/30/2022,papua,pertambangan,excavator,1,1794453575,1794453575,won (berhasil),1794453575
trx-21435,7/13/2023,kalimantan,pertambangan,genset (generator set),2,308135605,616271210,won (berhasil),616271210
trx-20993,5/5/2021,jawa,perkebunan,forklift,2,321820674,643641348,won (berhasil),643641348
trx-22355,7/4/2022,jawa,pertambangan,excavator,2,2980262488,5960524976,lost (gagal),0
trx-21684,7/9/2021,jawa,pertambangan,genset (generator set),5,288751834,1443759170,lost (gagal),0
trx-20585,8/7/2021,jawa,logistik & gudang,forklift,4,402192486,1608769944,won (berhasil),1608769944
trx-22063,12/4/2021,papua,pertambangan,excavator,2,1596706871,3193413742,won (berhasil),3193413742
trx-21349,7/11/2021,sulawesi,manufaktur,excavator,1,2786412057,2786412057,won (berhasil),2786412057
trx-21007,1/25/2021,papua,pertambangan,genset (generator set),2,494229408,988458816,won (berhasil),988458816
trx-20674,8/3/2021,jawa,manufaktur,excavator,2,1824325944,3648651888,won (berhasil),3648651888
trx-22712,8/22/2022,jawa,manufaktur,genset (generator set),5,433934806,2169674030,won (berhasil),2169674030
trx-20855,3/10/2022,jawa,konstruksi,tractor agrikultur,3,1230409915,3691229745,lost (gagal),0
trx-20447,11/2/2022,jawa,perkebunan,tractor agrikultur,5,969982583,4849912915,won (berhasil),4849912915
trx-21487,6/12/2023,jawa,perkebunan,excavator,1,2183351075,2183351075,won (berhasil),2183351075
trx-21742,5/2/2023,sulawesi,logistik & gudang,forklift,3,500387021,1501161063,won (berhasil),1501161063
trx-21690,10/27/2022,jawa,konstruksi,excavator,1,2611109305,2611109305,won (berhasil),2611109305
trx-22295,3/22/2023,papua,pertambangan,forklift,5,464703372,2323516860,won (berhasil),2323516860
trx-22719,1/28/2021,sumatera,pertambangan,genset (generator set),4,322771923,1291087692,won (berhasil),1291087692
trx-22422,9/20/2021,sulawesi,perkebunan,genset (generator set),1,110992833,110992833,won (berhasil),110992833
trx-22699,2/6/2023,sulawesi,pertambangan,forklift,3,490585621,1471756863,in progress,0
trx-22715,5/27/2021,kalimantan,pertambangan,tractor agrikultur,4,965451219,3861804876,won (berhasil),3861804876
trx-21247,1/13/2022,sulawesi,pertambangan,tractor agrikultur,3,1373952852,4121858556,lost (gagal),0
trx-20294,6/17/2022,jawa,konstruksi,forklift,1,534160080,534160080,won (berhasil),534160080
trx-20588,8/7/2021,kalimantan,konstruksi,genset (generator set),1,272406935,272406935,lost (gagal),0
trx-21281,6/29/2023,sulawesi,logistik & gudang,excavator,1,2914053058,2914053058,in progress,0
trx-22245,2/23/2022,papua,manufaktur,tractor agrikultur,2,1337246654,2674493308,won (berhasil),2674493308
trx-21902,12/30/2023,papua,pertambangan,tractor agrikultur,5,819378655,4096893275,lost (gagal),0
trx-22211,10/10/2021,sumatera,perkebunan,forklift,5,431664064,2158320320,won (berhasil),2158320320
trx-21494,2/11/2021,kalimantan,pertambangan,tractor agrikultur,4,1411389904,5645559616,won (berhasil),5645559616
trx-22289,10/10/2023,kalimantan,perkebunan,genset (generator set),2,235967896,471935792,in progress,0
trx-21417,5/4/2021,jawa,logistik & gudang,excavator,2,1880513290,3761026580,lost (gagal),0
trx-20425,11/25/2022,unknown,lainnya,excavator,2,1998402466,3996804932,won (berhasil),3996804932
trx-20534,1/23/2021,sulawesi,manufaktur,excavator,1,2787360509,2787360509,won (berhasil),2787360509
trx-21054,10/8/2023,jawa,konstruksi,forklift,5,407083694,2035418470,lost (gagal),0
trx-22845,12/6/2022,sumatera,perkebunan,forklift,2,458185012,916370024,in progress,0
trx-22545,2/19/2023,papua,perkebunan,genset (generator set),2,342875519,685751038,won (berhasil),685751038
trx-22221,7/9/2021,kalimantan,pertambangan,forklift,2,391731531,783463062,won (berhasil),783463062
trx-20132,6/22/2023,sumatera,manufaktur,genset (generator set),3,474263913,1422791739,won (berhasil),1422791739
trx-21915,8/8/2021,kalimantan,pertambangan,tractor agrikultur,4,848621579,3394486316,in progress,0
trx-22592,11/3/2022,kalimantan,pertambangan,excavator,1,2430719872,2430719872,won (berhasil),2430719872
trx-20421,12/5/2021,papua,konstruksi,tractor agrikultur,4,965390646,3861562584,in progress,0
trx-22702,7/24/2021,kalimantan,konstruksi,excavator,1,2920587637,2920587637,won (berhasil),2920587637
trx-22730,3/23/2022,jawa,manufaktur,excavator,2,2378715099,4757430198,won (berhasil),4757430198
trx-21368,9/17/2022,kalimantan,konstruksi,forklift,4,555849209,2223396836,won (berhasil),2223396836
trx-20556,8/3/2022,papua,pertambangan,forklift,5,344883407,1724417035,won (berhasil),1724417035
trx-22078,4/9/2021,sumatera,pertambangan,genset (generator set),3,460925867,1382777601,in progress,0
trx-22527,6/10/2021,sumatera,perkebunan,excavator,2,1893858149,3787716298,won (berhasil),3787716298
trx-22723,6/8/2021,kalimantan,perkebunan,tractor agrikultur,1,1229101682,1229101682,won (berhasil),1229101682
trx-20570,4/5/2022,jawa,perkebunan,excavator,2,2170809359,4341618718,won (berhasil),4341618718
trx-20352,6/10/2021,papua,pertambangan,forklift,2,288197959,576395918,won (berhasil),576395918
trx-20091,1/22/2021,jawa,logistik & gudang,forklift,3,328969008,986907024,won (berhasil),986907024
trx-22157,5/1/2021,sulawesi,konstruksi,excavator,2,2606158673,5212317346,won (berhasil),5212317346
trx-22575,5/1/2023,jawa,pertambangan,forklift,4,424885155,1699540620,lost (gagal),0
trx-21170,9/1/2021,papua,pertambangan,excavator,2,2948389766,5896779532,lost (gagal),0
trx-21558,9/13/2021,papua,konstruksi,excavator,2,2592258748,5184517496,lost (gagal),0
trx-21285,5/25/2021,papua,pertambangan,tractor agrikultur,1,1378918408,1378918408,in progress,0
trx-21778,9/16/2023,papua,pertambangan,genset (generator set),3,385137027,1155411081,lost (gagal),0
trx-21536,10/16/2023,sumatera,perkebunan,genset (generator set),5,256929795,1284648975,in progress,0
trx-22851,8/23/2022,papua,manufaktur,excavator,1,2214725279,2214725279,won (berhasil),2214725279
trx-21898,1/14/2021,sumatera,logistik & gudang,forklift,3,518821341,1556464023,lost (gagal),0
trx-20697,1/23/2022,kalimantan,manufaktur,tractor agrikultur,4,1281290695,5125162780,in progress,0
trx-22547,11/22/2023,papua,pertambangan,tractor agrikultur,3,1165800094,3497400282,lost (gagal),0
trx-20348,7/15/2022,sulawesi,konstruksi,forklift,3,549015550,1647046650,won (berhasil),1647046650
trx-22374,10/5/2021,papua,konstruksi,tractor agrikultur,2,998172072,1996344144,lost (gagal),0
trx-22469,10/12/2021,sumatera,perkebunan,excavator,2,2521486612,5042973224,won (berhasil),5042973224
trx-22203,2/1/2023,sumatera,manufaktur,excavator,1,2370992244,2370992244,lost (gagal),0
trx-21137,5/19/2023,papua,pertambangan,genset (generator set),5,372712671,1863563355,won (berhasil),1863563355
trx-22309,5/1/2023,sumatera,pertambangan,excavator,2,1876659952,3753319904,won (berhasil),3753319904
trx-21732,5/20/2022,sumatera,pertambangan,forklift,3,598156217,1794468651,won (berhasil),1794468651
trx-22883,2/2/2023,sulawesi,konstruksi,genset (generator set),5,372482265,1862411325,won (berhasil),1862411325
trx-22867,8/3/2021,jawa,pertambangan,excavator,1,2197507862,2197507862,lost (gagal),0
trx-21339,9/25/2022,sumatera,pertambangan,tractor agrikultur,2,1137077068,2274154136,won (berhasil),2274154136
trx-22530,5/12/2022,sumatera,perkebunan,tractor agrikultur,1,1018662625,1018662625,won (berhasil),1018662625
trx-20453,6/30/2021,kalimantan,pertambangan,excavator,2,2341381820,4682763640,won (berhasil),4682763640
trx-20913,10/11/2022,sulawesi,konstruksi,genset (generator set),3,495664753,1486994259,won (berhasil),1486994259
trx-21199,2/21/2021,jawa,pertambangan,excavator,1,2317427506,2317427506,won (berhasil),2317427506
trx-21274,11/7/2021,sumatera,konstruksi,excavator,1,2931608360,2931608360,won (berhasil),2931608360
trx-22392,10/9/2023,unknown,pertambangan,forklift,4,477829401,1911317604,won (berhasil),1911317604
trx-20037,4/24/2023,jawa,konstruksi,excavator,2,2854956467,5709912934,won (berhasil),5709912934
trx-20974,9/27/2021,sumatera,pertambangan,forklift,3,262065831,786197493,won (berhasil),786197493
trx-22816,4/27/2023,sumatera,perkebunan,excavator,1,2481035851,2481035851,won (berhasil),2481035851
trx-20983,2/12/2022,jawa,manufaktur,excavator,2,2137967256,4275934512,won (berhasil),4275934512
trx-21883,8/13/2022,kalimantan,pertambangan,genset (generator set),5,123643643,618218215,won (berhasil),618218215
trx-22043,8/10/2021,jawa,manufaktur,genset (generator set),4,196641782,786567128,lost (gagal),0
trx-21418,5/13/2023,jawa,perkebunan,excavator,1,2482219959,2482219959,in progress,0
trx-21284,11/18/2023,sulawesi,perkebunan,tractor agrikultur,4,1498068303,5992273212,lost (gagal),0
trx-20039,1/13/2022,sulawesi,perkebunan,excavator,2,2657234152,5314468304,won (berhasil),5314468304
trx-21486,5/4/2021,sumatera,konstruksi,forklift,3,399316718,1197950154,in progress,0
trx-22229,6/18/2021,papua,konstruksi,excavator,2,2580568616,5161137232,in progress,0
trx-20169,12/18/2021,jawa,konstruksi,tractor agrikultur,2,1008842392,2017684784,won (berhasil),2017684784
trx-21355,12/30/2023,kalimantan,pertambangan,tractor agrikultur,5,1103368645,5516843225,lost (gagal),0
trx-20737,3/1/2022,papua,pertambangan,genset (generator set),2,363071686,726143372,won (berhasil),726143372
trx-21623,1/20/2023,sulawesi,pertambangan,genset (generator set),1,173028256,173028256,lost (gagal),0
trx-22744,12/13/2022,jawa,perkebunan,excavator,2,2304433284,4608866568,in progress,0
trx-21978,5/22/2021,sulawesi,logistik & gudang,forklift,2,466798848,933597696,in progress,0
trx-20634,9/27/2021,jawa,logistik & gudang,genset (generator set),3,341471643,1024414929,lost (gagal),0
trx-22691,7/25/2021,kalimantan,pertambangan,tractor agrikultur,1,1017687008,1017687008,won (berhasil),1017687008
trx-21999,7/6/2021,sumatera,manufaktur,forklift,5,280918019,1404590095,in progress,0
trx-21290,6/11/2021,kalimantan,perkebunan,excavator,1,1793822825,1793822825,won (berhasil),1793822825
trx-21380,1/9/2021,kalimantan,pertambangan,genset (generator set),1,275932911,275932911,won (berhasil),275932911
trx-20579,1/23/2022,kalimantan,manufaktur,tractor agrikultur,1,1309519560,1309519560,lost (gagal),0
trx-20328,8/6/2021,kalimantan,pertambangan,genset (generator set),4,360035320,1440141280,in progress,0
trx-21717,12/25/2021,sulawesi,manufaktur,genset (generator set),5,463969903,2319849515,lost (gagal),0
trx-20892,4/14/2023,kalimantan,manufaktur,genset (generator set),3,210292529,630877587,lost (gagal),0
trx-21927,12/8/2022,kalimantan,manufaktur,genset (generator set),3,244687136,734061408,won (berhasil),734061408
trx-20780,7/18/2022,sulawesi,pertambangan,genset (generator set),3,155822888,467468664,lost (gagal),0
trx-20159,9/4/2021,sulawesi,konstruksi,genset (generator set),5,333519958,1667599790,lost (gagal),0
trx-21618,2/24/2023,sulawesi,perkebunan,genset (generator set),3,208265950,624797850,won (berhasil),624797850
trx-21804,2/18/2023,jawa,logistik & gudang,tractor agrikultur,4,1286046917,5144187668,lost (gagal),0
trx-22654,9/24/2022,jawa,pertambangan,tractor agrikultur,4,1390060875,5560243500,won (berhasil),5560243500
trx-20061,7/21/2023,kalimantan,konstruksi,tractor agrikultur,1,1444971046,1444971046,won (berhasil),1444971046
trx-20849,8/3/2023,sumatera,perkebunan,forklift,2,414482024,828964048,lost (gagal),0
trx-22164,9/11/2022,sumatera,perkebunan,tractor agrikultur,4,895054001,3580216004,won (berhasil),3580216004
trx-22939,12/2/2022,jawa,logistik & gudang,genset (generator set),5,258349419,1291747095,lost (gagal),0
trx-22741,1/3/2023,jawa,konstruksi,tractor agrikultur,2,940449766,1880899532,won (berhasil),1880899532
trx-21043,3/24/2023,sumatera,konstruksi,forklift,5,471273627,2356368135,in progress,0
trx-22536,12/29/2023,papua,pertambangan,genset (generator set),5,245418297,1227091485,won (berhasil),1227091485
trx-21544,5/4/2021,sumatera,perkebunan,tractor agrikultur,1,1408011145,1408011145,won (berhasil),1408011145
trx-22016,12/29/2022,papua,pertambangan,excavator,2,2668398550,5336797100,won (berhasil),5336797100
trx-22633,2/3/2023,sumatera,konstruksi,excavator,1,2897573581,2897573581,lost (gagal),0
trx-21070,1/16/2021,jawa,perkebunan,excavator,2,2728473235,5456946470,won (berhasil),5456946470
trx-20053,6/24/2021,sulawesi,logistik & gudang,genset (generator set),4,208798183,835192732,won (berhasil),835192732
trx-22481,3/26/2022,kalimantan,pertambangan,genset (generator set),3,337800579,1013401737,won (berhasil),1013401737
trx-20258,8/1/2021,jawa,pertambangan,forklift,2,597934006,1195868012,won (berhasil),1195868012
trx-20505,4/6/2023,sulawesi,logistik & gudang,genset (generator set),1,164601259,164601259,lost (gagal),0
trx-20752,7/6/2023,jawa,perkebunan,forklift,1,207031060,207031060,won (berhasil),207031060
trx-22054,9/11/2021,jawa,perkebunan,excavator,1,2598155940,2598155940,in progress,0
trx-20217,4/29/2021,papua,perkebunan,tractor agrikultur,2,1166421637,2332843274,won (berhasil),2332843274
trx-20824,6/15/2022,jawa,manufaktur,genset (generator set),2,323995323,647990646,won (berhasil),647990646
trx-21590,3/23/2022,papua,pertambangan,genset (generator set),2,307662159,615324318,won (berhasil),615324318
trx-22310,3/3/2021,kalimantan,pertambangan,excavator,2,2726663013,5453326026,won (berhasil),5453326026
trx-21389,7/24/2022,sulawesi,perkebunan,excavator,2,2215608666,4431217332,lost (gagal),0
trx-22543,5/9/2022,papua,pertambangan,excavator,1,2090555882,2090555882,lost (gagal),0
trx-21266,6/7/2022,kalimantan,manufaktur,tractor agrikultur,2,1431806009,2863612018,in progress,0
trx-22538,1/19/2023,sumatera,pertambangan,excavator,2,2468988403,4937976806,won (berhasil),4937976806
trx-22789,10/11/2023,sulawesi,pertambangan,forklift,5,468962308,2344811540,won (berhasil),2344811540
trx-20771,1/3/2023,kalimantan,konstruksi,excavator,2,2667610852,5335221704,lost (gagal),0
trx-22849,4/15/2022,jawa,logistik & gudang,tractor agrikultur,5,1023658801,5118294005,won (berhasil),5118294005
trx-22086,10/4/2022,sumatera,perkebunan,tractor agrikultur,5,961499025,4807495125,in progress,0
trx-22887,9/6/2022,papua,pertambangan,excavator,1,1729321621,1729321621,won (berhasil),1729321621
trx-21085,5/2/2022,kalimantan,pertambangan,forklift,5,493248952,2466244760,lost (gagal),0
trx-21795,1/5/2021,papua,pertambangan,forklift,3,516335408,1549006224,won (berhasil),1549006224
trx-22209,12/22/2023,sumatera,perkebunan,genset (generator set),4,398167766,1592671064,won (berhasil),1592671064
trx-21325,9/14/2023,jawa,manufaktur,tractor agrikultur,1,846380268,846380268,won (berhasil),846380268
trx-22154,7/24/2021,sumatera,perkebunan,excavator,1,1789607648,1789607648,won (berhasil),1789607648
trx-21628,5/12/2023,sumatera,perkebunan,genset (generator set),1,428691204,428691204,won (berhasil),428691204
trx-21945,11/9/2023,sulawesi,logistik & gudang,forklift,5,270944342,1354721710,lost (gagal),0
trx-21721,11/27/2022,kalimantan,pertambangan,excavator,1,2665852894,2665852894,lost (gagal),0
trx-22801,9/26/2022,sumatera,pertambangan,forklift,3,375924336,1127773008,lost (gagal),0
trx-22655,4/4/2023,sumatera,manufaktur,tractor agrikultur,1,1210372392,1210372392,won (berhasil),1210372392
trx-21756,10/3/2022,sulawesi,pertambangan,forklift,1,288030873,288030873,lost (gagal),0
trx-21791,5/20/2023,kalimantan,konstruksi,forklift,3,390543771,1171631313,won (berhasil),1171631313
trx-21163,9/6/2023,sumatera,logistik & gudang,tractor agrikultur,4,1370281805,5481127220,in progress,0
trx-20963,1/3/2021,jawa,logistik & gudang,genset (generator set),2,448249934,896499868,won (berhasil),896499868
trx-22949,7/16/2022,kalimantan,pertambangan,forklift,1,1690640379,1690640379,won (berhasil),1690640379
trx-21737,2/28/2023,sumatera,manufaktur,excavator,1,2540378224,2540378224,in progress,0
trx-20398,9/30/2022,kalimantan,pertambangan,forklift,5,500315178,2501575890,won (berhasil),2501575890
trx-20584,10/25/2022,papua,pertambangan,tractor agrikultur,1,1415407025,1415407025,won (berhasil),1415407025
trx-20948,11/28/2022,jawa,manufaktur,genset (generator set),2,101337121,202674242,won (berhasil),202674242
trx-20704,9/10/2021,sulawesi,perkebunan,genset (generator set),1,161046086,161046086,lost (gagal),0
trx-20431,5/19/2021,sumatera,perkebunan,excavator,2,2169068792,4338137584,in progress,0
trx-20292,5/18/2023,papua,logistik & gudang,forklift,4,203467024,813868096,in progress,0
trx-20145,1/27/2021,papua,pertambangan,forklift,1,530504259,530504259,lost (gagal),0
trx-20323,2/8/2023,jawa,konstruksi,excavator,1,2361929096,2361929096,won (berhasil),2361929096
trx-22898,8/8/2023,kalimantan,perkebunan,forklift,4,517411065,2069644260,won (berhasil),2069644260
trx-21165,6/17/2021,jawa,logistik & gudang,genset (generator set),3,252588230,757764690,in progress,0
trx-21452,12/22/2021,sumatera,pertambangan,tractor agrikultur,2,1437858643,2875717286,won (berhasil),2875717286
trx-20002,8/15/2021,jawa,konstruksi,tractor agrikultur,4,1452342115,5809368460,won (berhasil),5809368460
trx-20576,3/30/2021,jawa,pertambangan,genset (generator set),1,183583493,183583493,lost (gagal),0
trx-22337,6/26/2021,kalimantan,pertambangan,forklift,5,435216959,2176084795,won (berhasil),2176084795
trx-20339,9/1/2023,kalimantan,perkebunan,genset (generator set),2,299413062,598826124,won (berhasil),598826124
trx-21859,2/25/2021,sulawesi,perkebunan,genset (generator set),5,160282587,801412935,won (berhasil),801412935
trx-21659,1/17/2022,kalimantan,pertambangan,genset (generator set),4,294233443,1176933772,in progress,0
trx-20925,8/16/2023,papua,pertambangan,excavator,2,2020455578,4040911156,won (berhasil),4040911156
trx-20265,6/14/2023,sumatera,perkebunan,genset (generator set),4,159622666,638490664,lost (gagal),0
trx-20376,4/25/2022,jawa,manufaktur,excavator,2,2900414415,5800828830,lost (gagal),0
trx-21941,6/6/2021,sumatera,pertambangan,tractor agrikultur,1,1313192577,1313192577,in progress,0
trx-21463,1/3/2023,sumatera,perkebunan,excavator,2,2940164732,5880329464,lost (gagal),0
trx-20271,11/26/2022,kalimantan,konstruksi,genset (generator set),4,427010790,1708043160,won (berhasil),1708043160
trx-20696,6/26/2022,papua,logistik & gudang,genset (generator set),3,364280755,1092842265,won (berhasil),1092842265
trx-20244,11/2/2021,jawa,manufaktur,tractor agrikultur,2,1129994978,2259989956,lost (gagal),0
trx-22860,5/10/2023,sulawesi,konstruksi,tractor agrikultur,1,1277316121,1277316121,lost (gagal),0
trx-20476,5/16/2022,jawa,logistik & gudang,excavator,2,1787904468,3575808936,lost (gagal),0
trx-21770,8/23/2023,papua,pertambangan,genset (generator set),5,172343267,861716335,lost (gagal),0
trx-21798,10/29/2021,papua,pertambangan,excavator,1,2379098435,2379098435,in progress,0
trx-21926,10/16/2022,kalimantan,pertambangan,forklift,3,204279452,612838356,lost (gagal),0
trx-22927,5/25/2022,sulawesi,logistik & gudang,genset (generator set),3,223976404,671929212,lost (gagal),0
trx-22830,5/15/2023,kalimantan,manufaktur,forklift,2,414414519,828829038,in progress,0
trx-22004,9/1/2022,kalimantan,lainnya,tractor agrikultur,4,812534260,3250137040,won (berhasil),3250137040
trx-21948,4/10/2021,jawa,logistik & gudang,genset (generator set),5,440258253,2201291265,won (berhasil),2201291265
trx-20250,10/8/2023,kalimantan,pertambangan,tractor agrikultur,4,1147283227,4589132908,won (berhasil),4589132908
trx-20413,12/1/2022,jawa,pertambangan,forklift,5,479533979,2397669895,won (berhasil),2397669895
trx-20545,5/23/2023,jawa,logistik & gudang,genset (generator set),2,183708695,367417390,won (berhasil),367417390
trx-21193,6/12/2021,sulawesi,perkebunan,forklift,4,377499997,1509999988,won (berhasil),1509999988
trx-20738,7/27/2021,sulawesi,perkebunan,forklift,3,446762919,1340288757,won (berhasil),1340288757
trx-20310,11/6/2023,papua,lainnya,forklift,3,217449893,652349679,in progress,0
trx-21764,9/10/2023,sumatera,perkebunan,genset (generator set),4,346369474,1385477896,won (berhasil),1385477896
trx-20893,10/13/2023,sumatera,logistik & gudang,tractor agrikultur,2,1054929253,2109858506,won (berhasil),2109858506
trx-21131,9/23/2022,papua,logistik & gudang,tractor agrikultur,1,1394548288,1394548288,lost (gagal),0
trx-21449,11/28/2023,kalimantan,logistik & gudang,excavator,1,2330202392,2330202392,won (berhasil),2330202392
trx-22954,6/23/2022,sulawesi,manufaktur,tractor agrikultur,2,980019050,1960038100,won (berhasil),1960038100
trx-20015,12/21/2023,kalimantan,perkebunan,excavator,2,2395833215,4791666430,won (berhasil),4791666430
trx-22031,4/18/2022,sumatera,pertambangan,tractor agrikultur,4,1207565834,4830263336,lost (gagal),0
trx-20721,3/7/2021,jawa,manufaktur,genset (generator set),4,172555242,690220968,lost (gagal),0
trx-21420,4/22/2022,sumatera,konstruksi,forklift,3,546058059,1638174177,won (berhasil),1638174177
trx-22677,9/15/2022,sulawesi,manufaktur,forklift,5,425937147,2129685735,won (berhasil),2129685735
trx-20981,2/17/2021,sulawesi,pertambangan,genset (generator set),3,467675766,1403027298,won (berhasil),1403027298
trx-21952,7/16/2023,jawa,manufaktur,excavator,1,2805439958,2805439958,in progress,0
trx-22892,12/28/2021,sulawesi,pertambangan,genset (generator set),1,220497843,220497843,won (berhasil),220497843
trx-21550,10/16/2022,sumatera,perkebunan,genset (generator set),2,303808728,607617456,lost (gagal),0
trx-22460,8/16/2021,jawa,konstruksi,tractor agrikultur,2,1387051368,2774102736,lost (gagal),0
trx-20363,1/4/2022,jawa,perkebunan,excavator,2,1520767625,3041535250,in progress,0
trx-20982,9/3/2022,kalimantan,pertambangan,tractor agrikultur,4,852625191,3410500764,won (berhasil),3410500764
trx-20182,10/3/2021,papua,konstruksi,tractor agrikultur,1,1326389875,1326389875,won (berhasil),1326389875
trx-20985,11/12/2022,sulawesi,perkebunan,excavator,2,2826781610,5653563220,won (berhasil),5653563220
trx-22059,10/2/2021,papua,pertambangan,excavator,2,2865005615,5730011230,lost (gagal),0
trx-21194,2/19/2023,sulawesi,perkebunan,genset (generator set),2,496652879,993305758,lost (gagal),0
trx-21846,4/17/2022,jawa,manufaktur,tractor agrikultur,5,952639032,4763195160,lost (gagal),0
trx-21847,6/25/2021,sulawesi,manufaktur,excavator,2,1694029635,3388059270,won (berhasil),3388059270
trx-21121,8/1/2023,jawa,pertambangan,forklift,2,418419268,836838536,lost (gagal),0
trx-20187,1/25/2022,papua,konstruksi,tractor agrikultur,5,1222191536,6110957680,in progress,0
trx-20619,9/29/2022,sumatera,perkebunan,genset (generator set),1,389130774,389130774,won (berhasil),389130774
trx-22688,11/7/2021,jawa,perkebunan,forklift,5,448878876,2244394380,won (berhasil),2244394380
trx-21175,8/19/2021,jawa,manufaktur,tractor agrikultur,1,1388113905,1388113905,lost (gagal),0
trx-21182,1/31/2022,jawa,konstruksi,excavator,1,2837168465,2837168465,won (berhasil),2837168465
trx-22421,1/24/2021,papua,manufaktur,genset (generator set),4,253268329,1013073316,won (berhasil),1013073316
trx-22956,7/1/2022,jawa,logistik & gudang,excavator,1,1615141436,1615141436,in progress,0
trx-20614,11/1/2023,papua,konstruksi,tractor agrikultur,4,1277522980,5110091920,won (berhasil),5110091920
trx-21513,7/26/2021,sumatera,konstruksi,forklift,1,523153940,523153940,won (berhasil),523153940
trx-21466,5/28/2022,sumatera,perkebunan,genset (generator set),5,401944333,2009721665,in progress,0
trx-20401,12/8/2022,jawa,manufaktur,excavator,2,2074200583,4148401166,won (berhasil),4148401166
trx-20994,12/7/2022,papua,pertambangan,genset (generator set),4,450457091,1801828364,lost (gagal),0
trx-20934,5/10/2022,kalimantan,konstruksi,tractor agrikultur,4,972384717,3889538868,lost (gagal),0
trx-20371,4/4/2023,kalimantan,logistik & gudang,excavator,1,2377115173,2377115173,lost (gagal),0
trx-22003,8/27/2022,kalimantan,konstruksi,genset (generator set),4,492981123,1971924492,lost (gagal),0
trx-22760,7/19/2021,sumatera,perkebunan,forklift,3,522173348,1566520044,won (berhasil),1566520044
trx-20593,7/4/2022,sumatera,logistik & gudang,forklift,2,235093128,470186256,won (berhasil),470186256
trx-21991,7/10/2021,sumatera,perkebunan,tractor agrikultur,1,1453509381,1453509381,won (berhasil),1453509381
trx-20726,11/3/2022,papua,manufaktur,genset (generator set),3,268141959,804425877,won (berhasil),804425877
trx-20826,12/1/2023,sulawesi,perkebunan,genset (generator set),4,154371778,617487112,won (berhasil),617487112
trx-21749,2/4/2022,jawa,manufaktur,tractor agrikultur,5,1258854715,6294273575,lost (gagal),0
trx-20687,10/13/2021,jawa,perkebunan,forklift,4,320888909,1283555636,won (berhasil),1283555636
trx-22250,8/5/2023,sumatera,perkebunan,tractor agrikultur,3,1173172702,3519518106,won (berhasil),3519518106
trx-20136,4/3/2021,jawa,pertambangan,genset (generator set),1,231495500,231495500,lost (gagal),0
trx-22488,8/21/2021,papua,perkebunan,forklift,5,272902126,1364510630,lost (gagal),0
trx-20334,10/5/2022,jawa,konstruksi,tractor agrikultur,1,829638355,829638355,won (berhasil),829638355
trx-20390,7/22/2022,papua,manufaktur,genset (generator set),5,142421985,712109925,lost (gagal),0
trx-22346,9/10/2021,kalimantan,pertambangan,tractor agrikultur,2,1463431915,2926863830,lost (gagal),0
trx-21109,7/24/2023,jawa,konstruksi,forklift,5,547162915,2735814575,won (berhasil),2735814575
trx-21813,5/2/2023,sulawesi,logistik & gudang,genset (generator set),4,434136065,1736544260,won (berhasil),1736544260
trx-22743,5/2/2022,sulawesi,logistik & gudang,forklift,4,530591703,2122366812,won (berhasil),2122366812
trx-20710,11/4/2022,kalimantan,konstruksi,excavator,1,1861642022,1861642022,in progress,0
trx-21039,7/4/2023,sumatera,konstruksi,tractor agrikultur,5,1194741604,5973708020,lost (gagal),0
trx-21963,1/17/2021,sulawesi,logistik & gudang,tractor agrikultur,5,1299530497,6497652485,won (berhasil),6497652485
trx-22069,3/21/2021,kalimantan,pertambangan,tractor agrikultur,4,844954492,3379817968,won (berhasil),3379817968
trx-22638,3/8/2021,papua,pertambangan,tractor agrikultur,3,1079081810,3237245430,won (berhasil),3237245430
trx-21561,11/5/2023,kalimantan,manufaktur,genset (generator set),2,172621205,345242410,lost (gagal),0
trx-22802,9/21/2022,sumatera,perkebunan,forklift,3,437539612,1312618836,won (berhasil),1312618836
trx-21594,3/17/2021,sulawesi,manufaktur,excavator,2,2449244057,4898488114,lost (gagal),0
trx-22562,7/11/2022,sumatera,lainnya,forklift,5,522579818,2612899090,won (berhasil),2612899090
trx-21112,5/12/2023,sulawesi,perkebunan,excavator,1,2223809860,2223809860,won (berhasil),2223809860
trx-21560,2/20/2023,papua,konstruksi,excavator,2,1754195004,3508390008,won (berhasil),3508390008
trx-21223,9/4/2023,jawa,logistik & gudang,excavator,2,2522388810,5044777620,in progress,0
trx-22034,11/16/2023,sulawesi,manufaktur,genset (generator set),5,496191212,2480956060,lost (gagal),0
trx-22798,7/7/2023,sulawesi,logistik & gudang,excavator,2,1518929167,3037858334,won (berhasil),3037858334
trx-21508,3/25/2021,sumatera,pertambangan,forklift,1,351392653,351392653,lost (gagal),0
trx-21104,6/28/2023,jawa,pertambangan,forklift,2,327448984,654897968,lost (gagal),0
trx-20660,9/29/2023,papua,perkebunan,excavator,1,1781681116,1781681116,won (berhasil),1781681116
trx-20338,2/8/2023,kalimantan,pertambangan,tractor agrikultur,3,1195328481,3585985443,won (berhasil),3585985443
trx-20215,10/2/2021,sumatera,perkebunan,forklift,2,312957373,625914746,lost (gagal),0
trx-21615,11/15/2021,sumatera,konstruksi,genset (generator set),4,238141030,952564120,won (berhasil),952564120
trx-22117,3/18/2022,sumatera,perkebunan,genset (generator set),4,451922368,1807689472,won (berhasil),1807689472
trx-22987,2/2/2023,kalimantan,konstruksi,genset (generator set),4,486330222,1945320888,in progress,0
trx-21592,2/2/2023,sulawesi,konstruksi,tractor agrikultur,2,977032572,1954065144,lost (gagal),0
trx-22367,8/22/2022,jawa,logistik & gudang,genset (generator set),2,244586443,489172886,won (berhasil),489172886
trx-22005,8/7/2021,unknown,manufaktur,excavator,2,2771482748,5542965496,won (berhasil),5542965496
trx-22564,8/3/2021,jawa,manufaktur,genset (generator set),4,280640486,1122561944,won (berhasil),1122561944
trx-20816,11/26/2021,jawa,perkebunan,genset (generator set),1,453683420,453683420,won (berhasil),453683420
trx-21067,1/23/2022,sulawesi,logistik & gudang,excavator,1,1679936145,1679936145,won (berhasil),1679936145
trx-22064,2/28/2021,kalimantan,perkebunan,excavator,2,2739722779,5479445558,lost (gagal),0
trx-20274,2/19/2023,sumatera,pertambangan,tractor agrikultur,3,1342054280,4026162840,lost (gagal),0
trx-22281,11/28/2021,jawa,logistik & gudang,excavator,1,2115593565,2115593565,won (berhasil),2115593565
trx-20865,3/26/2022,sumatera,logistik & gudang,genset (generator set),5,422277152,2111385760,lost (gagal),0
trx-20101,1/11/2021,jawa,logistik & gudang,forklift,5,226544319,1132721595,lost (gagal),0
trx-21501,7/22/2021,kalimantan,pertambangan,excavator,2,2593759405,5187518810,won (berhasil),5187518810
trx-22184,2/6/2023,kalimantan,pertambangan,excavator,1,2515756311,2515756311,lost (gagal),0
trx-20171,8/10/2021,sumatera,konstruksi,genset (generator set),4,254307707,1017230828,lost (gagal),0
trx-20107,10/2/2022,sulawesi,pertambangan,forklift,3,420147037,1260441111,won (berhasil),1260441111
trx-21940,2/14/2023,jawa,pertambangan,forklift,3,266864545,800593635,won (berhasil),800593635
trx-21521,11/16/2022,papua,pertambangan,forklift,3,301415886,904247658,lost (gagal),0
trx-22873,10/25/2021,sumatera,perkebunan,genset (generator set),5,326028556,1630142780,won (berhasil),1630142780
trx-22037,11/2/2022,kalimantan,konstruksi,genset (generator set),3,383535809,1150607427,won (berhasil),1150607427
trx-22678,5/12/2023,jawa,konstruksi,excavator,4,1352104561,5408418244,lost (gagal),0
trx-22480,12/21/2022,sumatera,konstruksi,tractor agrikultur,3,1345668927,4037006781,won (berhasil),4037006781
trx-22044,9/22/2023,papua,manufaktur,forklift,1,255245528,255245528,won (berhasil),255245528
trx-22287,3/17/2021,sumatera,perkebunan,tractor agrikultur,5,1246016032,6230080160,won (berhasil),6230080160
trx-22377,11/11/2022,papua,pertambangan,forklift,5,311144919,1555724595,lost (gagal),0
trx-22618,11/11/2022,papua,pertambangan,excavator,2,2174288143,4348576286,lost (gagal),0
trx-22276,4/12/2023,sumatera,perkebunan,excavator,1,2437277307,2437277307,won (berhasil),2437277307
trx-20295,3/9/2021,sulawesi,perkebunan,forklift,2,301876973,603753946,won (berhasil),603753946
trx-20712,11/14/2021,kalimantan,pertambangan,forklift,4,589320399,2357281596,won (berhasil),2357281596
trx-20072,12/27/2023,kalimantan,pertambangan,forklift,2,585966626,1171933252,won (berhasil),1171933252
trx-22033,10/4/2023,sumatera,perkebunan,excavator,1,2970487015,2970487015,lost (gagal),0
trx-22306,6/19/2021,papua,perkebunan,forklift,3,535736277,1607208831,won (berhasil),1607208831
trx-22886,3/2/2021,papua,pertambangan,forklift,1,365917652,365917652,won (berhasil),365917652
trx-22932,11/19/2021,kalimantan,pertambangan,excavator,1,2808342752,2808342752,won (berhasil),2808342752
trx-20481,11/30/2021,papua,pertambangan,genset (generator set),2,438002761,876005522,lost (gagal),0
trx-22984,7/9/2022,sulawesi,konstruksi,excavator,1,2541734127,2541734127,lost (gagal),0
trx-21530,3/20/2023,kalimantan,logistik & gudang,tractor agrikultur,3,1402106603,4206319809,won (berhasil),4206319809
trx-22596,1/18/2021,sumatera,pertambangan,excavator,2,2605444719,5210889438,lost (gagal),0
trx-21514,10/31/2021,sulawesi,pertambangan,excavator,2,2806320730,5612641460,won (berhasil),5612641460
trx-21762,1/20/2023,sumatera,perkebunan,genset (generator set),4,130950895,523803580,lost (gagal),0
trx-21490,1/10/2023,unknown,pertambangan,forklift,2,508512306,1017024612,won (berhasil),1017024612
trx-21171,7/22/2021,papua,manufaktur,forklift,5,395851398,1979256990,won (berhasil),1979256990
trx-22490,1/1/2022,jawa,manufaktur,tractor agrikultur,5,1171013258,5855066290,lost (gagal),0
trx-22023,9/2/2022,kalimantan,konstruksi,forklift,1,313741060,313741060,won (berhasil),313741060
trx-22108,7/30/2022,kalimantan,pertambangan,tractor agrikultur,2,1306998833,2613997666,won (berhasil),2613997666
trx-22251,12/31/2021,sulawesi,logistik & gudang,genset (generator set),2,348511459,697022918,lost (gagal),0
trx-22308,9/19/2021,kalimantan,pertambangan,genset (generator set),4,455686680,1822746720,in progress,0
trx-20405,10/24/2023,sulawesi,pertambangan,forklift,5,493202914,2466014570,lost (gagal),0
trx-20757,8/7/2023,sulawesi,perkebunan,excavator,1,2708341271,2708341271,won (berhasil),2708341271
trx-22329,7/26/2022,papua,logistik & gudang,tractor agrikultur,1,1472289935,1472289935,won (berhasil),1472289935
trx-22219,11/16/2022,jawa,pertambangan,genset (generator set),2,494633045,989266090,won (berhasil),989266090
trx-21957,2/6/2022,jawa,pertambangan,excavator,1,2871253257,2871253257,lost (gagal),0
trx-20097,4/1/2022,kalimantan,pertambangan,tractor agrikultur,2,1269706702,2539413404,won (berhasil),2539413404
trx-21333,9/22/2021,sumatera,manufaktur,forklift,5,515300219,2576501095,lost (gagal),0
trx-22426,10/12/2022,sulawesi,pertambangan,forklift,5,328333510,1641667550,won (berhasil),1641667550
trx-20743,9/9/2022,sulawesi,logistik & gudang,tractor agrikultur,3,1097787185,3293361555,won (berhasil),3293361555
trx-20806,9/23/2022,sumatera,perkebunan,tractor agrikultur,1,834033522,834033522,won (berhasil),834033522
trx-22815,6/30/2021,kalimantan,manufaktur,forklift,3,447472000,1342416000,lost (gagal),0
trx-21977,10/10/2023,sulawesi,logistik & gudang,forklift,2,357015522,714031044,lost (gagal),0
trx-22540,11/11/2022,jawa,konstruksi,genset (generator set),3,425846497,1277539491,won (berhasil),1277539491
trx-21535,7/25/2022,sulawesi,logistik & gudang,excavator,2,2421386428,4842772856,in progress,0
trx-22084,1/29/2022,sumatera,perkebunan,excavator,2,2601852232,5203704464,in progress,0
trx-22140,8/3/2021,sulawesi,manufaktur,genset (generator set),3,196489116,589467348,won (berhasil),589467348
trx-20148,4/22/2021,kalimantan,konstruksi,genset (generator set),1,466000864,466000864,in progress,0
trx-21850,12/2/2021,papua,pertambangan,genset (generator set),5,305394539,1526972695,lost (gagal),0
trx-22087,3/4/2022,sumatera,perkebunan,tractor agrikultur,5,999044796,4995223980,won (berhasil),4995223980
trx-21983,6/17/2022,sumatera,perkebunan,forklift,1,329197902,329197902,won (berhasil),329197902
trx-21315,4/7/2022,jawa,pertambangan,tractor agrikultur,3,933104247,2799312741,won (berhasil),2799312741
trx-20692,4/13/2023,jawa,logistik & gudang,tractor agrikultur,1,1241686925,1241686925,lost (gagal),0
trx-20818,1/16/2023,kalimantan,logistik & gudang,excavator,2,2437123261,4874246522,lost (gagal),0
trx-21728,7/9/2023,sulawesi,konstruksi,forklift,2,348965298,697930596,lost (gagal),0
trx-21386,5/22/2022,sumatera,manufaktur,genset (generator set),4,406025803,1624103212,lost (gagal),0
trx-22318,2/10/2022,jawa,konstruksi,excavator,2,2127899412,4255798824,won (berhasil),4255798824
trx-22090,7/19/2021,sumatera,perkebunan,tractor agrikultur,5,1001965342,5009826710,won (berhasil),5009826710
trx-21599,4/8/2023,sulawesi,pertambangan,tractor agrikultur,5,1093197010,5465985050,lost (gagal),0
trx-22398,12/11/2023,kalimantan,pertambangan,forklift,5,347332541,1736662705,won (berhasil),1736662705
trx-22495,1/19/2021,jawa,konstruksi,forklift,1,359929897,359929897,won (berhasil),359929897
trx-20701,4/8/2021,sumatera,pertambangan,forklift,2,272198765,544397530,lost (gagal),0
trx-21956,4/24/2023,jawa,konstruksi,forklift,2,202786251,405572502,won (berhasil),405572502
trx-22700,8/29/2022,sumatera,perkebunan,excavator,1,2393848618,2393848618,lost (gagal),0
trx-20921,12/12/2023,jawa,konstruksi,forklift,1,507746201,507746201,won (berhasil),507746201
trx-21424,9/10/2022,kalimantan,pertambangan,forklift,3,453743994,1361231982,won (berhasil),1361231982
trx-21708,9/20/2023,kalimantan,pertambangan,genset (generator set),5,291295688,1456478440,lost (gagal),0
trx-20905,4/16/2022,kalimantan,pertambangan,forklift,2,473226794,946453588,won (berhasil),946453588
trx-20454,11/1/2023,papua,konstruksi,genset (generator set),3,301779147,905337441,lost (gagal),0
trx-22116,11/26/2022,unknown,pertambangan,genset (generator set),3,253287905,759863715,won (berhasil),759863715
trx-22315,4/10/2022,papua,konstruksi,forklift,2,486785813,973571626,lost (gagal),0
trx-22341,12/20/2022,jawa,pertambangan,forklift,3,432118225,1296354675,won (berhasil),1296354675
trx-22335,3/5/2021,sulawesi,pertambangan,excavator,1,1549516428,1549516428,lost (gagal),0
trx-20167,10/17/2022,kalimantan,pertambangan,tractor agrikultur,3,813973923,2441921769,won (berhasil),2441921769
trx-20730,7/7/2023,jawa,manufaktur,tractor agrikultur,1,1388000493,1388000493,lost (gagal),0
trx-22384,4/13/2022,jawa,perkebunan,excavator,1,2586204139,2586204139,in progress,0
trx-21310,2/26/2023,sulawesi,pertambangan,forklift,1,277950099,277950099,lost (gagal),0
trx-20026,5/12/2023,unknown,pertambangan,tractor agrikultur,2,994260746,1988521492,lost (gagal),0
trx-22013,12/21/2022,sulawesi,konstruksi,forklift,2,505005976,1010011952,lost (gagal),0
trx-21652,2/19/2021,sulawesi,konstruksi,excavator,1,2626798538,2626798538,won (berhasil),2626798538
trx-21622,2/23/2021,papua,pertambangan,excavator,2,2300607505,4601215010,lost (gagal),0
trx-21401,5/19/2021,sumatera,logistik & gudang,tractor agrikultur,5,955393240,4776966200,won (berhasil),4776966200
trx-20997,1/11/2021,papua,konstruksi,tractor agrikultur,3,1128785951,3386357853,won (berhasil),3386357853
trx-21176,8/15/2021,papua,pertambangan,genset (generator set),5,113506306,567531530,won (berhasil),567531530
trx-21700,4/27/2023,sulawesi,manufaktur,forklift,1,486117313,486117313,won (berhasil),486117313
trx-21040,3/20/2022,jawa,logistik & gudang,tractor agrikultur,2,966961490,1933922980,won (berhasil),1933922980
trx-20033,6/16/2022,jawa,pertambangan,excavator,1,1546307484,1546307484,lost (gagal),0
trx-22292,12/21/2023,jawa,perkebunan,excavator,1,1805397079,1805397079,won (berhasil),1805397079
trx-22405,6/9/2021,papua,konstruksi,forklift,5,360681676,1803408380,won (berhasil),1803408380
trx-21379,7/3/2022,jawa,perkebunan,excavator,2,2346709420,4693418840,won (berhasil),4693418840
trx-20041,4/28/2022,sulawesi,perkebunan,forklift,2,481861285,963722570,lost (gagal),0
trx-21869,3/1/2022,jawa,perkebunan,excavator,2,2715102348,5430204696,won (berhasil),5430204696
trx-22381,5/17/2021,sulawesi,manufaktur,forklift,2,264695017,529390034,lost (gagal),0
trx-22649,2/26/2022,sumatera,pertambangan,tractor agrikultur,2,1117442742,2234885484,won (berhasil),2234885484
trx-22196,10/13/2021,papua,perkebunan,tractor agrikultur,4,1158958180,4635832720,won (berhasil),4635832720
trx-22123,8/10/2022,papua,pertambangan,forklift,3,422383269,1267149807,won (berhasil),1267149807
trx-22194,6/23/2022,sumatera,konstruksi,tractor agrikultur,1,1260526574,1260526574,lost (gagal),0
trx-20609,10/12/2022,jawa,perkebunan,tractor agrikultur,1,1435748334,1435748334,in progress,0
trx-21132,3/6/2022,kalimantan,logistik & gudang,tractor agrikultur,1,882999225,882999225,in progress,0
trx-20028,6/6/2023,jawa,konstruksi,forklift,4,435906902,1743627608,lost (gagal),0
trx-20441,11/26/2023,jawa,konstruksi,tractor agrikultur,5,1128550047,5642750235,won (berhasil),5642750235
trx-22025,8/24/2022,papua,pertambangan,excavator,2,2245171212,4490342424,lost (gagal),0
trx-22195,10/9/2021,sulawesi,pertambangan,tractor agrikultur,3,1040516294,3121548882,won (berhasil),3121548882
trx-20493,3/3/2023,jawa,perkebunan,genset (generator set),5,128235202,641176010,won (berhasil),641176010
trx-21258,7/30/2021,sumatera,perkebunan,forklift,4,466224216,1864896864,won (berhasil),1864896864
trx-21301,6/28/2023,sumatera,manufaktur,forklift,4,583461928,2333847712,won (berhasil),2333847712
trx-22581,10/27/2023,sumatera,perkebunan,forklift,5,249221049,1246105245,won (berhasil),1246105245
trx-22402,5/15/2021,jawa,pertambangan,excavator,2,1781435834,3562871668,won (berhasil),3562871668
trx-21382,11/6/2021,kalimantan,pertambangan,tractor agrikultur,5,860697079,4303485395,won (berhasil),4303485395
trx-21304,2/25/2022,sumatera,perkebunan,forklift,4,434210256,1736841024,won (berhasil),1736841024
trx-20236,3/1/2022,jawa,manufaktur,forklift,1,429429309,429429309,won (berhasil),429429309
trx-20551,11/14/2023,kalimantan,pertambangan,forklift,4,491556732,1966226928,in progress,0
trx-20520,11/28/2023,sulawesi,logistik & gudang,genset (generator set),1,352115493,352115493,won (berhasil),352115493
trx-22252,4/30/2021,sumatera,perkebunan,forklift,5,284232247,1421161235,won (berhasil),1421161235
trx-21232,2/9/2021,kalimantan,pertambangan,forklift,1,382638814,382638814,won (berhasil),382638814
trx-21138,10/23/2022,sumatera,manufaktur,genset (generator set),1,437724366,437724366,won (berhasil),437724366
trx-20720,9/8/2021,jawa,pertambangan,excavator,2,2156570976,4313141952,won (berhasil),4313141952
trx-20735,4/28/2021,kalimantan,pertambangan,forklift,4,490567315,1962269260,won (berhasil),1962269260
trx-22697,12/24/2021,sulawesi,perkebunan,genset (generator set),3,352404643,1057213929,in progress,0
trx-21750,1/14/2023,sumatera,perkebunan,genset (generator set),1,409324942,409324942,won (berhasil),409324942
trx-20058,11/25/2023,kalimantan,konstruksi,tractor agrikultur,3,1153923236,3461769708,won (berhasil),3461769708
trx-20631,8/26/2021,papua,pertambangan,excavator,1,1883906081,1883906081,in progress,0
trx-21181,1/15/2022,sulawesi,logistik & gudang,excavator,2,2188894859,4377789718,won (berhasil),4377789718
trx-22238,4/27/2021,papua,konstruksi,excavator,2,2820915109,5641830218,lost (gagal),0
trx-20592,11/22/2023,papua,konstruksi,forklift,2,509580953,1019161906,in progress,0
trx-21303,8/6/2023,sumatera,perkebunan,forklift,2,539640380,1079280760,won (berhasil),1079280760
trx-21387,9/18/2022,sumatera,manufaktur,tractor agrikultur,3,878079561,2634238683,won (berhasil),2634238683
trx-22659,12/11/2022,jawa,logistik & gudang,forklift,4,284244311,1136977244,won (berhasil),1136977244
trx-22674,10/8/2022,sumatera,konstruksi,excavator,1,2468612590,2468612590,won (berhasil),2468612590
trx-22900,4/21/2022,sulawesi,manufaktur,forklift,2,204661036,409322072,won (berhasil),409322072
trx-20939,11/17/2023,jawa,logistik & gudang,genset (generator set),5,219900076,1099500380,won (berhasil),1099500380
trx-22835,3/22/2021,papua,perkebunan,excavator,1,2036793010,2036793010,won (berhasil),2036793010
trx-21249,5/30/2023,sulawesi,logistik & gudang,excavator,2,2970309962,5940619924,in progress,0
trx-20904,4/28/2021,sumatera,pertambangan,genset (generator set),2,456603673,913207346,won (berhasil),913207346
trx-22586,11/17/2023,sumatera,manufaktur,excavator,1,1557350838,1557350838,won (berhasil),1557350838
trx-21279,7/22/2023,kalimantan,logistik & gudang,genset (generator set),2,159391273,318782546,lost (gagal),0
trx-22439,12/24/2023,kalimantan,pertambangan,genset (generator set),4,194844920,779379680,lost (gagal),0
trx-22926,1/30/2022,papua,konstruksi,excavator,2,1686692823,3373385646,lost (gagal),0
trx-22161,2/1/2021,jawa,perkebunan,genset (generator set),5,478845561,2394227805,in progress,0
trx-22424,1/8/2022,sumatera,konstruksi,excavator,2,2344614709,4689229418,won (berhasil),4689229418
trx-22503,11/18/2021,sulawesi,manufaktur,forklift,3,407549723,1222649169,lost (gagal),0
trx-21142,12/20/2023,papua,pertambangan,tractor agrikultur,1,1365820464,1365820464,lost (gagal),0
trx-22418,11/22/2021,sumatera,pertambangan,forklift,3,474068526,1422205578,lost (gagal),0
trx-20706,11/21/2023,sumatera,perkebunan,genset (generator set),4,326103433,1304413732,won (berhasil),1304413732
trx-22685,9/13/2022,jawa,perkebunan,excavator,1,2184060388,2184060388,won (berhasil),2184060388
trx-21022,12/5/2022,papua,pertambangan,forklift,2,106223605,212447210,won (berhasil),212447210
trx-20745,8/4/2023,sumatera,perkebunan,forklift,3,224437454,673312362,won (berhasil),673312362
trx-21546,12/14/2022,sumatera,perkebunan,tractor agrikultur,5,833135812,4165679060,lost (gagal),0
trx-22394,11/7/2023,papua,perkebunan,tractor agrikultur,5,907927674,4539638370,won (berhasil),4539638370
trx-22080,11/3/2022,papua,pertambangan,excavator,1,1727942624,1727942624,won (berhasil),1727942624
trx-20513,9/30/2022,sulawesi,perkebunan,genset (generator set),3,136486271,409458813,won (berhasil),409458813
trx-20081,8/20/2022,jawa,perkebunan,excavator,2,1552437301,3104874602,in progress,0
trx-22705,8/15/2023,kalimantan,konstruksi,genset (generator set),4,303349509,1213398036,won (berhasil),1213398036
trx-21308,10/12/2022,papua,pertambangan,excavator,2,1944642631,3889285262,won (berhasil),3889285262
trx-22535,9/10/2021,sumatera,manufaktur,excavator,2,2685866503,5371733006,lost (gagal),0
trx-20914,12/20/2021,sumatera,pertambangan,genset (generator set),1,208137264,208137264,lost (gagal),0
trx-21404,2/27/2022,sulawesi,logistik & gudang,tractor agrikultur,4,1147730901,4590923604,won (berhasil),4590923604
trx-21647,3/29/2022,papua,pertambangan,forklift,5,464114268,2320571340,lost (gagal),0
trx-22805,1/30/2021,papua,konstruksi,genset (generator set),5,422204829,2111024145,won (berhasil),2111024145
trx-21108,3/28/2022,kalimantan,konstruksi,excavator,2,2023293791,4046587582,won (berhasil),4046587582
trx-20150,4/12/2021,papua,konstruksi,excavator,2,2372336437,4744672874,lost (gagal),0
trx-22771,2/16/2022,sulawesi,manufaktur,genset (generator set),2,210980640,421961280,in progress,0
trx-20774,11/22/2022,kalimantan,konstruksi,excavator,1,1731614410,1731614410,won (berhasil),1731614410
trx-20329,6/9/2023,sulawesi,pertambangan,forklift,3,344074534,1032223602,won (berhasil),1032223602
trx-20006,2/13/2022,papua,perkebunan,tractor agrikultur,3,980852445,2942557335,lost (gagal),0
trx-20943,12/31/2023,jawa,pertambangan,tractor agrikultur,2,1023271335,2046542670,lost (gagal),0
trx-20822,3/30/2023,kalimantan,perkebunan,forklift,3,372826810,1118480430,lost (gagal),0
trx-20734,7/14/2023,papua,pertambangan,genset (generator set),3,162593751,487781253,lost (gagal),0
trx-20909,2/1/2023,papua,pertambangan,tractor agrikultur,2,916286762,1832573524,won (berhasil),1832573524
trx-20468,10/5/2022,sulawesi,logistik & gudang,genset (generator set),4,452078931,1808315724,won (berhasil),1808315724
trx-20181,2/12/2021,sulawesi,pertambangan,forklift,3,405659694,1216979082,won (berhasil),1216979082
trx-20164,2/20/2023,kalimantan,logistik & gudang,excavator,1,1764411140,1764411140,won (berhasil),1764411140
trx-21523,10/4/2023,papua,manufaktur,tractor agrikultur,1,969186598,969186598,lost (gagal),0
trx-20451,4/25/2022,sulawesi,pertambangan,tractor agrikultur,3,1174744243,3524232729,won (berhasil),3524232729
trx-20490,1/3/2022,kalimantan,pertambangan,genset (generator set),2,407198635,814397270,won (berhasil),814397270
trx-20813,7/2/2022,jawa,pertambangan,forklift,4,242489014,969956056,won (berhasil),969956056
trx-21143,8/23/2022,jawa,konstruksi,forklift,3,567698762,1703096286,in progress,0
trx-21311,6/12/2022,papua,manufaktur,excavator,2,1714208111,3428416222,won (berhasil),3428416222
trx-22897,1/12/2021,sulawesi,lainnya,excavator,2,2899986209,5799972418,won (berhasil),5799972418
trx-21111,2/7/2023,kalimantan,lainnya,forklift,3,372277781,1116833343,lost (gagal),0
trx-22901,2/7/2023,sulawesi,konstruksi,excavator,2,1823802459,3647604918,won (berhasil),3647604918
trx-21826,8/15/2022,sulawesi,pertambangan,forklift,1,402581175,402581175,won (berhasil),402581175
trx-21441,1/31/2023,sulawesi,perkebunan,tractor agrikultur,5,1445106022,7225530110,won (berhasil),7225530110
trx-22713,7/16/2021,jawa,perkebunan,tractor agrikultur,2,1027374945,2054749890,won (berhasil),2054749890
trx-21006,10/2/2022,kalimantan,pertambangan,genset (generator set),5,392654302,1963271510,lost (gagal),0
trx-21627,3/18/2022,papua,pertambangan,tractor agrikultur,1,1237477217,1237477217,in progress,0
trx-21632,9/26/2021,sumatera,pertambangan,tractor agrikultur,1,1134053376,1134053376,lost (gagal),0
trx-21074,10/2/2022,papua,pertambangan,genset (generator set),1,386613381,386613381,lost (gagal),0
trx-20578,9/26/2023,jawa,perkebunan,forklift,1,550195415,550195415,won (berhasil),550195415
trx-22136,8/25/2022,sulawesi,konstruksi,excavator,2,214016333,428032666,won (berhasil),428032666
trx-22382,12/27/2023,papua,pertambangan,excavator,2,2319543068,4639086136,won (berhasil),4639086136
trx-22701,12/22/2021,jawa,perkebunan,excavator,1,2557303402,2557303402,lost (gagal),0
trx-22339,9/20/2022,kalimantan,pertambangan,excavator,2,2615482990,5230965980,won (berhasil),5230965980
trx-20327,12/3/2023,kalimantan,konstruksi,genset (generator set),1,478642639,478642639,won (berhasil),478642639
trx-21790,10/29/2022,sumatera,perkebunan,excavator,2,1862328475,3724656950,lost (gagal),0
trx-20442,5/16/2023,sulawesi,manufaktur,excavator,1,2457953308,2457953308,lost (gagal),0
trx-21858,1/1/2024,sumatera,logistik & gudang,tractor agrikultur,5,820722466,4103612330,won (berhasil),4103612330
trx-22717,8/19/2023,sumatera,perkebunan,genset (generator set),2,208095877,416191754,won (berhasil),416191754
trx-20312,8/2/2021,kalimantan,manufaktur,excavator,2,1574851967,3149703934,won (berhasil),3149703934
trx-20832,8/16/2023,sulawesi,perkebunan,forklift,5,323439208,1617196040,won (berhasil),1617196040
trx-22411,6/6/2022,papua,pertambangan,excavator,1,2897342542,2897342542,lost (gagal),0
trx-22138,1/5/2023,sulawesi,konstruksi,forklift,2,514421168,1028842336,won (berhasil),1028842336
trx-21414,9/27/2022,papua,perkebunan,forklift,3,281315977,843947931,lost (gagal),0
trx-21201,11/13/2022,jawa,pertambangan,tractor agrikultur,3,1437004557,4311013671,won (berhasil),4311013671
trx-22351,2/10/2021,sulawesi,manufaktur,forklift,2,201889433,403778866,won (berhasil),403778866
trx-21499,11/8/2021,sumatera,perkebunan,genset (generator set),2,214950136,429900272,won (berhasil),429900272
trx-21967,5/8/2022,papua,pertambangan,forklift,4,202676638,810706552,lost (gagal),0
trx-20086,2/23/2021,kalimantan,konstruksi,excavator,2,2251777622,4503555244,won (berhasil),4503555244
trx-21403,11/22/2023,jawa,konstruksi,genset (generator set),5,396889689,1984448445,won (berhasil),1984448445
trx-22973,9/2/2022,papua,perkebunan,genset (generator set),4,246247715,984990860,won (berhasil),984990860
trx-22360,7/31/2022,jawa,konstruksi,forklift,1,447333148,447333148,won (berhasil),447333148
trx-21481,5/26/2023,sumatera,perkebunan,genset (generator set),5,388697267,1943486335,in progress,0
trx-20777,7/12/2021,kalimantan,konstruksi,forklift,2,523933619,1047867238,won (berhasil),1047867238
trx-20799,2/18/2023,sulawesi,manufaktur,tractor agrikultur,2,885785810,1771571620,won (berhasil),1771571620
trx-21666,1/12/2021,jawa,konstruksi,genset (generator set),1,420190203,420190203,won (berhasil),420190203
trx-21894,2/3/2021,kalimantan,perkebunan,forklift,3,267596217,802788651,won (berhasil),802788651
trx-20054,6/23/2023,sumatera,manufaktur,genset (generator set),5,256916102,1284580510,in progress,0
trx-22399,9/18/2022,sumatera,pertambangan,forklift,4,218598183,874392732,won (berhasil),874392732
trx-21287,8/28/2021,papua,pertambangan,genset (generator set),4,187047330,748189320,lost (gagal),0
trx-21920,7/5/2022,jawa,pertambangan,forklift,5,420738586,2103692930,won (berhasil),2103692930
trx-21667,5/9/2021,jawa,manufaktur,genset (generator set),4,325799225,1303196900,lost (gagal),0
trx-22629,9/29/2023,sumatera,perkebunan,forklift,2,480134059,960268118,lost (gagal),0
trx-22189,11/15/2021,papua,pertambangan,forklift,1,279604683,279604683,won (berhasil),279604683
trx-21701,4/8/2022,kalimantan,pertambangan,tractor agrikultur,2,1349643917,2699287834,lost (gagal),0
trx-21245,7/5/2022,papua,konstruksi,genset (generator set),4,135942820,543771280,won (berhasil),543771280
trx-20113,5/26/2022,papua,logistik & gudang,forklift,5,581110449,2905552245,lost (gagal),0
trx-20987,8/25/2021,papua,pertambangan,excavator,1,2612185952,2612185952,won (berhasil),2612185952
trx-20501,9/25/2023,papua,pertambangan,excavator,2,1713592054,3427184108,won (berhasil),3427184108
trx-22187,4/8/2023,sumatera,perkebunan,forklift,3,423046611,1269139833,won (berhasil),1269139833
trx-21009,12/16/2022,kalimantan,pertambangan,forklift,5,509648280,2548241400,won (berhasil),2548241400
trx-21198,11/20/2022,sumatera,perkebunan,genset (generator set),5,450650037,2253250185,in progress,0
trx-21394,6/26/2023,unknown,konstruksi,excavator,2,2616269438,5232538876,won (berhasil),5232538876
trx-20589,11/1/2022,papua,lainnya,excavator,1,2958109142,2958109142,won (berhasil),2958109142
trx-20768,6/2/2021,sulawesi,manufaktur,forklift,1,264790245,264790245,won (berhasil),264790245
trx-20017,11/2/2021,sulawesi,pertambangan,tractor agrikultur,4,1214612871,4858451484,lost (gagal),0
trx-21042,2/23/2022,jawa,perkebunan,tractor agrikultur,3,1214931310,3644793930,won (berhasil),3644793930
trx-21447,7/2/2023,sumatera,perkebunan,genset (generator set),2,104722946,209445892,in progress,0
trx-22501,1/26/2023,jawa,perkebunan,genset (generator set),4,218763616,875054464,lost (gagal),0
trx-20285,11/16/2021,kalimantan,konstruksi,genset (generator set),2,117226183,234452366,won (berhasil),234452366
trx-22682,10/28/2023,jawa,perkebunan,tractor agrikultur,1,902804726,902804726,won (berhasil),902804726
trx-20428,6/5/2022,sulawesi,konstruksi,excavator,2,2906826110,5813652220,won (berhasil),5813652220
trx-21328,7/18/2021,sulawesi,pertambangan,excavator,1,2644188680,2644188680,won (berhasil),2644188680
trx-22029,4/21/2023,sumatera,konstruksi,excavator,2,1594269975,3188539950,won (berhasil),3188539950
trx-20669,7/10/2022,kalimantan,perkebunan,tractor agrikultur,2,1302902824,2605805648,won (berhasil),2605805648
trx-20031,11/11/2021,jawa,manufaktur,tractor agrikultur,2,1449424605,2898849210,lost (gagal),0
trx-21341,1/11/2021,sumatera,konstruksi,excavator,2,2692854188,5385708376,won (berhasil),5385708376
trx-20722,9/3/2021,sulawesi,konstruksi,forklift,5,598824502,2994122510,won (berhasil),2994122510
trx-20951,8/17/2022,papua,pertambangan,excavator,1,2637069326,2637069326,lost (gagal),0
trx-21914,10/27/2023,kalimantan,perkebunan,genset (generator set),3,149768315,449304945,won (berhasil),449304945
trx-22330,2/1/2022,sumatera,logistik & gudang,forklift,2,575523833,1151047666,won (berhasil),1151047666
trx-20214,1/5/2021,papua,pertambangan,tractor agrikultur,1,1315500269,1315500269,won (berhasil),1315500269
trx-20989,1/23/2021,papua,perkebunan,excavator,1,1902222264,1902222264,lost (gagal),0
trx-21164,9/24/2023,jawa,manufaktur,genset (generator set),2,246565103,493130206,won (berhasil),493130206
trx-22839,3/29/2023,sumatera,konstruksi,tractor agrikultur,4,1415496575,5661986300,lost (gagal),0
trx-22696,9/10/2022,jawa,konstruksi,forklift,2,254872039,509744078,lost (gagal),0
trx-20326,6/22/2023,sumatera,perkebunan,genset (generator set),4,223397785,893591140,won (berhasil),893591140
trx-20560,11/23/2021,sulawesi,konstruksi,genset (generator set),2,300386147,600772294,won (berhasil),600772294
trx-21383,3/31/2021,jawa,perkebunan,tractor agrikultur,4,1174208038,4696832152,won (berhasil),4696832152
trx-21724,3/25/2023,papua,perkebunan,forklift,1,445653993,445653993,won (berhasil),445653993
trx-21086,10/25/2021,kalimantan,pertambangan,tractor agrikultur,3,1331358712,3994076136,won (berhasil),3994076136
trx-22670,5/26/2023,sumatera,logistik & gudang,tractor agrikultur,5,921201789,4606008945,won (berhasil),4606008945
trx-20341,7/12/2021,sulawesi,perkebunan,forklift,5,378125212,1890626060,lost (gagal),0
trx-21653,8/11/2023,sulawesi,konstruksi,excavator,2,2125821588,4251643176,won (berhasil),4251643176
trx-20147,6/18/2023,jawa,manufaktur,genset (generator set),3,102553551,307660653,lost (gagal),0
trx-22376,8/26/2023,jawa,perkebunan,excavator,2,2625627831,5251255662,won (berhasil),5251255662
trx-22809,9/6/2022,sulawesi,pertambangan,tractor agrikultur,4,913545581,3654182324,won (berhasil),3654182324
trx-21107,9/28/2023,papua,pertambangan,genset (generator set),2,467571571,935143142,won (berhasil),935143142
trx-20848,6/12/2022,sulawesi,pertambangan,forklift,1,457690971,457690971,won (berhasil),457690971
trx-20966,3/26/2023,jawa,pertambangan,tractor agrikultur,3,1151569113,3454707339,won (berhasil),3454707339
trx-21072,10/17/2021,sumatera,konstruksi,tractor agrikultur,5,1406091019,7030455095,won (berhasil),7030455095
trx-22510,11/28/2022,unknown,pertambangan,tractor agrikultur,4,1095996208,4383984832,won (berhasil),4383984832
trx-21905,7/19/2021,papua,pertambangan,genset (generator set),3,284726279,854178837,won (berhasil),854178837
trx-20155,2/9/2023,kalimantan,konstruksi,forklift,5,269704432,1348522160,won (berhasil),1348522160
trx-20665,7/25/2023,kalimantan,logistik & gudang,genset (generator set),5,139281113,696405565,lost (gagal),0
trx-20661,1/8/2023,sumatera,perkebunan,forklift,1,325818708,325818708,won (berhasil),325818708
trx-21002,11/28/2021,papua,pertambangan,excavator,1,1950548154,1950548154,won (berhasil),1950548154
trx-22378,3/17/2023,papua,manufaktur,forklift,3,509735957,1529207871,won (berhasil),1529207871
trx-22546,7/30/2022,sulawesi,logistik & gudang,forklift,5,444182162,2220910810,won (berhasil),2220910810
trx-20176,4/21/2022,papua,logistik & gudang,genset (generator set),1,362558022,362558022,won (berhasil),362558022
trx-22698,7/10/2022,jawa,perkebunan,forklift,3,246087274,738261822,in progress,0
trx-21879,9/20/2021,sumatera,perkebunan,excavator,1,2538868325,2538868325,won (berhasil),2538868325
trx-21524,8/24/2022,kalimantan,konstruksi,tractor agrikultur,3,1044099272,3132297816,lost (gagal),0
trx-22864,12/7/2023,sumatera,manufaktur,genset (generator set),4,414004272,1656017088,won (berhasil),1656017088
trx-21203,5/23/2023,kalimantan,konstruksi,tractor agrikultur,5,905357796,4526788980,won (berhasil),4526788980
trx-21990,10/5/2022,sumatera,logistik & gudang,tractor agrikultur,2,1165404749,2330809498,in progress,0
trx-20024,11/22/2022,kalimantan,konstruksi,excavator,1,1901494256,1901494256,won (berhasil),1901494256
trx-22857,1/24/2021,kalimantan,pertambangan,excavator,2,2160803194,4321606388,won (berhasil),4321606388
trx-22091,2/16/2023,sumatera,pertambangan,genset (generator set),2,345920906,691841812,lost (gagal),0
trx-22112,1/9/2021,sulawesi,konstruksi,genset (generator set),2,309339870,618679740,won (berhasil),618679740
trx-22938,2/5/2022,kalimantan,perkebunan,excavator,2,2048495185,4096990370,won (berhasil),4096990370
trx-20875,11/13/2021,sumatera,perkebunan,genset (generator set),5,129694862,648474310,won (berhasil),648474310
trx-22739,9/27/2023,papua,manufaktur,forklift,4,269635591,1078542364,won (berhasil),1078542364
trx-20938,4/6/2022,jawa,konstruksi,forklift,4,411656675,1646626700,won (berhasil),1646626700
trx-22742,4/12/2023,papua,pertambangan,excavator,1,2506645119,2506645119,in progress,0
trx-21552,8/23/2021,papua,pertambangan,tractor agrikultur,4,1114776941,4459107764,won (berhasil),4459107764
trx-20346,6/22/2023,kalimantan,pertambangan,tractor agrikultur,1,1499278947,1499278947,won (berhasil),1499278947
trx-22548,1/4/2022,jawa,logistik & gudang,forklift,1,336020544,336020544,lost (gagal),0
trx-20385,5/1/2021,sumatera,pertambangan,tractor agrikultur,5,1231729168,6158645840,won (berhasil),6158645840
trx-22549,12/19/2023,papua,pertambangan,tractor agrikultur,5,1386671509,6933357545,won (berhasil),6933357545
trx-22646,12/9/2022,sumatera,manufaktur,tractor agrikultur,3,891695647,2675086941,lost (gagal),0
trx-22121,6/10/2021,papua,pertambangan,forklift,1,541633898,541633898,in progress,0
trx-20936,12/14/2022,jawa,pertambangan,forklift,5,400318106,2001590530,won (berhasil),2001590530
trx-22623,11/13/2022,jawa,pertambangan,genset (generator set),5,115312243,576561215,won (berhasil),576561215
trx-22972,12/27/2023,kalimantan,logistik & gudang,forklift,4,428628297,1714513188,won (berhasil),1714513188
trx-21332,11/2/2021,sumatera,manufaktur,tractor agrikultur,4,1231576935,4926307740,won (berhasil),4926307740
trx-21934,10/18/2021,jawa,pertambangan,excavator,1,1812448601,1812448601,in progress,0
trx-20935,1/22/2023,sumatera,perkebunan,genset (generator set),3,322790705,968372115,in progress,0
trx-20566,11/9/2021,papua,pertambangan,forklift,5,491729479,2458647395,won (berhasil),2458647395
trx-21854,6/15/2022,jawa,logistik & gudang,forklift,3,363469946,1090409838,lost (gagal),0
trx-22465,6/16/2021,sulawesi,pertambangan,excavator,1,1837106263,1837106263,lost (gagal),0
trx-21645,6/2/2022,papua,pertambangan,genset (generator set),5,177007775,885038875,won (berhasil),885038875
trx-21792,2/12/2021,sumatera,perkebunan,forklift,1,583900406,583900406,won (berhasil),583900406
trx-21430,11/30/2021,papua,manufaktur,forklift,4,228470061,913880244,lost (gagal),0
trx-22358,9/3/2023,jawa,logistik & gudang,genset (generator set),4,319764242,1279056968,won (berhasil),1279056968
trx-21013,8/8/2021,jawa,manufaktur,genset (generator set),4,136562629,546250516,lost (gagal),0
trx-21928,8/9/2023,sumatera,perkebunan,forklift,3,583821374,1751464122,lost (gagal),0
trx-22284,12/8/2022,sulawesi,manufaktur,tractor agrikultur,1,840450919,840450919,won (berhasil),840450919
trx-20126,11/8/2021,kalimantan,manufaktur,forklift,3,474263182,1422789546,lost (gagal),0
trx-22126,6/24/2023,sumatera,pertambangan,forklift,2,230748515,461497030,lost (gagal),0
trx-21347,6/29/2023,papua,manufaktur,excavator,2,2984930665,5969861330,lost (gagal),0
trx-20355,5/30/2023,papua,logistik & gudang,excavator,2,2620417165,5240834330,won (berhasil),5240834330
trx-20827,5/31/2021,sulawesi,logistik & gudang,genset (generator set),3,408270295,1224810885,lost (gagal),0
trx-21639,4/24/2021,sumatera,perkebunan,forklift,3,315773559,947320677,won (berhasil),947320677
trx-20984,7/12/2021,sulawesi,manufaktur,forklift,1,321437155,321437155,lost (gagal),0
trx-20362,6/10/2021,sulawesi,konstruksi,forklift,4,347640062,1390560248,lost (gagal),0
trx-20345,12/11/2021,sulawesi,logistik & gudang,genset (generator set),1,130935991,130935991,won (berhasil),130935991
trx-22093,7/20/2022,kalimantan,pertambangan,excavator,2,2940798682,5881597364,won (berhasil),5881597364
trx-22584,3/13/2021,sumatera,logistik & gudang,genset (generator set),4,323117244,1292468976,won (berhasil),1292468976
trx-20711,6/15/2022,papua,pertambangan,forklift,2,315633188,631266376,lost (gagal),0
trx-22096,8/16/2022,papua,pertambangan,excavator,2,2934114028,5868228056,in progress,0
trx-20010,1/7/2023,sulawesi,pertambangan,forklift,4,326157785,1304631140,in progress,0
trx-22928,4/6/2022,sumatera,pertambangan,excavator,2,2507887516,5015775032,won (berhasil),5015775032
trx-21834,4/12/2023,papua,pertambangan,forklift,2,416860192,833720384,won (berhasil),833720384
trx-20793,11/27/2023,papua,pertambangan,forklift,5,879575072,4397875360,won (berhasil),4397875360
trx-22810,3/29/2022,sumatera,perkebunan,forklift,1,279172104,279172104,won (berhasil),279172104
trx-20094,7/30/2022,kalimantan,konstruksi,tractor agrikultur,5,1331329511,6656647555,won (berhasil),6656647555
trx-20129,5/4/2021,sumatera,perkebunan,tractor agrikultur,5,1339965957,6699829785,lost (gagal),0
trx-22952,9/14/2022,sulawesi,perkebunan,forklift,4,422673477,1690693908,lost (gagal),0
trx-21900,5/26/2023,jawa,pertambangan,excavator,1,2016007806,2016007806,lost (gagal),0
trx-22838,6/1/2021,jawa,logistik & gudang,genset (generator set),4,197956329,791825316,won (berhasil),791825316
trx-21932,8/30/2022,sulawesi,konstruksi,genset (generator set),4,287727373,1150909492,lost (gagal),0
trx-22181,2/16/2022,papua,pertambangan,excavator,1,2367179529,2367179529,won (berhasil),2367179529
trx-21865,12/31/2022,jawa,konstruksi,forklift,3,594718037,1784154111,won (berhasil),1784154111
trx-20516,9/17/2023,kalimantan,manufaktur,tractor agrikultur,5,891452833,4457264165,won (berhasil),4457264165
trx-21857,11/18/2021,jawa,logistik & gudang,tractor agrikultur,3,1481200297,4443600891,won (berhasil),4443600891
trx-21277,6/24/2021,kalimantan,konstruksi,excavator,2,1836841316,3673682632,won (berhasil),3673682632
trx-20950,12/31/2021,papua,konstruksi,genset (generator set),5,151308052,756540260,won (berhasil),756540260
trx-21120,9/17/2023,papua,logistik & gudang,tractor agrikultur,4,1021161586,4084646344,won (berhasil),4084646344
trx-20419,7/18/2022,kalimantan,manufaktur,tractor agrikultur,1,1264405359,1264405359,won (berhasil),1264405359
trx-20922,7/28/2023,jawa,pertambangan,excavator,1,2308395929,2308395929,lost (gagal),0
trx-22234,5/21/2021,kalimantan,pertambangan,tractor agrikultur,4,854674496,3418697984,won (berhasil),3418697984
trx-20477,6/21/2023,jawa,konstruksi,forklift,5,201705506,1008527530,lost (gagal),0
trx-22035,8/2/2022,jawa,pertambangan,excavator,2,2262384380,4524768760,lost (gagal),0
trx-22212,3/29/2022,sulawesi,manufaktur,excavator,1,2978715692,2978715692,lost (gagal),0
trx-21692,8/18/2023,kalimantan,pertambangan,tractor agrikultur,4,999982650,3999930600,won (berhasil),3999930600
trx-22247,11/29/2021,sulawesi,perkebunan,excavator,1,2662832985,2662832985,won (berhasil),2662832985
trx-21471,8/18/2023,sulawesi,pertambangan,forklift,3,396669141,1190007423,won (berhasil),1190007423
trx-21202,2/28/2022,jawa,pertambangan,genset (generator set),4,367523860,1470095440,lost (gagal),0
trx-21669,2/10/2021,kalimantan,pertambangan,forklift,3,296240892,888722676,won (berhasil),888722676
trx-22821,10/6/2021,kalimantan,perkebunan,genset (generator set),3,327087358,981262074,won (berhasil),981262074
trx-21970,11/27/2022,sulawesi,logistik & gudang,tractor agrikultur,1,1437497831,1437497831,lost (gagal),0
trx-20820,4/25/2023,papua,pertambangan,tractor agrikultur,1,886605076,886605076,won (berhasil),886605076
trx-21997,12/31/2022,papua,logistik & gudang,genset (generator set),1,352108936,352108936,lost (gagal),0
trx-22915,10/29/2022,sumatera,perkebunan,forklift,5,588095273,2940476365,won (berhasil),2940476365
trx-21248,5/30/2023,jawa,konstruksi,excavator,1,1543061126,1543061126,lost (gagal),0
trx-22704,12/27/2023,sulawesi,manufaktur,genset (generator set),2,257626831,515253662,won (berhasil),515253662
trx-22657,2/8/2021,sumatera,perkebunan,excavator,1,2796291279,2796291279,won (berhasil),2796291279
trx-21046,8/27/2023,sumatera,konstruksi,genset (generator set),3,233700403,701101209,won (berhasil),701101209
trx-21888,11/25/2022,sumatera,perkebunan,genset (generator set),4,210982282,843929128,won (berhasil),843929128
trx-20615,3/30/2022,kalimantan,pertambangan,tractor agrikultur,3,1362560033,4087680099,lost (gagal),0
trx-21318,10/5/2021,papua,pertambangan,excavator,2,2504691634,5009383268,lost (gagal),0
trx-22931,4/1/2022,papua,konstruksi,tractor agrikultur,4,1047876847,4191507388,lost (gagal),0
trx-22498,12/15/2021,kalimantan,perkebunan,excavator,1,2806846952,2806846952,lost (gagal),0
trx-21772,12/20/2022,kalimantan,pertambangan,excavator,2,2522088494,5044176988,won (berhasil),5044176988
trx-22999,8/2/2021,sumatera,perkebunan,excavator,1,2848545833,2848545833,won (berhasil),2848545833
trx-20131,4/12/2023,sulawesi,pertambangan,tractor agrikultur,2,987969538,1975939076,lost (gagal),0
trx-20077,12/27/2022,sulawesi,pertambangan,excavator,1,1731748681,1731748681,in progress,0
trx-22052,10/12/2023,jawa,manufaktur,genset (generator set),3,212761716,638285148,lost (gagal),0
trx-20724,6/8/2021,papua,pertambangan,forklift,4,595810836,2383243344,won (berhasil),2383243344
trx-21314,10/29/2022,sulawesi,pertambangan,genset (generator set),4,162971056,651884224,won (berhasil),651884224
trx-21851,8/18/2022,papua,manufaktur,excavator,2,1595789179,3191578358,lost (gagal),0
trx-22333,4/21/2022,jawa,pertambangan,forklift,5,352190565,1760952825,lost (gagal),0
trx-22526,6/18/2023,kalimantan,pertambangan,tractor agrikultur,3,861762978,2585288934,lost (gagal),0
trx-21372,11/15/2022,kalimantan,pertambangan,forklift,2,382940128,765880256,in progress,0
trx-21855,9/18/2021,sumatera,perkebunan,tractor agrikultur,1,1367590236,1367590236,won (berhasil),1367590236
trx-21319,9/15/2021,kalimantan,pertambangan,excavator,1,2947761179,2947761179,won (berhasil),2947761179
trx-22921,6/10/2021,kalimantan,pertambangan,forklift,3,389604369,1168813107,won (berhasil),1168813107
trx-22206,7/22/2022,papua,manufaktur,genset (generator set),5,487745888,2438729440,lost (gagal),0
trx-20375,9/22/2023,papua,pertambangan,forklift,1,595954442,595954442,won (berhasil),595954442
trx-21908,11/15/2023,papua,pertambangan,excavator,1,2430139115,2430139115,lost (gagal),0
trx-20333,4/12/2021,sulawesi,konstruksi,forklift,4,211629356,846517424,won (berhasil),846517424
trx-22288,5/5/2022,sumatera,pertambangan,genset (generator set),4,138854640,555418560,lost (gagal),0
trx-22338,6/8/2023,jawa,konstruksi,tractor agrikultur,1,833024957,833024957,won (berhasil),833024957
trx-21604,11/12/2023,papua,logistik & gudang,forklift,3,424194146,1272582438,lost (gagal),0
trx-21118,6/13/2023,sulawesi,perkebunan,forklift,5,278935375,1394676875,won (berhasil),1394676875
trx-22875,8/20/2021,kalimantan,pertambangan,tractor agrikultur,4,1175628790,4702515160,won (berhasil),4702515160
trx-21943,7/23/2021,sulawesi,manufaktur,forklift,1,579811107,579811107,won (berhasil),579811107
trx-22298,9/1/2021,sumatera,pertambangan,forklift,5,366999064,1834995320,lost (gagal),0
trx-22563,5/31/2022,sumatera,pertambangan,genset (generator set),1,358648723,358648723,in progress,0
trx-21342,5/3/2021,sulawesi,perkebunan,excavator,2,2216828872,4433657744,won (berhasil),4433657744
trx-20320,4/5/2023,kalimantan,pertambangan,genset (generator set),5,282444207,1412221035,lost (gagal),0
trx-21619,10/5/2021,papua,konstruksi,tractor agrikultur,5,1238382362,6191911810,won (berhasil),6191911810
trx-22732,11/28/2023,sumatera,pertambangan,genset (generator set),3,192797673,578393019,won (berhasil),578393019
trx-22060,5/7/2021,kalimantan,logistik & gudang,genset (generator set),3,338262123,1014786369,won (berhasil),1014786369
trx-21673,9/30/2021,jawa,perkebunan,forklift,2,521351761,1042703522,lost (gagal),0
trx-21942,8/4/2023,kalimantan,konstruksi,tractor agrikultur,4,1336211623,5344846492,lost (gagal),0
trx-20260,1/18/2023,jawa,manufaktur,excavator,2,2166778541,4333557082,won (berhasil),4333557082
trx-22039,6/9/2022,sumatera,perkebunan,forklift,3,464113970,1392341910,won (berhasil),1392341910
trx-20689,4/8/2022,kalimantan,logistik & gudang,genset (generator set),1,425154189,425154189,lost (gagal),0
trx-20901,3/18/2021,sumatera,perkebunan,tractor agrikultur,5,1210477372,6052386860,won (berhasil),6052386860
trx-22026,12/30/2022,sulawesi,perkebunan,excavator,2,2446005322,4892010644,lost (gagal),0
trx-20138,6/13/2022,papua,pertambangan,tractor agrikultur,5,911210497,4556052485,won (berhasil),4556052485
trx-21828,8/4/2021,sumatera,perkebunan,genset (generator set),3,220615798,661847394,won (berhasil),661847394
trx-21573,8/26/2021,kalimantan,pertambangan,forklift,3,392307561,1176922683,won (berhasil),1176922683
trx-20319,2/2/2022,kalimantan,konstruksi,tractor agrikultur,5,1324313663,6621568315,won (berhasil),6621568315
trx-20653,11/26/2023,kalimantan,pertambangan,forklift,4,386914900,1547659600,lost (gagal),0
trx-22137,10/31/2023,sulawesi,perkebunan,forklift,3,518420915,1555262745,won (berhasil),1555262745
trx-22359,4/16/2023,kalimantan,pertambangan,tractor agrikultur,4,1156254378,4625017512,in progress,0
trx-20558,9/9/2021,sumatera,logistik & gudang,excavator,2,2700552046,5401104092,lost (gagal),0
trx-20112,5/18/2022,jawa,pertambangan,excavator,2,2688640928,5377281856,won (berhasil),5377281856
trx-20531,12/22/2023,kalimantan,konstruksi,forklift,4,1134853585,4539414340,lost (gagal),0
trx-20224,8/3/2023,sulawesi,konstruksi,forklift,2,253209070,506418140,lost (gagal),0
trx-20723,5/18/2023,papua,pertambangan,excavator,2,1597745117,3195490234,lost (gagal),0
trx-22466,9/10/2022,jawa,pertambangan,genset (generator set),5,187229877,936149385,won (berhasil),936149385
trx-22884,1/19/2021,papua,pertambangan,excavator,2,2256153701,4512307402,won (berhasil),4512307402
trx-21433,9/18/2023,sulawesi,manufaktur,tractor agrikultur,1,830627309,830627309,won (berhasil),830627309
trx-22366,7/30/2023,papua,pertambangan,genset (generator set),3,171476158,514428474,won (berhasil),514428474
trx-21458,3/19/2021,sulawesi,manufaktur,excavator,2,2685742265,5371484530,lost (gagal),0
trx-22746,2/17/2023,papua,manufaktur,excavator,1,2349814349,2349814349,lost (gagal),0
trx-20846,12/2/2021,sulawesi,konstruksi,forklift,4,240660493,962641972,won (berhasil),962641972
trx-20193,6/24/2023,kalimantan,pertambangan,excavator,1,2699420724,2699420724,won (berhasil),2699420724
trx-21464,2/10/2023,sumatera,pertambangan,forklift,5,571754552,2858772760,lost (gagal),0
trx-20946,5/29/2023,sumatera,konstruksi,forklift,2,598451768,1196903536,won (berhasil),1196903536
trx-22021,5/10/2022,papua,pertambangan,genset (generator set),4,451687623,1806750492,lost (gagal),0
trx-21629,2/17/2023,sumatera,logistik & gudang,genset (generator set),2,377967394,755934788,won (berhasil),755934788
trx-20117,3/24/2022,jawa,pertambangan,genset (generator set),5,169139369,845696845,lost (gagal),0
trx-20645,3/18/2022,papua,pertambangan,genset (generator set),2,462088990,924177980,lost (gagal),0
trx-21870,7/20/2022,papua,pertambangan,forklift,1,408822201,408822201,lost (gagal),0
trx-20003,3/9/2022,jawa,lainnya,tractor agrikultur,3,1133990056,3401970168,won (berhasil),3401970168
trx-20074,1/11/2022,jawa,konstruksi,genset (generator set),5,226510629,1132553145,won (berhasil),1132553145
trx-21755,3/30/2023,jawa,logistik & gudang,excavator,2,1864131884,3728263768,won (berhasil),3728263768
trx-20467,2/14/2023,papua,pertambangan,tractor agrikultur,2,899021531,1798043062,lost (gagal),0
trx-20005,11/29/2023,papua,manufaktur,forklift,4,342523308,1370093232,lost (gagal),0
trx-21246,6/1/2023,sumatera,perkebunan,forklift,2,460437836,920875672,in progress,0
trx-20919,6/25/2022,kalimantan,manufaktur,tractor agrikultur,1,1015319934,1015319934,lost (gagal),0
trx-20228,2/4/2023,unknown,perkebunan,genset (generator set),2,374056912,748113824,lost (gagal),0
trx-21063,5/28/2021,jawa,pertambangan,tractor agrikultur,5,1038560654,5192803270,lost (gagal),0
trx-20242,8/19/2021,jawa,pertambangan,tractor agrikultur,4,1455536771,5822147084,lost (gagal),0
trx-22316,2/21/2022,sumatera,perkebunan,genset (generator set),5,426194903,2130974515,in progress,0
trx-21160,5/3/2023,sulawesi,logistik & gudang,forklift,4,532673526,2130694104,lost (gagal),0
trx-22555,2/14/2021,papua,logistik & gudang,excavator,2,2762446226,5524892452,lost (gagal),0
trx-21526,3/24/2023,sumatera,manufaktur,forklift,5,226351764,1131758820,won (berhasil),1131758820
trx-21605,9/12/2022,sumatera,konstruksi,forklift,4,440895529,1763582116,lost (gagal),0
trx-22831,1/22/2021,sumatera,perkebunan,excavator,2,1964545000,3929090000,lost (gagal),0
trx-22364,9/13/2022,papua,manufaktur,genset (generator set),5,413230161,2066150805,won (berhasil),2066150805
trx-22587,12/14/2022,sumatera,konstruksi,forklift,2,305071957,610143914,lost (gagal),0
trx-21989,10/30/2021,kalimantan,pertambangan,forklift,4,248502432,994009728,lost (gagal),0
trx-22389,11/1/2021,papua,konstruksi,forklift,5,362753571,1813767855,in progress,0
trx-21975,8/4/2023,papua,perkebunan,genset (generator set),1,394121199,394121199,won (berhasil),394121199
trx-21761,4/4/2021,sumatera,perkebunan,excavator,2,2856329706,5712659412,won (berhasil),5712659412
trx-21305,1/27/2023,sulawesi,lainnya,genset (generator set),2,398569337,797138674,won (berhasil),797138674
trx-21541,8/12/2022,papua,logistik & gudang,forklift,5,387203576,1936017880,lost (gagal),0
trx-20622,4/2/2022,jawa,manufaktur,genset (generator set),2,124018989,248037978,lost (gagal),0
trx-22350,3/23/2021,kalimantan,manufaktur,tractor agrikultur,3,1413130345,4239391035,lost (gagal),0
trx-21493,5/2/2021,kalimantan,logistik & gudang,forklift,3,274733195,824199585,lost (gagal),0
trx-20110,4/2/2022,kalimantan,manufaktur,excavator,2,2911055254,5822110508,in progress,0
trx-22781,2/25/2023,sumatera,perkebunan,forklift,1,402121970,402121970,won (berhasil),402121970
trx-21169,3/3/2022,sumatera,konstruksi,tractor agrikultur,3,815621561,2446864683,lost (gagal),0
trx-22499,2/28/2022,kalimantan,pertambangan,excavator,2,2625756101,5251512202,won (berhasil),5251512202
trx-20232,5/17/2021,jawa,manufaktur,excavator,1,2334117231,2334117231,won (berhasil),2334117231
trx-20066,1/11/2023,jawa,manufaktur,excavator,2,2408631780,4817263560,won (berhasil),4817263560
trx-22752,6/5/2021,kalimantan,pertambangan,genset (generator set),3,274868822,824606466,lost (gagal),0
trx-22072,10/16/2021,jawa,perkebunan,forklift,1,437012031,437012031,won (berhasil),437012031
trx-22192,12/23/2022,kalimantan,logistik & gudang,tractor agrikultur,2,1363549627,2727099254,won (berhasil),2727099254
trx-20536,1/10/2022,jawa,pertambangan,genset (generator set),3,113616830,340850490,won (berhasil),340850490
trx-20125,11/8/2023,kalimantan,pertambangan,genset (generator set),5,471740094,2358700470,won (berhasil),2358700470
trx-22133,10/21/2022,jawa,pertambangan,tractor agrikultur,3,1337502085,4012506255,won (berhasil),4012506255
trx-21254,2/2/2022,papua,konstruksi,tractor agrikultur,4,1377054692,5508218768,won (berhasil),5508218768
trx-22716,5/7/2023,papua,lainnya,tractor agrikultur,5,970226688,4851133440,won (berhasil),4851133440
trx-21976,5/4/2021,jawa,pertambangan,forklift,5,587561635,2937808175,won (berhasil),2937808175
trx-22500,6/7/2021,sumatera,perkebunan,tractor agrikultur,4,1472346202,5889384808,won (berhasil),5889384808
trx-22998,10/14/2022,papua,manufaktur,forklift,1,532419150,532419150,lost (gagal),0
trx-22075,10/15/2022,sumatera,pertambangan,tractor agrikultur,5,871684083,4358420415,won (berhasil),4358420415
trx-20484,3/17/2023,kalimantan,logistik & gudang,forklift,5,239941314,1199706570,won (berhasil),1199706570
trx-21654,8/17/2023,kalimantan,pertambangan,genset (generator set),2,236837705,473675410,lost (gagal),0
trx-22720,12/14/2021,kalimantan,pertambangan,genset (generator set),5,164656065,823280325,won (berhasil),823280325
trx-22302,8/29/2021,sumatera,perkebunan,excavator,1,2469077216,2469077216,won (berhasil),2469077216
trx-22442,4/10/2023,kalimantan,pertambangan,tractor agrikultur,5,1369719278,6848596390,lost (gagal),0
trx-21774,2/11/2022,sumatera,pertambangan,excavator,2,2580299628,5160599256,won (berhasil),5160599256
trx-20918,4/25/2022,sumatera,logistik & gudang,excavator,2,2765018772,5530037544,lost (gagal),0
trx-21646,3/7/2022,jawa,manufaktur,forklift,5,447393074,2236965370,won (berhasil),2236965370
trx-21026,8/24/2023,sulawesi,perkebunan,genset (generator set),5,345113737,1725568685,won (berhasil),1725568685
trx-21030,11/5/2023,sulawesi,pertambangan,genset (generator set),2,121463812,242927624,in progress,0
trx-20882,6/29/2023,kalimantan,manufaktur,forklift,5,267604333,1338021665,won (berhasil),1338021665
trx-21335,6/10/2021,papua,manufaktur,forklift,3,422272428,1266817284,lost (gagal),0
trx-22257,8/10/2021,jawa,manufaktur,excavator,1,2735555443,2735555443,won (berhasil),2735555443
trx-20364,10/30/2021,sumatera,perkebunan,forklift,3,545103032,1635309096,won (berhasil),1635309096
trx-22125,10/13/2021,kalimantan,manufaktur,excavator,1,2439845850,2439845850,won (berhasil),2439845850
trx-20027,4/6/2021,papua,logistik & gudang,tractor agrikultur,5,1279060607,6395303035,lost (gagal),0
trx-20473,9/6/2023,sumatera,perkebunan,excavator,1,2854124058,2854124058,won (berhasil),2854124058
trx-20525,11/24/2021,kalimantan,pertambangan,tractor agrikultur,2,1317456266,2634912532,lost (gagal),0
trx-20725,11/3/2023,sumatera,perkebunan,genset (generator set),1,126450889,126450889,lost (gagal),0
trx-20055,6/17/2023,sulawesi,perkebunan,excavator,1,1869062961,1869062961,lost (gagal),0
trx-20638,6/10/2022,jawa,pertambangan,tractor agrikultur,2,1244898413,2489796826,won (berhasil),2489796826
trx-20302,11/8/2023,papua,pertambangan,forklift,3,429014189,1287042567,won (berhasil),1287042567
trx-22651,8/1/2022,jawa,perkebunan,excavator,1,1953198605,1953198605,lost (gagal),0
trx-21276,7/12/2022,sulawesi,logistik & gudang,forklift,4,239476160,957904640,won (berhasil),957904640
trx-22679,2/18/2022,papua,pertambangan,excavator,1,1529217113,1529217113,lost (gagal),0
trx-20624,12/21/2022,jawa,perkebunan,tractor agrikultur,2,1111894639,2223789278,in progress,0
trx-22055,7/29/2021,kalimantan,pertambangan,excavator,2,1749096488,3498192976,lost (gagal),0
trx-21280,8/2/2023,kalimantan,pertambangan,forklift,3,410231310,1230693930,lost (gagal),0
trx-21049,8/27/2023,jawa,logistik & gudang,tractor agrikultur,5,818924000,4094620000,won (berhasil),4094620000
trx-20336,1/15/2023,sulawesi,logistik & gudang,tractor agrikultur,4,1036233712,4144934848,lost (gagal),0
trx-20047,3/15/2022,sulawesi,perkebunan,tractor agrikultur,2,841024526,1682049052,lost (gagal),0
trx-20106,9/26/2023,jawa,perkebunan,excavator,5,448714196,2243570980,won (berhasil),2243570980
trx-21079,11/5/2023,kalimantan,pertambangan,genset (generator set),4,262675985,1050703940,won (berhasil),1050703940
trx-22261,4/26/2022,papua,perkebunan,genset (generator set),2,480026370,960052740,won (berhasil),960052740
trx-21144,6/18/2021,jawa,konstruksi,tractor agrikultur,3,1099726234,3299178702,lost (gagal),0
trx-22423,4/14/2021,kalimantan,pertambangan,forklift,1,493429845,493429845,won (berhasil),493429845
trx-21836,1/3/2021,kalimantan,logistik & gudang,genset (generator set),2,107260033,214520066,won (berhasil),214520066
trx-21753,12/30/2021,jawa,perkebunan,forklift,4,200557190,802228760,lost (gagal),0
trx-21101,5/2/2023,jawa,konstruksi,genset (generator set),4,310460733,1241842932,lost (gagal),0
trx-21968,6/25/2023,sulawesi,pertambangan,tractor agrikultur,4,1386440770,5545763080,in progress,0
trx-20523,2/20/2021,sulawesi,logistik & gudang,forklift,4,309108868,1236435472,won (berhasil),1236435472
trx-22280,12/23/2023,kalimantan,pertambangan,genset (generator set),2,163514361,327028722,won (berhasil),327028722
trx-21428,5/5/2023,papua,pertambangan,forklift,2,2897192084,5794384168,in progress,0
trx-22650,2/15/2023,papua,perkebunan,forklift,1,232908017,232908017,won (berhasil),232908017
trx-20603,7/31/2021,kalimantan,pertambangan,genset (generator set),1,400632728,400632728,won (berhasil),400632728
trx-21489,6/25/2021,sulawesi,perkebunan,tractor agrikultur,2,1281375386,2562750772,lost (gagal),0
trx-22590,8/18/2022,unknown,perkebunan,genset (generator set),4,225239629,900958516,in progress,0
trx-20060,8/18/2021,unknown,pertambangan,genset (generator set),4,335842532,1343370128,won (berhasil),1343370128
trx-22794,7/25/2022,sumatera,logistik & gudang,tractor agrikultur,1,966558095,966558095,won (berhasil),966558095
trx-20671,10/20/2022,sulawesi,perkebunan,tractor agrikultur,5,1444847005,7224235025,won (berhasil),7224235025
trx-20092,3/24/2023,papua,pertambangan,excavator,1,2770472281,2770472281,lost (gagal),0
trx-20666,11/4/2023,sulawesi,konstruksi,forklift,5,561244090,2806220450,won (berhasil),2806220450
trx-21887,12/7/2023,sumatera,konstruksi,genset (generator set),3,325151225,975453675,won (berhasil),975453675
trx-20280,2/22/2021,sumatera,konstruksi,genset (generator set),1,479753105,479753105,won (berhasil),479753105
trx-21719,1/20/2023,papua,konstruksi,forklift,5,491324247,2456621235,won (berhasil),2456621235
trx-20359,6/5/2023,sumatera,perkebunan,forklift,3,462655548,1387966644,in progress,0
trx-20899,9/3/2021,jawa,konstruksi,forklift,3,407520122,1222560366,won (berhasil),1222560366
trx-21935,4/9/2023,jawa,perkebunan,tractor agrikultur,5,1078113937,5390569685,lost (gagal),0
trx-21994,5/31/2023,sulawesi,logistik & gudang,excavator,2,2144809539,4289619078,won (berhasil),4289619078
trx-22349,3/18/2023,jawa,pertambangan,excavator,1,2169202602,2169202602,won (berhasil),2169202602
trx-20760,9/11/2022,papua,konstruksi,forklift,2,423125738,846251476,won (berhasil),846251476
trx-22158,8/16/2022,jawa,konstruksi,forklift,2,599335888,1198671776,won (berhasil),1198671776
trx-22666,5/15/2023,sulawesi,manufaktur,genset (generator set),2,143359331,286718662,lost (gagal),0
trx-20042,10/4/2021,kalimantan,perkebunan,forklift,1,427732264,427732264,lost (gagal),0
trx-22173,7/21/2023,sulawesi,manufaktur,excavator,1,1991131691,1991131691,lost (gagal),0
trx-20204,12/12/2023,papua,pertambangan,forklift,5,410387445,2051937225,won (berhasil),2051937225
trx-21473,10/31/2021,papua,logistik & gudang,genset (generator set),1,326158614,326158614,won (berhasil),326158614
trx-22100,12/12/2023,jawa,logistik & gudang,genset (generator set),2,471510537,943021074,won (berhasil),943021074
trx-20068,4/25/2021,sulawesi,perkebunan,forklift,2,574220748,1148441496,lost (gagal),0
trx-21875,12/24/2022,jawa,perkebunan,tractor agrikultur,3,952797749,2858393247,won (berhasil),2858393247
trx-22416,1/16/2023,jawa,perkebunan,forklift,2,239693411,479386822,lost (gagal),0
trx-22231,10/22/2021,sumatera,pertambangan,forklift,3,468907633,1406722899,won (berhasil),1406722899
trx-20137,1/17/2021,sulawesi,logistik & gudang,genset (generator set),4,481239796,1924959184,won (berhasil),1924959184
trx-20796,10/28/2021,kalimantan,konstruksi,excavator,1,2300587262,2300587262,won (berhasil),2300587262
trx-22180,10/7/2021,jawa,pertambangan,forklift,3,219292110,657876330,won (berhasil),657876330
trx-22128,2/3/2023,sumatera,logistik & gudang,excavator,1,1819451107,1819451107,lost (gagal),0
trx-20758,9/30/2022,kalimantan,pertambangan,forklift,1,255013831,255013831,lost (gagal),0
trx-20541,9/21/2023,sumatera,pertambangan,genset (generator set),1,204709119,204709119,in progress,0
trx-21019,12/10/2023,sulawesi,manufaktur,excavator,1,2038415513,2038415513,lost (gagal),0
trx-22325,5/28/2023,jawa,logistik & gudang,forklift,1,512696749,512696749,won (berhasil),512696749
trx-20165,1/10/2022,sumatera,pertambangan,genset (generator set),4,177127461,708509844,won (berhasil),708509844
trx-20248,11/27/2021,papua,pertambangan,genset (generator set),1,305522208,305522208,won (berhasil),305522208
trx-21331,3/1/2023,kalimantan,pertambangan,excavator,2,1514003673,3028007346,won (berhasil),3028007346
trx-22017,3/30/2021,jawa,manufaktur,excavator,2,2231378206,4462756412,lost (gagal),0
trx-20446,9/29/2021,papua,konstruksi,forklift,3,283805123,851415369,won (berhasil),851415369
trx-21358,10/27/2022,sulawesi,manufaktur,genset (generator set),5,176687042,883435210,in progress,0
trx-22145,5/28/2021,sulawesi,lainnya,tractor agrikultur,1,1030712750,1030712750,lost (gagal),0
trx-21329,9/26/2022,jawa,lainnya,genset (generator set),5,337169181,1685845905,lost (gagal),0
trx-22957,1/30/2022,papua,pertambangan,tractor agrikultur,5,957425719,4787128595,won (berhasil),4787128595
trx-22150,12/9/2021,jawa,logistik & gudang,excavator,1,2164945894,2164945894,lost (gagal),0
trx-20434,4/1/2021,jawa,konstruksi,tractor agrikultur,1,969003603,969003603,in progress,0
trx-22122,11/26/2022,sumatera,konstruksi,genset (generator set),3,296547030,889641090,won (berhasil),889641090
trx-20577,1/11/2021,jawa,pertambangan,tractor agrikultur,3,1370862545,4112587635,won (berhasil),4112587635
trx-22428,9/29/2023,kalimantan,pertambangan,excavator,2,2832152303,5664304606,lost (gagal),0
trx-22786,6/14/2023,sulawesi,konstruksi,tractor agrikultur,1,834741644,834741644,in progress,0
trx-21848,6/2/2021,papua,konstruksi,genset (generator set),1,389704744,389704744,won (berhasil),389704744
trx-20762,4/28/2023,sumatera,perkebunan,tractor agrikultur,3,1044612973,3133838919,lost (gagal),0
trx-20388,6/8/2022,kalimantan,pertambangan,tractor agrikultur,1,935920241,935920241,won (berhasil),935920241
trx-20235,12/5/2021,papua,konstruksi,forklift,2,577179661,1154359322,lost (gagal),0
trx-22648,12/22/2021,kalimantan,pertambangan,forklift,4,326049882,1304199528,won (berhasil),1304199528
trx-21984,5/13/2021,kalimantan,lainnya,forklift,2,389067323,778134646,won (berhasil),778134646
trx-20267,4/16/2022,sumatera,perkebunan,tractor agrikultur,5,1179550156,5897750780,lost (gagal),0
trx-20770,8/28/2023,jawa,logistik & gudang,forklift,4,235036145,940144580,lost (gagal),0
trx-22165,3/22/2021,kalimantan,konstruksi,genset (generator set),5,173890576,869452880,won (berhasil),869452880
trx-20437,6/27/2021,kalimantan,pertambangan,forklift,2,256405957,512811914,won (berhasil),512811914
trx-20673,10/3/2022,sumatera,perkebunan,genset (generator set),2,195710128,391420256,won (berhasil),391420256
trx-20249,5/19/2021,sumatera,perkebunan,tractor agrikultur,5,1197870024,5989350120,won (berhasil),5989350120
trx-22201,3/2/2022,papua,pertambangan,tractor agrikultur,1,1459944789,1459944789,lost (gagal),0
trx-21574,3/16/2022,papua,pertambangan,tractor agrikultur,2,1016739580,2033479160,lost (gagal),0
trx-22142,6/3/2023,sulawesi,perkebunan,tractor agrikultur,3,1260235110,3780705330,won (berhasil),3780705330
trx-22081,3/14/2023,kalimantan,pertambangan,genset (generator set),5,304786207,1523931035,won (berhasil),1523931035
trx-22661,1/11/2022,sulawesi,perkebunan,excavator,2,1971188581,3942377162,lost (gagal),0
trx-22611,12/21/2023,sumatera,perkebunan,tractor agrikultur,2,1450707332,2901414664,lost (gagal),0
trx-22784,12/21/2023,jawa,konstruksi,excavator,1,2256796595,2256796595,won (berhasil),2256796595
trx-20448,9/21/2021,kalimantan,pertambangan,tractor agrikultur,2,901298557,1802597114,won (berhasil),1802597114
trx-21469,9/3/2023,kalimantan,konstruksi,excavator,1,1934700320,1934700320,lost (gagal),0
trx-20716,2/23/2021,sulawesi,konstruksi,excavator,1,2059472838,2059472838,won (berhasil),2059472838
trx-22658,12/7/2023,kalimantan,pertambangan,tractor agrikultur,2,903848485,1807696970,lost (gagal),0
trx-22048,10/28/2023,papua,pertambangan,excavator,1,1586992654,1586992654,won (berhasil),1586992654
trx-21901,12/30/2022,sumatera,logistik & gudang,forklift,3,400580228,1201740684,won (berhasil),1201740684
trx-21168,5/9/2023,kalimantan,pertambangan,excavator,2,2959118203,5918236406,in progress,0
trx-20082,2/10/2022,kalimantan,pertambangan,forklift,2,424319836,848639672,in progress,0
trx-22462,12/11/2022,papua,pertambangan,tractor agrikultur,5,956887909,4784439545,won (berhasil),4784439545
trx-21460,9/5/2022,sulawesi,perkebunan,forklift,3,266668301,800004903,lost (gagal),0
trx-21893,5/19/2022,sumatera,perkebunan,forklift,5,376742448,1883712240,won (berhasil),1883712240
trx-21668,8/25/2023,sumatera,perkebunan,tractor agrikultur,4,1195498978,4781995912,won (berhasil),4781995912
trx-22000,6/14/2021,sumatera,perkebunan,tractor agrikultur,5,1480547102,7402735510,won (berhasil),7402735510
trx-20475,4/11/2021,sumatera,konstruksi,tractor agrikultur,2,1034093750,2068187500,lost (gagal),0
trx-20517,2/1/2021,sumatera,perkebunan,excavator,2,1738946109,3477892218,won (berhasil),3477892218
trx-20404,10/6/2023,papua,logistik & gudang,excavator,2,2505538090,5011076180,lost (gagal),0
trx-20384,4/29/2022,sulawesi,konstruksi,genset (generator set),2,314576811,629153622,won (berhasil),629153622
trx-22471,4/24/2022,jawa,manufaktur,excavator,1,2504265560,2504265560,lost (gagal),0
trx-22152,6/10/2022,papua,manufaktur,tractor agrikultur,2,1394410918,2788821836,won (berhasil),2788821836
trx-21633,11/8/2023,papua,pertambangan,tractor agrikultur,1,800730964,800730964,won (berhasil),800730964
trx-22906,4/7/2021,jawa,logistik & gudang,excavator,2,491307149,982614298,lost (gagal),0
trx-20688,1/2/2021,papua,pertambangan,genset (generator set),2,259347300,518694600,in progress,0
trx-21240,10/23/2022,papua,pertambangan,tractor agrikultur,4,1234358214,4937432856,lost (gagal),0
trx-20062,11/2/2023,sulawesi,perkebunan,excavator,2,2057791808,4115583616,won (berhasil),4115583616
trx-20852,10/19/2021,jawa,perkebunan,tractor agrikultur,2,1087462043,2174924086,won (berhasil),2174924086
trx-22896,7/12/2021,sumatera,konstruksi,forklift,5,409664562,2048322810,won (berhasil),2048322810
trx-22516,3/24/2023,sulawesi,pertambangan,genset (generator set),2,279027885,558055770,lost (gagal),0
trx-21262,1/6/2023,papua,pertambangan,forklift,1,422933993,422933993,won (berhasil),422933993
trx-20223,11/20/2021,sulawesi,perkebunan,genset (generator set),4,301879527,1207518108,won (berhasil),1207518108
trx-22193,5/8/2021,papua,pertambangan,excavator,1,2613432272,2613432272,won (berhasil),2613432272
trx-20373,2/4/2022,papua,konstruksi,genset (generator set),2,245105209,490210418,lost (gagal),0
trx-21824,5/12/2022,sumatera,logistik & gudang,genset (generator set),5,401774303,2008871515,in progress,0
trx-22578,6/19/2021,papua,konstruksi,excavator,2,2944736917,5889473834,won (berhasil),5889473834
trx-22916,3/3/2023,kalimantan,konstruksi,tractor agrikultur,3,1147992017,3443976051,won (berhasil),3443976051
trx-22942,8/30/2022,sumatera,konstruksi,excavator,2,1727725044,3455450088,won (berhasil),3455450088
trx-22728,3/25/2022,sulawesi,manufaktur,excavator,2,1583459731,3166919462,won (berhasil),3166919462
trx-20009,12/30/2023,sulawesi,perkebunan,genset (generator set),1,461281389,461281389,won (berhasil),461281389
trx-21944,2/20/2022,papua,logistik & gudang,forklift,3,297697791,893093373,won (berhasil),893093373
trx-21838,5/26/2022,papua,pertambangan,excavator,2,1989797211,3979594422,won (berhasil),3979594422
trx-20708,9/23/2023,kalimantan,pertambangan,forklift,4,363767441,1455069764,lost (gagal),0
trx-20255,5/25/2021,papua,konstruksi,forklift,4,527255481,2109021924,won (berhasil),2109021924
trx-21617,3/12/2023,jawa,pertambangan,tractor agrikultur,2,1435315852,2870631704,won (berhasil),2870631704
trx-20389,2/24/2023,kalimantan,pertambangan,genset (generator set),4,295901728,1183606912,lost (gagal),0
trx-21581,8/22/2023,sulawesi,perkebunan,tractor agrikultur,4,808539642,3234158568,won (berhasil),3234158568
trx-20924,5/13/2021,papua,manufaktur,excavator,2,2245122801,4490245602,lost (gagal),0
trx-22036,4/13/2021,papua,konstruksi,forklift,4,200557977,802231908,lost (gagal),0
trx-22440,7/23/2022,sulawesi,perkebunan,excavator,2,1699127330,3398254660,lost (gagal),0
trx-21946,9/7/2021,kalimantan,pertambangan,excavator,1,1561585108,1561585108,won (berhasil),1561585108
trx-20739,7/10/2022,papua,pertambangan,forklift,3,201844050,605532150,won (berhasil),605532150
trx-20040,11/24/2021,jawa,pertambangan,genset (generator set),4,264142744,1056570976,won (berhasil),1056570976
trx-20868,9/19/2021,kalimantan,pertambangan,genset (generator set),2,475265412,950530824,lost (gagal),0
trx-20539,5/18/2022,papua,konstruksi,excavator,2,1907549369,3815098738,in progress,0
trx-22551,4/23/2022,kalimantan,pertambangan,forklift,2,210604383,421208766,lost (gagal),0
trx-21371,10/6/2022,papua,pertambangan,tractor agrikultur,3,917703621,2753110863,won (berhasil),2753110863
trx-21145,5/2/2023,sumatera,perkebunan,forklift,3,304622183,913866549,won (berhasil),913866549
trx-21031,4/9/2021,kalimantan,perkebunan,excavator,2,1714322025,3428644050,won (berhasil),3428644050
trx-20372,7/26/2021,sumatera,perkebunan,genset (generator set),4,135713770,542855080,won (berhasil),542855080
trx-20667,3/2/2022,kalimantan,pertambangan,excavator,2,1601809368,3203618736,lost (gagal),0
trx-20357,10/28/2023,kalimantan,pertambangan,tractor agrikultur,5,1093715453,5468577265,won (berhasil),5468577265
trx-20967,8/4/2022,sulawesi,konstruksi,excavator,1,1666699698,1666699698,won (berhasil),1666699698
trx-21353,10/20/2023,jawa,konstruksi,forklift,4,486981875,1947927500,lost (gagal),0
trx-21035,6/4/2023,papua,pertambangan,excavator,2,2389453457,4778906914,lost (gagal),0
trx-20470,11/20/2022,kalimantan,pertambangan,genset (generator set),5,393329064,1966645320,lost (gagal),0
trx-21396,1/30/2022,sulawesi,logistik & gudang,genset (generator set),4,152728211,610912844,won (berhasil),610912844
trx-22664,6/3/2021,kalimantan,konstruksi,tractor agrikultur,1,1011293160,1011293160,won (berhasil),1011293160
trx-21549,4/6/2023,kalimantan,perkebunan,tractor agrikultur,4,887960043,3551840172,won (berhasil),3551840172
trx-21256,9/3/2023,sumatera,logistik & gudang,excavator,1,2449975865,2449975865,won (berhasil),2449975865
trx-22094,7/27/2022,jawa,pertambangan,tractor agrikultur,2,1168930333,2337860666,won (berhasil),2337860666
trx-21555,12/22/2022,kalimantan,pertambangan,forklift,2,258032747,516065494,won (berhasil),516065494
trx-22632,4/26/2021,jawa,logistik & gudang,forklift,1,243266207,243266207,won (berhasil),243266207
trx-21250,7/1/2023,jawa,manufaktur,tractor agrikultur,2,1296741029,2593482058,won (berhasil),2593482058
trx-21699,12/16/2022,kalimantan,pertambangan,forklift,4,236690749,946762996,lost (gagal),0
trx-21252,11/22/2021,sumatera,konstruksi,genset (generator set),2,352263301,704526602,won (berhasil),704526602
trx-22827,2/26/2022,jawa,logistik & gudang,excavator,1,1675911693,1675911693,lost (gagal),0
trx-20079,1/6/2021,papua,konstruksi,forklift,1,477848027,477848027,won (berhasil),477848027
trx-21172,8/20/2021,jawa,logistik & gudang,forklift,5,281721046,1408605230,lost (gagal),0
trx-21852,8/22/2023,sulawesi,konstruksi,forklift,1,558178203,558178203,in progress,0
trx-22220,10/16/2022,sumatera,perkebunan,genset (generator set),2,333384033,666768066,lost (gagal),0
trx-22672,11/14/2023,jawa,manufaktur,tractor agrikultur,5,846687048,4233435240,won (berhasil),4233435240
trx-22105,12/24/2023,sulawesi,konstruksi,tractor agrikultur,5,1434132361,7170661805,won (berhasil),7170661805
trx-20133,10/16/2022,kalimantan,pertambangan,forklift,4,358266762,1433067048,won (berhasil),1433067048
trx-21140,2/1/2023,sumatera,manufaktur,forklift,1,331838350,331838350,lost (gagal),0
trx-20933,9/14/2021,papua,konstruksi,forklift,5,545629766,2728148830,won (berhasil),2728148830
trx-20928,3/18/2023,papua,konstruksi,genset (generator set),3,465456202,1396368606,won (berhasil),1396368606
trx-20823,1/15/2021,sulawesi,manufaktur,genset (generator set),1,328190719,328190719,won (berhasil),328190719
trx-21531,6/3/2021,sulawesi,manufaktur,genset (generator set),4,278607521,1114430084,lost (gagal),0
trx-21214,2/1/2021,papua,pertambangan,forklift,5,413177208,2065886040,won (berhasil),2065886040
trx-20504,6/8/2022,kalimantan,logistik & gudang,excavator,1,2668052918,2668052918,lost (gagal),0
trx-22395,5/26/2022,kalimantan,pertambangan,genset (generator set),3,137633494,412900482,won (berhasil),412900482
trx-21996,3/8/2023,sumatera,pertambangan,forklift,1,476767541,476767541,won (berhasil),476767541
trx-22434,9/16/2021,sumatera,konstruksi,forklift,2,380176954,760353908,won (berhasil),760353908
trx-21958,3/7/2021,jawa,pertambangan,excavator,1,2733387070,2733387070,won (berhasil),2733387070
trx-21384,12/25/2021,jawa,konstruksi,forklift,3,224301123,672903369,won (berhasil),672903369
trx-20894,2/7/2023,jawa,konstruksi,excavator,1,2813033567,2813033567,won (berhasil),2813033567
trx-20828,12/7/2021,kalimantan,logistik & gudang,forklift,3,577164707,1731494121,won (berhasil),1731494121
trx-22967,9/10/2023,jawa,konstruksi,tractor agrikultur,1,939108706,939108706,lost (gagal),0
trx-21683,12/20/2022,sulawesi,konstruksi,forklift,1,290770427,290770427,won (berhasil),290770427
trx-22653,3/26/2023,sulawesi,konstruksi,genset (generator set),3,426860855,1280582565,won (berhasil),1280582565
trx-22601,6/23/2023,kalimantan,manufaktur,genset (generator set),1,163540238,163540238,won (berhasil),163540238
trx-22553,7/23/2021,sumatera,manufaktur,genset (generator set),3,428053249,1284159747,lost (gagal),0
trx-20652,1/23/2023,kalimantan,pertambangan,forklift,4,211324488,845297952,lost (gagal),0
trx-20172,11/9/2023,jawa,manufaktur,forklift,1,388694281,388694281,won (berhasil),388694281
trx-20038,7/23/2021,unknown,manufaktur,excavator,2,2068530564,4137061128,in progress,0
trx-22907,10/5/2022,jawa,manufaktur,genset (generator set),2,393772985,787545970,won (berhasil),787545970
trx-20713,10/18/2022,jawa,perkebunan,forklift,5,254747533,1273737665,in progress,0
trx-20090,5/2/2022,jawa,manufaktur,forklift,2,934182158,1868364316,won (berhasil),1868364316
trx-21205,2/8/2022,jawa,manufaktur,tractor agrikultur,3,1075872072,3227616216,won (berhasil),3227616216
trx-22628,9/21/2023,jawa,manufaktur,tractor agrikultur,1,1247081785,1247081785,lost (gagal),0
trx-21827,2/7/2021,papua,perkebunan,forklift,5,396543325,1982716625,lost (gagal),0
trx-21155,7/28/2022,jawa,perkebunan,tractor agrikultur,2,1194747590,2389495180,lost (gagal),0
trx-21324,8/30/2021,sulawesi,pertambangan,genset (generator set),5,437983414,2189917070,won (berhasil),2189917070
trx-20216,11/23/2021,sumatera,logistik & gudang,forklift,5,343323875,1716619375,won (berhasil),1716619375
trx-20510,6/21/2023,papua,manufaktur,tractor agrikultur,3,1362218334,4086655002,won (berhasil),4086655002
trx-21680,2/7/2023,kalimantan,pertambangan,tractor agrikultur,1,1224224438,1224224438,won (berhasil),1224224438
trx-20499,10/18/2023,sulawesi,logistik & gudang,excavator,2,1920222736,3840445472,lost (gagal),0
trx-22519,12/18/2021,sumatera,manufaktur,tractor agrikultur,1,876559039,876559039,won (berhasil),876559039
trx-21856,1/6/2023,sulawesi,manufaktur,forklift,5,406007808,2030039040,won (berhasil),2030039040
trx-21388,7/23/2023,sulawesi,perkebunan,excavator,1,2915133969,2915133969,lost (gagal),0
trx-21519,10/21/2021,jawa,konstruksi,genset (generator set),3,433800211,1301400633,in progress,0
trx-22386,8/21/2023,kalimantan,pertambangan,tractor agrikultur,4,938859500,3755438000,lost (gagal),0
trx-22766,2/7/2022,jawa,konstruksi,tractor agrikultur,3,1387788344,4163365032,in progress,0
trx-22076,7/29/2022,papua,pertambangan,excavator,1,2231446398,2231446398,lost (gagal),0
trx-21540,5/22/2023,sumatera,manufaktur,excavator,2,1982122198,3964244396,won (berhasil),3964244396
trx-21217,7/12/2021,jawa,logistik & gudang,genset (generator set),4,175180276,700721104,won (berhasil),700721104
trx-21416,7/13/2022,jawa,pertambangan,genset (generator set),5,296787324,1483936620,in progress,0
trx-22217,1/16/2022,jawa,manufaktur,genset (generator set),4,373537856,1494151424,won (berhasil),1494151424
trx-22560,1/12/2023,kalimantan,pertambangan,tractor agrikultur,1,984086605,984086605,won (berhasil),984086605
trx-21676,10/8/2023,sulawesi,logistik & gudang,forklift,1,582033456,582033456,lost (gagal),0
trx-21197,4/13/2023,sumatera,pertambangan,genset (generator set),1,116678167,116678167,won (berhasil),116678167
trx-21542,9/24/2023,sulawesi,logistik & gudang,excavator,5,866102895,4330514475,won (berhasil),4330514475
trx-20953,9/1/2023,sulawesi,logistik & gudang,tractor agrikultur,3,1415599470,4246798410,lost (gagal),0
trx-20750,8/2/2022,sulawesi,pertambangan,forklift,3,200697962,602093886,won (berhasil),602093886
trx-20234,9/8/2022,jawa,logistik & gudang,forklift,4,236487792,945951168,lost (gagal),0
trx-20732,10/5/2021,sulawesi,manufaktur,excavator,1,2752790477,2752790477,lost (gagal),0
trx-21156,11/9/2021,papua,pertambangan,tractor agrikultur,5,847661522,4238307610,won (berhasil),4238307610
trx-22616,8/30/2023,papua,manufaktur,excavator,2,1741216119,3482432238,won (berhasil),3482432238
trx-22445,7/25/2022,kalimantan,perkebunan,genset (generator set),5,113616105,568080525,won (berhasil),568080525
trx-21209,5/14/2021,kalimantan,konstruksi,forklift,2,521794988,1043589976,lost (gagal),0
trx-21065,9/19/2021,papua,konstruksi,forklift,5,499327945,2496639725,in progress,0
trx-22156,7/7/2022,sumatera,logistik & gudang,forklift,2,338394293,676788586,won (berhasil),676788586
trx-21062,8/5/2021,sulawesi,pertambangan,genset (generator set),2,438610255,877220510,won (berhasil),877220510
trx-21167,5/18/2022,kalimantan,konstruksi,genset (generator set),3,477452305,1432356915,won (berhasil),1432356915
trx-21492,2/26/2022,kalimantan,pertambangan,excavator,2,1682418083,3364836166,in progress,0
trx-22514,4/3/2022,sumatera,perkebunan,genset (generator set),5,145650372,728251860,lost (gagal),0
trx-20884,1/11/2022,sulawesi,perkebunan,genset (generator set),1,183406924,183406924,won (berhasil),183406924
trx-20143,6/12/2022,sumatera,manufaktur,excavator,1,2790207740,2790207740,won (berhasil),2790207740
trx-22989,1/23/2023,papua,konstruksi,tractor agrikultur,4,1300416410,5201665640,lost (gagal),0
trx-20850,4/17/2021,sulawesi,manufaktur,tractor agrikultur,5,971986495,4859932475,won (berhasil),4859932475
trx-20717,11/28/2023,sumatera,perkebunan,forklift,5,410647928,2053239640,won (berhasil),2053239640
trx-22889,5/4/2022,sumatera,konstruksi,forklift,3,293284512,879853536,won (berhasil),879853536
trx-22502,11/30/2021,sumatera,perkebunan,excavator,2,2983827721,5967655442,lost (gagal),0
trx-20264,3/3/2023,papua,pertambangan,tractor agrikultur,4,1128957579,4515830316,in progress,0
trx-20075,1/13/2022,sumatera,perkebunan,forklift,4,233357595,933430380,lost (gagal),0
trx-22492,3/21/2023,jawa,manufaktur,tractor agrikultur,5,1070325512,5351627560,won (berhasil),5351627560
trx-20395,12/15/2022,sumatera,perkebunan,tractor agrikultur,2,994934684,1989869368,won (berhasil),1989869368
trx-22588,5/29/2021,jawa,konstruksi,genset (generator set),3,243166921,729500763,won (berhasil),729500763
trx-22224,5/28/2021,jawa,konstruksi,excavator,4,400306254,1601225016,lost (gagal),0
trx-22846,7/2/2022,jawa,konstruksi,tractor agrikultur,4,1208816202,4835264808,won (berhasil),4835264808
trx-20396,8/19/2022,kalimantan,manufaktur,forklift,4,587520318,2350081272,won (berhasil),2350081272
trx-21365,5/29/2021,jawa,logistik & gudang,genset (generator set),5,432518045,2162590225,won (berhasil),2162590225
trx-22541,4/4/2022,jawa,manufaktur,forklift,5,552549808,2762749040,lost (gagal),0
trx-21903,5/11/2023,sulawesi,manufaktur,tractor agrikultur,1,1118151177,1118151177,won (berhasil),1118151177
trx-20595,2/18/2021,papua,pertambangan,forklift,4,477906409,1911625636,in progress,0
trx-22109,6/23/2023,sumatera,konstruksi,genset (generator set),5,124093006,620465030,lost (gagal),0
trx-21296,3/21/2022,jawa,perkebunan,excavator,2,2462164623,4924329246,won (berhasil),4924329246
trx-21821,12/26/2023,sulawesi,pertambangan,forklift,2,500934804,1001869608,lost (gagal),0
trx-20872,6/22/2023,papua,perkebunan,excavator,2,1667816092,3335632184,in progress,0
trx-22958,11/30/2022,papua,pertambangan,genset (generator set),2,493482036,986964072,won (berhasil),986964072
trx-22326,2/14/2022,sumatera,konstruksi,forklift,5,518754206,2593771030,in progress,0
trx-21548,11/7/2021,papua,logistik & gudang,forklift,4,411454808,1645819232,won (berhasil),1645819232
trx-20036,11/23/2023,papua,pertambangan,tractor agrikultur,5,825474640,4127373200,won (berhasil),4127373200
trx-22950,6/5/2021,sulawesi,konstruksi,excavator,1,2751679504,2751679504,lost (gagal),0
trx-22143,1/18/2023,papua,pertambangan,forklift,3,513519928,1540559784,lost (gagal),0
trx-22599,11/22/2022,sumatera,manufaktur,forklift,2,324501683,649003366,in progress,0
trx-20977,6/22/2022,sumatera,perkebunan,genset (generator set),1,293044544,293044544,lost (gagal),0
trx-21571,1/19/2021,sumatera,manufaktur,excavator,2,1595663801,3191327602,lost (gagal),0
trx-21122,6/26/2023,kalimantan,logistik & gudang,genset (generator set),4,163150879,652603516,won (berhasil),652603516
trx-22239,8/14/2021,sulawesi,konstruksi,genset (generator set),4,492169146,1968676584,in progress,0
trx-22504,4/17/2021,papua,perkebunan,forklift,1,447694269,447694269,won (berhasil),447694269
trx-21892,11/27/2021,sulawesi,konstruksi,forklift,2,599858893,1199717786,won (berhasil),1199717786
trx-20675,7/15/2021,sumatera,logistik & gudang,forklift,3,580174657,1740523971,won (berhasil),1740523971
trx-20728,12/19/2023,sulawesi,manufaktur,tractor agrikultur,4,1218171000,4872684000,lost (gagal),0
trx-20412,5/12/2023,jawa,manufaktur,genset (generator set),5,430060788,2150303940,in progress,0
trx-21516,1/30/2021,papua,konstruksi,forklift,3,373594873,1120784619,won (berhasil),1120784619
trx-21649,11/7/2021,jawa,konstruksi,forklift,4,294225896,1176903584,won (berhasil),1176903584
trx-20825,9/27/2021,papua,pertambangan,tractor agrikultur,2,1228207504,2456415008,won (berhasil),2456415008
trx-20616,2/2/2023,jawa,pertambangan,forklift,4,352740280,1410961120,won (berhasil),1410961120
trx-20114,1/3/2022,papua,pertambangan,genset (generator set),3,236921941,710765823,lost (gagal),0
trx-20417,7/25/2023,sumatera,perkebunan,tractor agrikultur,1,1365400461,1365400461,won (berhasil),1365400461
trx-21625,9/27/2021,papua,konstruksi,excavator,2,1816863986,3633727972,won (berhasil),3633727972
trx-22986,7/29/2021,kalimantan,konstruksi,genset (generator set),4,327089670,1308358680,won (berhasil),1308358680
trx-20089,11/27/2023,jawa,manufaktur,genset (generator set),5,187400392,937001960,lost (gagal),0
trx-22082,6/24/2022,kalimantan,konstruksi,excavator,1,1768191109,1768191109,won (berhasil),1768191109
trx-20753,1/2/2023,jawa,konstruksi,forklift,3,452999798,1358999394,won (berhasil),1358999394
trx-21630,2/28/2021,papua,pertambangan,genset (generator set),4,273511704,1094046816,won (berhasil),1094046816
trx-20011,4/2/2023,papua,konstruksi,forklift,5,332902761,1664513805,won (berhasil),1664513805
trx-22444,1/1/2021,papua,pertambangan,tractor agrikultur,5,1074224908,5371124540,won (berhasil),5371124540
trx-20284,3/23/2023,kalimantan,manufaktur,excavator,2,1686711090,3373422180,won (berhasil),3373422180
trx-21066,3/5/2021,sulawesi,manufaktur,tractor agrikultur,4,1166113389,4664453556,lost (gagal),0
trx-21191,5/10/2022,jawa,manufaktur,genset (generator set),4,285801882,1143207528,in progress,0
trx-21440,1/27/2023,papua,manufaktur,excavator,1,2630200235,2630200235,won (berhasil),2630200235
trx-22848,2/27/2023,kalimantan,manufaktur,tractor agrikultur,4,857353129,3429412516,won (berhasil),3429412516
trx-22847,9/1/2021,sulawesi,konstruksi,genset (generator set),4,177446414,709785656,lost (gagal),0
trx-22755,11/12/2021,papua,manufaktur,tractor agrikultur,4,874325556,3497302224,won (berhasil),3497302224
trx-21568,7/11/2021,jawa,pertambangan,excavator,2,2122439683,4244879366,won (berhasil),4244879366
trx-22427,7/7/2021,sulawesi,konstruksi,genset (generator set),1,439067495,439067495,lost (gagal),0
trx-22620,8/18/2022,papua,manufaktur,tractor agrikultur,1,1456013997,1456013997,won (berhasil),1456013997
trx-21687,10/5/2022,sulawesi,manufaktur,tractor agrikultur,1,1393483446,1393483446,won (berhasil),1393483446
trx-20851,1/13/2023,papua,perkebunan,excavator,1,2596790606,2596790606,lost (gagal),0
trx-22207,7/28/2022,papua,manufaktur,tractor agrikultur,3,819252293,2457756879,won (berhasil),2457756879
trx-20895,1/19/2021,sumatera,konstruksi,tractor agrikultur,5,1193393569,5966967845,won (berhasil),5966967845
trx-20496,2/13/2021,papua,perkebunan,forklift,4,310162167,1240648668,won (berhasil),1240648668
trx-22305,5/10/2023,unknown,logistik & gudang,genset (generator set),4,484376878,1937507512,lost (gagal),0
trx-21782,1/27/2021,sumatera,pertambangan,genset (generator set),2,358732722,717465444,won (berhasil),717465444
trx-20335,9/7/2021,jawa,pertambangan,excavator,1,2995916365,2995916365,won (berhasil),2995916365
trx-20515,7/2/2022,kalimantan,manufaktur,forklift,1,399030193,399030193,won (berhasil),399030193
trx-21348,7/14/2022,papua,konstruksi,forklift,2,518518957,1037037914,won (berhasil),1037037914
trx-21015,5/24/2021,sumatera,logistik & gudang,genset (generator set),2,132414520,264829040,won (berhasil),264829040
trx-22855,8/26/2021,papua,pertambangan,forklift,5,515696744,2578483720,won (berhasil),2578483720
trx-22850,12/3/2023,sumatera,pertambangan,tractor agrikultur,1,1134250228,1134250228,won (berhasil),1134250228
trx-21781,6/12/2021,papua,pertambangan,forklift,1,268499792,268499792,lost (gagal),0
trx-22569,1/6/2022,jawa,logistik & gudang,genset (generator set),4,369089504,1476358016,lost (gagal),0
trx-21785,11/9/2023,sumatera,manufaktur,genset (generator set),4,105120416,420481664,won (berhasil),420481664
trx-22070,9/24/2023,jawa,perkebunan,forklift,4,475104374,1900417496,in progress,0
trx-20356,9/3/2023,sumatera,konstruksi,tractor agrikultur,2,930240892,1860481784,won (berhasil),1860481784
trx-22899,7/26/2021,kalimantan,lainnya,excavator,1,2109104472,2109104472,won (berhasil),2109104472
trx-21312,6/22/2023,jawa,perkebunan,excavator,2,1783955272,3567910544,won (berhasil),3567910544
trx-21635,10/13/2023,jawa,manufaktur,excavator,2,1767906710,3535813420,won (berhasil),3535813420
trx-20550,11/26/2021,sulawesi,pertambangan,tractor agrikultur,3,1167256444,3501769332,won (berhasil),3501769332
trx-22388,1/14/2023,sumatera,perkebunan,forklift,2,309225785,618451570,won (berhasil),618451570
trx-22479,10/10/2022,jawa,logistik & gudang,excavator,2,2680874727,5361749454,lost (gagal),0
trx-22521,8/4/2023,sulawesi,manufaktur,genset (generator set),5,214943373,1074716865,lost (gagal),0
trx-22265,4/15/2022,jawa,konstruksi,excavator,1,2410654582,2410654582,won (berhasil),2410654582
trx-21227,1/2/2022,papua,perkebunan,excavator,1,2690537895,2690537895,in progress,0
trx-22724,2/2/2021,papua,pertambangan,genset (generator set),1,453156409,453156409,lost (gagal),0
trx-20957,12/3/2022,jawa,konstruksi,genset (generator set),4,115060850,460243400,won (berhasil),460243400
trx-21773,10/28/2023,papua,pertambangan,excavator,2,2057608885,4115217770,won (berhasil),4115217770
trx-22141,4/11/2023,sulawesi,logistik & gudang,forklift,5,265044998,1325224990,lost (gagal),0
trx-21008,5/30/2023,papua,pertambangan,forklift,2,569140156,1138280312,lost (gagal),0
trx-21092,4/5/2021,papua,konstruksi,tractor agrikultur,3,941849402,2825548206,won (berhasil),2825548206
trx-22718,10/19/2023,jawa,pertambangan,tractor agrikultur,2,1478779311,2957558622,lost (gagal),0
trx-20996,6/3/2023,papua,perkebunan,excavator,1,572029100,572029100,won (berhasil),572029100
trx-21679,5/23/2023,sulawesi,manufaktur,tractor agrikultur,1,1229427820,1229427820,won (berhasil),1229427820
trx-20153,8/15/2022,kalimantan,perkebunan,genset (generator set),1,102631075,102631075,won (berhasil),102631075
trx-22829,3/6/2021,sumatera,perkebunan,tractor agrikultur,5,804019300,4020096500,won (berhasil),4020096500
trx-20580,9/11/2023,kalimantan,manufaktur,tractor agrikultur,4,1134381676,4537526704,won (berhasil),4537526704
trx-21470,6/27/2023,jawa,logistik & gudang,tractor agrikultur,5,1250330028,6251650140,won (berhasil),6251650140
trx-20703,8/27/2023,sumatera,perkebunan,tractor agrikultur,1,1286308104,1286308104,won (berhasil),1286308104
trx-21212,7/26/2022,sumatera,konstruksi,excavator,2,2392799145,4785598290,won (berhasil),4785598290
trx-20896,11/14/2022,papua,perkebunan,tractor agrikultur,4,815021181,3260084724,won (berhasil),3260084724
trx-20487,5/19/2021,sulawesi,perkebunan,tractor agrikultur,1,1030669069,1030669069,won (berhasil),1030669069
trx-20559,1/18/2021,jawa,manufaktur,genset (generator set),3,410566297,1231698891,won (berhasil),1231698891
trx-21141,11/21/2022,papua,konstruksi,genset (generator set),5,204665056,1023325280,lost (gagal),0
trx-21119,8/24/2021,papua,konstruksi,genset (generator set),5,429421695,2147108475,won (berhasil),2147108475
trx-20512,12/8/2023,jawa,konstruksi,tractor agrikultur,2,810532214,1621064428,won (berhasil),1621064428
trx-20633,12/20/2021,sulawesi,manufaktur,genset (generator set),4,314112372,1256449488,won (berhasil),1256449488
trx-22627,1/2/2021,jawa,perkebunan,tractor agrikultur,4,1339006538,5356026152,won (berhasil),5356026152
trx-21664,2/6/2021,sumatera,konstruksi,tractor agrikultur,1,995605583,995605583,in progress,0
trx-21012,5/26/2021,jawa,konstruksi,excavator,1,1670895748,1670895748,won (berhasil),1670895748
trx-21931,1/8/2023,sumatera,perkebunan,forklift,2,490999513,981999026,won (berhasil),981999026
trx-21150,7/10/2021,sulawesi,logistik & gudang,excavator,2,1514860923,3029721846,won (berhasil),3029721846
trx-22852,6/19/2021,jawa,pertambangan,genset (generator set),4,166539043,666156172,won (berhasil),666156172
trx-20116,7/18/2023,sulawesi,pertambangan,genset (generator set),2,409582679,819165358,won (berhasil),819165358
trx-20740,1/3/2023,papua,konstruksi,forklift,4,323494698,1293978792,won (berhasil),1293978792
trx-22808,5/7/2023,sulawesi,pertambangan,forklift,5,389461697,1947308485,won (berhasil),1947308485
trx-21974,9/6/2021,kalimantan,perkebunan,excavator,1,2238375044,2238375044,won (berhasil),2238375044
trx-21081,2/9/2021,sulawesi,perkebunan,excavator,1,2127325370,2127325370,won (berhasil),2127325370
trx-21810,4/26/2022,kalimantan,lainnya,genset (generator set),5,175612108,878060540,won (berhasil),878060540
trx-20830,2/1/2023,papua,konstruksi,genset (generator set),3,403944988,1211834964,lost (gagal),0
trx-20119,9/11/2022,sulawesi,perkebunan,genset (generator set),4,210973290,843893160,in progress,0
trx-20656,4/15/2022,kalimantan,pertambangan,tractor agrikultur,1,922562420,922562420,won (berhasil),922562420
trx-22833,5/23/2021,papua,pertambangan,genset (generator set),4,445605119,1782420476,lost (gagal),0
trx-22736,6/20/2023,jawa,perkebunan,excavator,2,2594644589,5189289178,lost (gagal),0
trx-22979,7/21/2022,sumatera,perkebunan,excavator,1,1785366269,1785366269,won (berhasil),1785366269
trx-20635,4/1/2023,papua,perkebunan,excavator,2,2374027690,4748055380,lost (gagal),0
trx-20369,3/24/2021,jawa,lainnya,excavator,2,2902780558,5805561116,won (berhasil),5805561116
trx-20268,9/2/2023,sumatera,manufaktur,forklift,3,412626604,1237879812,won (berhasil),1237879812
trx-20046,4/4/2022,kalimantan,konstruksi,genset (generator set),4,489756319,1959025276,lost (gagal),0
trx-20991,2/25/2022,jawa,manufaktur,forklift,5,464145850,2320729250,in progress,0
trx-20876,9/4/2021,kalimantan,logistik & gudang,tractor agrikultur,3,1192690567,3578071701,in progress,0
trx-20773,6/28/2023,jawa,perkebunan,tractor agrikultur,5,1326488918,6632444590,lost (gagal),0
trx-21219,2/17/2022,jawa,manufaktur,tractor agrikultur,2,1488291985,2976583970,won (berhasil),2976583970
trx-21126,1/1/2021,sumatera,perkebunan,tractor agrikultur,1,1476678736,1476678736,in progress,0
trx-20004,1/26/2023,sulawesi,manufaktur,forklift,2,357488538,714977076,won (berhasil),714977076
trx-21595,7/5/2021,jawa,manufaktur,tractor agrikultur,4,807165370,3228661480,won (berhasil),3228661480
trx-22311,12/24/2021,jawa,pertambangan,genset (generator set),1,147312152,147312152,won (berhasil),147312152
trx-22491,9/5/2023,sumatera,perkebunan,tractor agrikultur,5,1460915499,7304577495,in progress,0
trx-21077,3/18/2022,kalimantan,konstruksi,genset (generator set),3,463775375,1391326125,lost (gagal),0
trx-20837,7/15/2022,kalimantan,konstruksi,forklift,2,577442963,1154885926,won (berhasil),1154885926
trx-20681,4/7/2023,sumatera,pertambangan,tractor agrikultur,3,1322618297,3967854891,won (berhasil),3967854891
trx-21715,1/15/2021,jawa,manufaktur,tractor agrikultur,3,901517883,2704553649,won (berhasil),2704553649
trx-22352,1/26/2023,jawa,perkebunan,genset (generator set),5,112924874,564624370,won (berhasil),564624370
trx-22617,4/25/2022,sumatera,manufaktur,excavator,5,912627166,4563135830,won (berhasil),4563135830
trx-22361,1/3/2023,sulawesi,logistik & gudang,tractor agrikultur,2,1404217998,2808435996,won (berhasil),2808435996
trx-22197,3/2/2021,jawa,logistik & gudang,genset (generator set),1,289881698,289881698,won (berhasil),289881698
trx-21148,9/8/2023,sulawesi,konstruksi,forklift,1,497854926,497854926,won (berhasil),497854926
trx-20574,8/28/2022,papua,pertambangan,excavator,1,2807505620,2807505620,won (berhasil),2807505620
trx-20050,1/16/2022,sumatera,perkebunan,excavator,1,1752263691,1752263691,won (berhasil),1752263691
trx-20853,2/8/2022,jawa,konstruksi,forklift,3,255139275,765417825,won (berhasil),765417825
trx-21982,5/31/2023,sulawesi,konstruksi,excavator,1,2784378808,2784378808,won (berhasil),2784378808
trx-21823,9/6/2023,jawa,konstruksi,excavator,1,2787343086,2787343086,lost (gagal),0
trx-20833,6/13/2022,sumatera,konstruksi,forklift,2,589046824,1178093648,lost (gagal),0
trx-21115,4/19/2023,jawa,konstruksi,genset (generator set),1,248065253,248065253,won (berhasil),248065253
trx-21166,5/14/2021,sumatera,perkebunan,tractor agrikultur,5,1039956089,5199780445,in progress,0
trx-22518,12/13/2022,sulawesi,konstruksi,excavator,1,1560151618,1560151618,lost (gagal),0
trx-21906,3/18/2022,kalimantan,konstruksi,excavator,1,2234558655,2234558655,won (berhasil),2234558655
trx-20971,4/18/2021,sumatera,perkebunan,genset (generator set),4,431759706,1727038824,won (berhasil),1727038824
trx-20399,1/21/2023,jawa,manufaktur,forklift,2,446961795,893923590,lost (gagal),0
trx-22559,7/6/2023,jawa,manufaktur,tractor agrikultur,3,1410717609,4232152827,won (berhasil),4232152827
trx-22368,3/24/2021,jawa,logistik & gudang,excavator,1,1927882512,1927882512,won (berhasil),1927882512
trx-20019,8/29/2021,jawa,logistik & gudang,forklift,1,300784543,300784543,won (berhasil),300784543
trx-20684,4/6/2023,kalimantan,pertambangan,genset (generator set),1,245128210,245128210,won (berhasil),245128210
trx-20035,8/21/2022,papua,konstruksi,excavator,1,2064732692,2064732692,won (berhasil),2064732692
trx-22876,4/6/2022,kalimantan,pertambangan,genset (generator set),3,258447160,775341480,won (berhasil),775341480
trx-20524,7/17/2021,sumatera,pertambangan,excavator,2,2658006331,5316012662,won (berhasil),5316012662
trx-22455,6/29/2022,papua,manufaktur,tractor agrikultur,5,1462692935,7313464675,won (berhasil),7313464675
trx-20920,9/12/2022,papua,konstruksi,excavator,1,1811820400,1811820400,won (berhasil),1811820400
trx-21841,8/24/2021,sulawesi,perkebunan,tractor agrikultur,2,904998788,1809997576,lost (gagal),0
trx-21890,2/8/2022,sumatera,perkebunan,excavator,2,1999757615,3999515230,won (berhasil),3999515230
trx-20537,1/15/2023,kalimantan,pertambangan,genset (generator set),3,406110876,1218332628,won (berhasil),1218332628
trx-21705,3/13/2023,kalimantan,perkebunan,excavator,1,2077054513,2077054513,lost (gagal),0
trx-22978,6/18/2023,jawa,konstruksi,tractor agrikultur,4,963295013,3853180052,in progress,0
trx-20245,6/24/2021,jawa,logistik & gudang,forklift,1,227939854,227939854,won (berhasil),227939854
trx-20784,3/25/2023,papua,perkebunan,tractor agrikultur,2,1304343471,2608686942,won (berhasil),2608686942
trx-21409,8/27/2022,sumatera,perkebunan,excavator,2,1972942816,3945885632,won (berhasil),3945885632
trx-22537,6/23/2023,jawa,konstruksi,genset (generator set),5,426115554,2130577770,won (berhasil),2130577770
trx-20154,6/10/2022,papua,pertambangan,genset (generator set),2,154871506,309743012,lost (gagal),0
trx-21686,2/10/2021,sulawesi,pertambangan,forklift,5,464494258,2322471290,won (berhasil),2322471290
trx-20625,9/16/2021,papua,pertambangan,genset (generator set),1,491670823,491670823,lost (gagal),0
trx-22923,7/23/2022,sumatera,konstruksi,excavator,1,2396817683,2396817683,won (berhasil),2396817683
trx-21346,2/21/2023,papua,konstruksi,forklift,5,543681294,2718406470,lost (gagal),0
trx-20569,11/13/2023,sulawesi,konstruksi,excavator,2,2613766336,5227532672,won (berhasil),5227532672
trx-22980,3/21/2022,sumatera,perkebunan,excavator,2,1878553991,3757107982,lost (gagal),0
trx-21758,10/8/2023,sumatera,pertambangan,tractor agrikultur,3,1283082020,3849246060,lost (gagal),0
trx-21816,7/19/2023,sumatera,manufaktur,excavator,2,2786736214,5573472428,won (berhasil),5573472428
trx-22065,1/23/2023,jawa,manufaktur,genset (generator set),1,256491673,256491673,in progress,0
trx-20127,4/18/2021,sulawesi,logistik & gudang,genset (generator set),1,133759868,133759868,in progress,0
trx-22006,10/26/2023,sulawesi,pertambangan,tractor agrikultur,5,817131938,4085659690,won (berhasil),4085659690
trx-20190,6/11/2023,sulawesi,perkebunan,genset (generator set),3,146065980,438197940,won (berhasil),438197940
trx-21139,3/3/2022,jawa,logistik & gudang,excavator,2,2869347506,5738695012,won (berhasil),5738695012
trx-20992,6/25/2023,jawa,pertambangan,genset (generator set),2,326509256,653018512,won (berhasil),653018512
trx-20699,1/1/2023,kalimantan,pertambangan,genset (generator set),2,154887806,309775612,won (berhasil),309775612
trx-20606,8/1/2022,sumatera,perkebunan,excavator,2,2399782741,4799565482,lost (gagal),0
trx-20180,5/7/2023,sumatera,manufaktur,genset (generator set),3,259698515,779095545,in progress,0
trx-20301,1/7/2022,kalimantan,konstruksi,genset (generator set),3,376939256,1130817768,won (berhasil),1130817768
trx-22544,9/19/2021,jawa,pertambangan,genset (generator set),5,386718649,1933593245,lost (gagal),0
trx-22822,11/2/2021,sulawesi,konstruksi,excavator,1,1541627725,1541627725,won (berhasil),1541627725
trx-21060,5/24/2021,jawa,perkebunan,forklift,4,438417901,1753671604,lost (gagal),0
trx-22866,5/3/2023,kalimantan,manufaktur,forklift,2,461172962,922345924,lost (gagal),0
trx-22925,6/15/2022,papua,logistik & gudang,forklift,1,512289443,512289443,won (berhasil),512289443
trx-22565,8/12/2022,kalimantan,perkebunan,excavator,1,2934292141,2934292141,in progress,0
trx-21069,8/11/2023,papua,logistik & gudang,tractor agrikultur,5,1109893735,5549468675,lost (gagal),0
trx-22524,8/2/2023,jawa,konstruksi,tractor agrikultur,2,933649805,1867299610,won (berhasil),1867299610
trx-22205,7/6/2021,sumatera,perkebunan,tractor agrikultur,5,959250197,4796250985,in progress,0
trx-21243,11/29/2023,kalimantan,pertambangan,forklift,5,326816463,1634082315,won (berhasil),1634082315
trx-20016,7/24/2022,jawa,logistik & gudang,excavator,1,1667711575,1667711575,won (berhasil),1667711575
trx-20546,11/18/2023,sumatera,pertambangan,genset (generator set),2,297384135,594768270,won (berhasil),594768270
trx-20658,11/25/2023,sumatera,perkebunan,excavator,1,1796000386,1796000386,won (berhasil),1796000386
trx-22749,2/6/2022,sulawesi,logistik & gudang,forklift,5,545932476,2729662380,won (berhasil),2729662380
trx-22780,10/30/2021,kalimantan,pertambangan,tractor agrikultur,2,1468275461,2936550922,lost (gagal),0
trx-21504,8/31/2023,sumatera,perkebunan,forklift,3,492979506,1478938518,won (berhasil),1478938518
trx-20959,9/9/2021,sumatera,pertambangan,tractor agrikultur,2,1379298823,2758597646,in progress,0
trx-22331,4/18/2022,kalimantan,perkebunan,tractor agrikultur,1,873849435,873849435,won (berhasil),873849435
trx-20797,8/4/2022,jawa,pertambangan,excavator,2,2350499772,4700999544,won (berhasil),4700999544
trx-20225,1/4/2021,sulawesi,konstruksi,excavator,1,1963862284,1963862284,won (berhasil),1963862284
trx-22074,4/1/2021,jawa,perkebunan,excavator,2,1634801949,3269603898,won (berhasil),3269603898
trx-21799,10/10/2022,papua,pertambangan,forklift,2,464019440,928038880,won (berhasil),928038880
trx-22485,12/16/2022,papua,pertambangan,forklift,1,329573423,329573423,in progress,0
trx-22277,5/13/2023,papua,logistik & gudang,excavator,1,2355925952,2355925952,in progress,0
trx-22085,3/4/2021,sumatera,pertambangan,excavator,2,2935907472,5871814944,won (berhasil),5871814944
trx-21693,7/8/2021,sumatera,konstruksi,tractor agrikultur,3,1484431470,4453294410,won (berhasil),4453294410
trx-21045,8/13/2023,sulawesi,konstruksi,excavator,1,1698949670,1698949670,in progress,0
trx-20469,1/1/2024,jawa,manufaktur,genset (generator set),4,404940249,1619760996,lost (gagal),0
trx-20954,5/1/2021,sumatera,konstruksi,genset (generator set),5,350492126,1752460630,won (berhasil),1752460630
trx-22735,11/30/2021,sulawesi,manufaktur,excavator,1,2667790742,2667790742,won (berhasil),2667790742
trx-20639,2/25/2021,kalimantan,perkebunan,forklift,5,398318483,1991592415,lost (gagal),0
trx-22825,8/28/2022,sumatera,perkebunan,excavator,1,1611578243,1611578243,won (berhasil),1611578243
trx-21218,1/2/2023,papua,pertambangan,genset (generator set),1,420275780,420275780,lost (gagal),0
trx-21158,4/22/2023,kalimantan,konstruksi,forklift,1,299097296,299097296,won (berhasil),299097296
trx-21415,11/21/2023,papua,perkebunan,genset (generator set),2,127673409,255346818,in progress,0
trx-22758,12/23/2021,sulawesi,logistik & gudang,genset (generator set),5,273227360,1366136800,lost (gagal),0
trx-21527,7/22/2022,jawa,manufaktur,genset (generator set),1,394248974,394248974,lost (gagal),0
trx-22968,8/12/2023,papua,pertambangan,excavator,2,2547203178,5094406356,won (berhasil),5094406356
trx-21300,9/14/2022,papua,pertambangan,excavator,2,2360559566,4721119132,won (berhasil),4721119132
trx-22913,1/31/2021,sumatera,perkebunan,tractor agrikultur,4,1256393525,5025574100,won (berhasil),5025574100
trx-21603,3/23/2022,sumatera,perkebunan,genset (generator set),5,308617947,1543089735,in progress,0
trx-20160,4/29/2023,kalimantan,pertambangan,tractor agrikultur,2,906146547,1812293094,won (berhasil),1812293094
trx-21704,4/5/2021,sulawesi,perkebunan,excavator,1,1871717275,1871717275,won (berhasil),1871717275
trx-20956,1/10/2021,kalimantan,konstruksi,excavator,2,1720683395,3441366790,lost (gagal),0
trx-22962,2/5/2023,sulawesi,perkebunan,excavator,1,1676665615,1676665615,in progress,0
trx-20877,3/2/2021,sulawesi,konstruksi,forklift,3,481244710,1443734130,lost (gagal),0
trx-21919,7/23/2022,papua,konstruksi,tractor agrikultur,1,825563169,825563169,in progress,0
trx-21884,4/1/2021,papua,manufaktur,forklift,2,366752421,733504842,lost (gagal),0
trx-22200,8/27/2022,papua,konstruksi,excavator,1,2266367383,2266367383,won (berhasil),2266367383
trx-20098,9/11/2023,jawa,manufaktur,forklift,2,539167706,1078335412,won (berhasil),1078335412
trx-22874,12/28/2021,sulawesi,konstruksi,genset (generator set),1,193892910,193892910,won (berhasil),193892910
trx-22557,4/6/2021,sumatera,pertambangan,excavator,1,2859626333,2859626333,won (berhasil),2859626333
trx-20253,2/15/2021,jawa,konstruksi,forklift,5,209038465,1045192325,won (berhasil),1045192325
trx-20103,1/3/2023,papua,perkebunan,forklift,5,507746573,2538732865,won (berhasil),2538732865
trx-21445,1/23/2021,jawa,pertambangan,tractor agrikultur,1,1041998763,1041998763,in progress,0
trx-21443,6/15/2021,sulawesi,perkebunan,genset (generator set),2,143137032,286274064,won (berhasil),286274064
trx-21648,4/29/2022,sumatera,pertambangan,genset (generator set),5,386021768,1930108840,won (berhasil),1930108840
trx-20586,11/17/2023,sulawesi,konstruksi,tractor agrikultur,4,1352641638,5410566552,won (berhasil),5410566552
trx-20627,3/15/2022,sulawesi,logistik & gudang,tractor agrikultur,4,847323586,3389294344,won (berhasil),3389294344
trx-21696,10/25/2022,kalimantan,lainnya,excavator,2,2138557788,4277115576,won (berhasil),4277115576
trx-22101,6/13/2022,sulawesi,logistik & gudang,forklift,4,264435394,1057741576,in progress,0
trx-22199,1/12/2023,sulawesi,pertambangan,genset (generator set),4,453079081,1812316324,lost (gagal),0
trx-20403,7/3/2021,kalimantan,perkebunan,forklift,4,485360658,1941442632,won (berhasil),1941442632
trx-21154,1/1/2021,sumatera,konstruksi,genset (generator set),1,110626402,110626402,lost (gagal),0
trx-22255,2/22/2023,kalimantan,logistik & gudang,excavator,1,2724404324,2724404324,won (berhasil),2724404324
trx-21682,5/31/2022,sulawesi,logistik & gudang,tractor agrikultur,3,1110142030,3330426090,lost (gagal),0
trx-22056,11/23/2022,sumatera,perkebunan,excavator,2,1786749207,3573498414,lost (gagal),0
trx-22891,6/23/2022,sumatera,pertambangan,forklift,5,1290654632,6453273160,won (berhasil),6453273160
trx-20452,5/7/2021,papua,pertambangan,forklift,5,480659402,2403297010,in progress,0
trx-22301,8/24/2022,sumatera,pertambangan,forklift,4,530346235,2121384940,lost (gagal),0
trx-21327,1/3/2022,jawa,logistik & gudang,tractor agrikultur,4,1205473541,4821894164,won (berhasil),4821894164
trx-22049,1/20/2021,jawa,logistik & gudang,tractor agrikultur,4,909459114,3637836456,won (berhasil),3637836456
trx-20880,1/1/2024,sulawesi,konstruksi,forklift,4,208462156,833848624,lost (gagal),0
trx-22965,12/5/2021,sumatera,perkebunan,excavator,2,1777981164,3555962328,in progress,0
trx-20623,11/16/2023,sumatera,perkebunan,excavator,2,1723862040,3447724080,won (berhasil),3447724080
trx-22393,8/10/2021,sumatera,logistik & gudang,tractor agrikultur,1,1124872680,1124872680,won (berhasil),1124872680
trx-22818,4/24/2023,kalimantan,pertambangan,tractor agrikultur,5,1058914207,5294571035,won (berhasil),5294571035
trx-21787,1/18/2021,unknown,konstruksi,forklift,4,382032983,1528131932,won (berhasil),1528131932
trx-20262,6/9/2022,kalimantan,pertambangan,forklift,1,566754903,566754903,lost (gagal),0
trx-21634,7/10/2022,sulawesi,perkebunan,genset (generator set),3,121882842,365648526,in progress,0
trx-21438,8/24/2022,kalimantan,perkebunan,genset (generator set),3,378867404,1136602212,won (berhasil),1136602212
trx-22198,8/3/2023,sulawesi,pertambangan,tractor agrikultur,4,905744609,3622978436,won (berhasil),3622978436
trx-21969,5/2/2023,papua,pertambangan,excavator,1,2417571610,2417571610,won (berhasil),2417571610
trx-22520,12/20/2022,kalimantan,konstruksi,tractor agrikultur,1,1367417072,1367417072,won (berhasil),1367417072
trx-21802,7/31/2023,sulawesi,manufaktur,forklift,5,305000440,1525002200,lost (gagal),0
trx-20640,9/18/2022,sulawesi,manufaktur,tractor agrikultur,2,1112507395,2225014790,lost (gagal),0
trx-22385,5/7/2021,sumatera,perkebunan,genset (generator set),3,123692297,371076891,lost (gagal),0
trx-22598,12/25/2021,jawa,manufaktur,tractor agrikultur,4,1396689953,5586759812,lost (gagal),0
trx-22877,4/30/2021,sulawesi,konstruksi,forklift,2,480756453,961512906,won (berhasil),961512906
trx-21959,6/29/2023,sumatera,pertambangan,genset (generator set),3,394420622,1183261866,won (berhasil),1183261866
trx-20488,8/4/2021,kalimantan,manufaktur,genset (generator set),2,321523806,643047612,won (berhasil),643047612
trx-21843,2/12/2023,kalimantan,pertambangan,forklift,3,437712374,1313137122,won (berhasil),1313137122
trx-21734,10/27/2022,sumatera,pertambangan,excavator,1,2270319863,2270319863,in progress,0
trx-20146,8/17/2022,sulawesi,konstruksi,genset (generator set),1,492106335,492106335,won (berhasil),492106335
trx-21534,5/20/2021,papua,pertambangan,genset (generator set),4,269292582,1077170328,won (berhasil),1077170328
trx-21986,5/25/2023,papua,pertambangan,excavator,2,1669171863,3338343726,won (berhasil),3338343726
trx-21369,9/24/2021,papua,manufaktur,tractor agrikultur,4,1113737980,4454951920,won (berhasil),4454951920
trx-22450,1/17/2023,sumatera,perkebunan,tractor agrikultur,4,1165241625,4660966500,won (berhasil),4660966500
trx-22983,2/2/2022,sumatera,perkebunan,genset (generator set),4,480180233,1920720932,in progress,0
trx-22811,11/7/2021,kalimantan,pertambangan,excavator,4,1014647654,4058590616,lost (gagal),0
trx-20659,10/24/2023,jawa,manufaktur,genset (generator set),4,205259454,821037816,lost (gagal),0
trx-21794,10/11/2021,jawa,perkebunan,genset (generator set),5,320186539,1600932695,lost (gagal),0
trx-22511,5/15/2023,sulawesi,pertambangan,tractor agrikultur,1,831030973,831030973,won (berhasil),831030973
trx-20186,8/3/2021,sumatera,perkebunan,genset (generator set),2,232180692,464361384,in progress,0
trx-21147,12/19/2023,sumatera,perkebunan,excavator,1,2387705232,2387705232,lost (gagal),0
trx-20608,5/10/2022,sumatera,pertambangan,forklift,5,587255072,2936275360,lost (gagal),0
trx-22191,11/7/2022,sulawesi,manufaktur,excavator,2,2312018072,4624036144,won (berhasil),4624036144
trx-22799,3/13/2021,sulawesi,manufaktur,genset (generator set),2,366899232,733798464,lost (gagal),0
trx-21930,2/25/2021,sulawesi,konstruksi,excavator,1,2486926884,2486926884,in progress,0
trx-20197,11/11/2021,sulawesi,manufaktur,forklift,2,397107025,794214050,lost (gagal),0
trx-22327,6/21/2022,sulawesi,logistik & gudang,forklift,5,528690222,2643451110,won (berhasil),2643451110
trx-20293,6/25/2023,kalimantan,pertambangan,genset (generator set),4,346798831,1387195324,won (berhasil),1387195324
trx-20766,6/3/2023,sulawesi,logistik & gudang,tractor agrikultur,4,1236931353,4947725412,lost (gagal),0
trx-20400,9/8/2023,sumatera,pertambangan,excavator,2,2321720386,4643440772,lost (gagal),0
trx-20122,8/15/2021,kalimantan,konstruksi,genset (generator set),4,100295181,401180724,won (berhasil),401180724
trx-20202,12/2/2021,sulawesi,logistik & gudang,excavator,1,1831781901,1831781901,won (berhasil),1831781901
trx-20835,1/20/2022,papua,konstruksi,forklift,1,278221940,278221940,lost (gagal),0
trx-22294,3/18/2022,papua,logistik & gudang,excavator,2,2754213101,5508426202,lost (gagal),0
trx-21439,9/18/2021,sumatera,perkebunan,genset (generator set),4,434938322,1739753288,won (berhasil),1739753288
trx-21733,2/18/2021,kalimantan,pertambangan,genset (generator set),3,264033237,792099711,in progress,0
trx-21695,12/25/2021,sulawesi,pertambangan,forklift,5,240315564,1201577820,won (berhasil),1201577820
trx-22975,4/8/2022,sumatera,perkebunan,excavator,1,1892347958,1892347958,won (berhasil),1892347958
trx-21707,8/24/2021,jawa,konstruksi,genset (generator set),3,159835353,479506059,won (berhasil),479506059
trx-22960,8/24/2021,sulawesi,pertambangan,genset (generator set),4,310154252,1240617008,won (berhasil),1240617008
trx-21153,12/25/2023,papua,pertambangan,tractor agrikultur,1,1310695301,1310695301,won (berhasil),1310695301
trx-21661,4/15/2021,sumatera,konstruksi,excavator,1,2962911856,2962911856,lost (gagal),0
trx-22432,7/16/2021,kalimantan,pertambangan,genset (generator set),5,356921977,1784609885,won (berhasil),1784609885
trx-21759,11/15/2022,kalimantan,pertambangan,excavator,2,2020949938,4041899876,won (berhasil),4041899876
trx-20854,7/30/2021,kalimantan,pertambangan,forklift,1,285350674,285350674,lost (gagal),0
trx-21589,3/29/2021,kalimantan,pertambangan,forklift,2,296907470,593814940,won (berhasil),593814940
trx-22267,8/8/2023,sulawesi,perkebunan,forklift,2,527516463,1055032926,won (berhasil),1055032926
trx-20641,4/5/2021,kalimantan,konstruksi,excavator,2,2363426296,4726852592,won (berhasil),4726852592
trx-20001,6/20/2021,kalimantan,pertambangan,tractor agrikultur,3,1118000243,3354000729,won (berhasil),3354000729
trx-22160,5/7/2023,kalimantan,pertambangan,tractor agrikultur,4,952901210,3811604840,won (berhasil),3811604840
trx-20698,12/2/2022,jawa,pertambangan,genset (generator set),1,302748565,302748565,in progress,0
trx-21636,6/2/2021,papua,pertambangan,tractor agrikultur,3,1301578990,3904736970,won (berhasil),3904736970
trx-21291,3/6/2022,sumatera,konstruksi,tractor agrikultur,2,1275331033,2550662066,lost (gagal),0
trx-22903,5/18/2022,kalimantan,pertambangan,genset (generator set),4,421387330,1685549320,lost (gagal),0
trx-22489,9/30/2022,sumatera,perkebunan,forklift,4,398695771,1594783084,lost (gagal),0
trx-21520,4/20/2022,sulawesi,konstruksi,tractor agrikultur,1,1293551911,1293551911,won (berhasil),1293551911
trx-21853,3/24/2023,sumatera,perkebunan,tractor agrikultur,2,1198867200,2397734400,lost (gagal),0
trx-21136,10/14/2021,sulawesi,pertambangan,tractor agrikultur,5,893790120,4468950600,won (berhasil),4468950600
trx-22992,11/19/2023,sulawesi,pertambangan,tractor agrikultur,4,1194165112,4776660448,won (berhasil),4776660448
trx-21631,11/19/2023,sulawesi,logistik & gudang,forklift,5,543615230,2718076150,lost (gagal),0
trx-21998,7/7/2023,sulawesi,manufaktur,excavator,2,1681482091,3362964182,won (berhasil),3362964182
trx-20663,12/30/2022,papua,pertambangan,forklift,2,547871016,1095742032,won (berhasil),1095742032
trx-20683,1/15/2021,kalimantan,pertambangan,excavator,1,2218603822,2218603822,in progress,0
trx-21257,3/15/2022,jawa,pertambangan,excavator,1,1517640137,1517640137,in progress,0
trx-20317,11/24/2021,sulawesi,manufaktur,genset (generator set),5,223471307,1117356535,won (berhasil),1117356535
trx-20648,7/5/2022,kalimantan,pertambangan,excavator,1,2037478118,2037478118,won (berhasil),2037478118
trx-21434,2/22/2022,sumatera,perkebunan,excavator,2,1792703335,3585406670,won (berhasil),3585406670
trx-21479,4/19/2022,sulawesi,konstruksi,tractor agrikultur,2,1196625532,2393251064,won (berhasil),2393251064
trx-20709,5/16/2023,jawa,perkebunan,forklift,4,339164271,1356657084,lost (gagal),0
trx-21282,5/26/2022,sumatera,perkebunan,genset (generator set),2,162482010,324964020,lost (gagal),0
trx-21768,12/18/2022,jawa,logistik & gudang,tractor agrikultur,5,1463451444,7317257220,lost (gagal),0
trx-20972,4/26/2021,jawa,pertambangan,tractor agrikultur,3,1451036882,4353110646,won (berhasil),4353110646
trx-22675,3/7/2023,sulawesi,pertambangan,forklift,5,476681792,2383408960,won (berhasil),2383408960
trx-21306,7/29/2021,papua,manufaktur,genset (generator set),4,276715688,1106862752,won (berhasil),1106862752
trx-21400,4/8/2023,sulawesi,konstruksi,tractor agrikultur,5,1398334684,6991673420,won (berhasil),6991673420
trx-21408,6/6/2022,sumatera,pertambangan,genset (generator set),3,282119910,846359730,won (berhasil),846359730
trx-22237,7/8/2021,papua,logistik & gudang,tractor agrikultur,3,1284946133,3854838399,lost (gagal),0
trx-21496,9/1/2021,sumatera,perkebunan,excavator,2,1782535432,3565070864,won (berhasil),3565070864
trx-22038,10/5/2021,sulawesi,logistik & gudang,genset (generator set),2,276083710,552167420,won (berhasil),552167420
trx-21529,2/16/2023,sulawesi,manufaktur,tractor agrikultur,2,838293043,1676586086,won (berhasil),1676586086
trx-21663,6/3/2021,papua,pertambangan,genset (generator set),5,387783806,1938919030,won (berhasil),1938919030
trx-21354,9/24/2022,papua,pertambangan,genset (generator set),3,157873326,473619978,lost (gagal),0
trx-22971,1/1/2024,papua,pertambangan,excavator,2,2790379412,5580758824,won (berhasil),5580758824
trx-22991,6/18/2022,kalimantan,perkebunan,tractor agrikultur,5,1489627720,7448138600,won (berhasil),7448138600
trx-21643,5/31/2022,sumatera,manufaktur,tractor agrikultur,3,1157926167,3473778501,lost (gagal),0
trx-21051,12/26/2021,sulawesi,manufaktur,genset (generator set),1,114821880,114821880,lost (gagal),0
trx-20795,5/16/2021,sulawesi,logistik & gudang,genset (generator set),1,397407647,397407647,won (berhasil),397407647
trx-22693,8/17/2023,sumatera,perkebunan,forklift,3,285920870,857762610,won (berhasil),857762610
trx-21597,2/12/2022,jawa,pertambangan,forklift,3,506214607,1518643821,won (berhasil),1518643821
trx-22604,8/29/2023,sumatera,konstruksi,genset (generator set),5,422324402,2111622010,lost (gagal),0
trx-22729,3/4/2021,sulawesi,manufaktur,genset (generator set),5,407218084,2036090420,won (berhasil),2036090420
trx-22625,12/12/2022,sumatera,manufaktur,forklift,4,452525310,1810101240,won (berhasil),1810101240
trx-21819,11/29/2023,jawa,manufaktur,forklift,4,250587845,1002351380,won (berhasil),1002351380
trx-21722,4/25/2023,jawa,logistik & gudang,forklift,1,450042770,450042770,won (berhasil),450042770
trx-21183,9/27/2022,sumatera,manufaktur,excavator,1,1747406684,1747406684,won (berhasil),1747406684
trx-22572,12/24/2023,kalimantan,konstruksi,excavator,1,2926704024,2926704024,won (berhasil),2926704024
trx-21059,4/29/2021,kalimantan,manufaktur,genset (generator set),3,241551865,724655595,lost (gagal),0
trx-20540,11/2/2023,kalimantan,perkebunan,excavator,2,2978213092,5956426184,won (berhasil),5956426184
trx-21678,8/7/2021,papua,pertambangan,tractor agrikultur,2,1184856444,2369712888,won (berhasil),2369712888
trx-22796,10/18/2023,kalimantan,pertambangan,excavator,1,1641460557,1641460557,won (berhasil),1641460557
trx-22935,3/19/2021,sulawesi,pertambangan,genset (generator set),1,364189932,364189932,lost (gagal),0
trx-22532,12/17/2023,sulawesi,logistik & gudang,genset (generator set),1,300759738,300759738,won (berhasil),300759738
trx-21757,4/15/2022,jawa,perkebunan,genset (generator set),4,307190974,1228763896,won (berhasil),1228763896
trx-21923,3/5/2021,unknown,logistik & gudang,genset (generator set),1,435549432,435549432,lost (gagal),0
trx-20095,9/14/2023,sumatera,perkebunan,forklift,1,402440722,402440722,won (berhasil),402440722
trx-21020,4/5/2021,sulawesi,lainnya,excavator,1,1573687535,1573687535,lost (gagal),0
trx-20563,9/13/2023,kalimantan,konstruksi,genset (generator set),4,151035196,604140784,won (berhasil),604140784
trx-22790,6/25/2021,sumatera,perkebunan,genset (generator set),2,214355283,428710566,won (berhasil),428710566
trx-20863,11/14/2022,kalimantan,manufaktur,tractor agrikultur,4,1045781254,4183125016,lost (gagal),0
trx-21484,10/13/2021,kalimantan,konstruksi,genset (generator set),5,376898979,1884494895,lost (gagal),0
trx-21881,12/12/2022,jawa,logistik & gudang,excavator,2,1803365880,3606731760,lost (gagal),0
trx-21038,2/18/2021,jawa,konstruksi,tractor agrikultur,4,1197701019,4790804076,won (berhasil),4790804076
trx-20206,6/16/2023,jawa,pertambangan,excavator,2,1706468199,3412936398,won (berhasil),3412936398
trx-20392,4/13/2022,sumatera,perkebunan,forklift,4,477189536,1908758144,won (berhasil),1908758144
trx-22842,4/19/2022,jawa,konstruksi,excavator,2,2977778924,5955557848,lost (gagal),0
trx-20870,1/30/2021,kalimantan,manufaktur,forklift,5,243813428,1219067140,won (berhasil),1219067140
trx-20397,2/18/2023,sulawesi,manufaktur,tractor agrikultur,2,975545143,1951090286,won (berhasil),1951090286
trx-22814,5/12/2023,papua,logistik & gudang,genset (generator set),3,374992100,1124976300,lost (gagal),0
trx-22929,9/27/2023,jawa,logistik & gudang,forklift,1,588567482,588567482,lost (gagal),0
trx-21028,6/28/2023,kalimantan,logistik & gudang,forklift,4,379458683,1517834732,lost (gagal),0
trx-22690,4/2/2022,sumatera,manufaktur,excavator,2,1579382728,3158765456,won (berhasil),3158765456
trx-21485,5/11/2022,papua,pertambangan,forklift,2,267403518,534807036,lost (gagal),0
trx-22660,9/4/2023,kalimantan,konstruksi,forklift,2,283517726,567035452,in progress,0
trx-20960,12/3/2023,sulawesi,logistik & gudang,tractor agrikultur,5,1033996232,5169981160,won (berhasil),5169981160
trx-21570,10/11/2022,sulawesi,perkebunan,excavator,1,2848371905,2848371905,won (berhasil),2848371905
trx-22773,8/18/2023,sumatera,pertambangan,genset (generator set),4,439002686,1756010744,lost (gagal),0
trx-21895,5/19/2021,sumatera,perkebunan,excavator,1,2115553376,2115553376,won (berhasil),2115553376
trx-22731,11/28/2021,sumatera,manufaktur,forklift,1,476287077,476287077,won (berhasil),476287077
trx-22146,7/15/2021,jawa,perkebunan,genset (generator set),4,404161126,1616644504,won (berhasil),1616644504
trx-20804,9/7/2021,jawa,perkebunan,tractor agrikultur,2,1121772482,2243544964,in progress,0
trx-21751,10/11/2023,sumatera,manufaktur,genset (generator set),4,191471229,765884916,won (berhasil),765884916
trx-22454,1/24/2022,kalimantan,pertambangan,forklift,5,235503583,1177517915,won (berhasil),1177517915
trx-20502,7/7/2022,papua,konstruksi,genset (generator set),4,287432061,1149728244,lost (gagal),0
trx-20779,3/5/2022,jawa,perkebunan,excavator,1,2109809904,2109809904,in progress,0
trx-21863,7/8/2022,sumatera,pertambangan,genset (generator set),1,393139356,393139356,in progress,0
trx-20200,12/5/2021,papua,pertambangan,excavator,2,2327279942,4654559884,lost (gagal),0
trx-22182,2/28/2022,sulawesi,logistik & gudang,genset (generator set),5,229174827,1145874135,won (berhasil),1145874135
trx-22088,2/14/2021,sumatera,konstruksi,excavator,1,1533830781,1533830781,won (berhasil),1533830781
trx-22278,12/11/2023,unknown,logistik & gudang,genset (generator set),1,213924664,213924664,lost (gagal),0
trx-21796,1/3/2022,papua,manufaktur,excavator,2,1956093530,3912187060,won (berhasil),3912187060
trx-20378,6/16/2022,papua,pertambangan,tractor agrikultur,3,883862786,2651588358,lost (gagal),0
trx-22336,5/27/2022,sulawesi,logistik & gudang,excavator,1,1869910374,1869910374,lost (gagal),0
trx-20418,2/10/2022,kalimantan,konstruksi,forklift,2,289133220,578266440,won (berhasil),578266440
trx-21698,8/2/2021,jawa,manufaktur,genset (generator set),1,223843510,223843510,lost (gagal),0
trx-20391,12/2/2022,kalimantan,pertambangan,excavator,1,2778933004,2778933004,won (berhasil),2778933004
trx-22640,11/9/2023,kalimantan,pertambangan,forklift,5,247586096,1237930480,won (berhasil),1237930480
trx-21522,4/16/2023,sumatera,manufaktur,genset (generator set),5,143432367,717161835,won (berhasil),717161835
trx-21162,10/24/2021,sumatera,perkebunan,forklift,5,595915166,2979575830,lost (gagal),0
trx-21495,12/13/2023,papua,pertambangan,forklift,5,355081128,1775405640,won (berhasil),1775405640
trx-22695,8/29/2023,kalimantan,logistik & gudang,forklift,2,569223358,1138446716,lost (gagal),0
trx-22027,12/11/2021,papua,perkebunan,excavator,1,2866474758,2866474758,lost (gagal),0
trx-21152,12/30/2023,papua,konstruksi,excavator,2,2385585254,4771170508,won (berhasil),4771170508
trx-21367,7/14/2022,sumatera,manufaktur,genset (generator set),4,249946645,999786580,lost (gagal),0
trx-22568,2/28/2021,kalimantan,konstruksi,excavator,2,1905577878,3811155756,lost (gagal),0
trx-20064,4/6/2022,kalimantan,pertambangan,forklift,2,441487627,882975254,lost (gagal),0
trx-22062,4/28/2022,kalimantan,pertambangan,forklift,1,333016391,333016391,lost (gagal),0
trx-21180,12/27/2022,sumatera,pertambangan,genset (generator set),1,401823891,401823891,won (berhasil),401823891
trx-20492,9/6/2021,jawa,konstruksi,tractor agrikultur,1,963088433,963088433,won (berhasil),963088433
trx-20379,9/29/2023,kalimantan,pertambangan,forklift,5,374331485,1871657425,lost (gagal),0
trx-22235,12/2/2022,kalimantan,pertambangan,forklift,2,490496572,980993144,lost (gagal),0
trx-20763,6/10/2021,jawa,konstruksi,excavator,1,2999148651,2999148651,won (berhasil),2999148651
trx-22264,4/27/2023,kalimantan,logistik & gudang,genset (generator set),3,130345566,391036698,won (berhasil),391036698
trx-20791,7/20/2022,sulawesi,perkebunan,genset (generator set),2,496891986,993783972,won (berhasil),993783972
trx-21076,11/2/2022,papua,pertambangan,genset (generator set),3,321864228,965592684,in progress,0
trx-20878,10/14/2023,papua,logistik & gudang,excavator,1,1652873535,1652873535,won (berhasil),1652873535
trx-20337,5/27/2022,kalimantan,pertambangan,genset (generator set),2,310151552,620303104,lost (gagal),0
trx-22767,9/8/2022,sumatera,perkebunan,genset (generator set),4,403945021,1615780084,won (berhasil),1615780084
trx-22343,6/17/2021,papua,pertambangan,excavator,2,1617549208,3235098416,lost (gagal),0
trx-21016,2/13/2021,papua,perkebunan,tractor agrikultur,2,948015915,1896031830,won (berhasil),1896031830
trx-21275,11/21/2021,sulawesi,logistik & gudang,tractor agrikultur,4,1307793161,5231172644,in progress,0
trx-20455,11/13/2022,jawa,konstruksi,genset (generator set),5,343028795,1715143975,won (berhasil),1715143975
trx-20815,11/15/2021,jawa,konstruksi,tractor agrikultur,1,1075198327,1075198327,won (berhasil),1075198327
trx-22317,4/24/2022,jawa,konstruksi,genset (generator set),4,374226841,1496907364,lost (gagal),0
trx-20995,9/15/2022,sulawesi,perkebunan,excavator,2,1887371747,3774743494,lost (gagal),0
trx-21981,8/30/2021,kalimantan,manufaktur,tractor agrikultur,3,871426279,2614278837,won (berhasil),2614278837
trx-20201,6/2/2023,kalimantan,manufaktur,genset (generator set),1,248264783,248264783,won (berhasil),248264783
trx-20161,9/14/2021,jawa,manufaktur,excavator,1,2196504788,2196504788,lost (gagal),0
trx-21579,8/18/2023,sulawesi,pertambangan,forklift,4,200956591,803826364,won (berhasil),803826364
trx-22777,11/30/2021,jawa,perkebunan,forklift,2,420567250,841134500,lost (gagal),0
trx-22449,2/9/2021,kalimantan,manufaktur,tractor agrikultur,1,1271774510,1271774510,in progress,0
trx-20702,6/29/2021,jawa,pertambangan,tractor agrikultur,5,1396704153,6983520765,won (berhasil),6983520765
trx-21500,2/16/2023,papua,pertambangan,forklift,3,482635643,1447906929,won (berhasil),1447906929
trx-21129,8/20/2023,papua,logistik & gudang,forklift,3,364825317,1094475951,won (berhasil),1094475951
trx-22613,10/15/2023,papua,pertambangan,tractor agrikultur,3,878616229,2635848687,won (berhasil),2635848687
trx-21021,6/6/2023,kalimantan,pertambangan,forklift,2,247420713,494841426,won (berhasil),494841426
trx-21585,3/12/2021,sulawesi,logistik & gudang,genset (generator set),5,149394351,746971755,lost (gagal),0
trx-21955,9/5/2021,jawa,logistik & gudang,genset (generator set),4,215454828,861819312,won (berhasil),861819312
trx-22253,5/31/2023,papua,pertambangan,excavator,2,2593750683,5187501366,lost (gagal),0
trx-20034,3/25/2021,papua,konstruksi,genset (generator set),2,279135934,558271868,lost (gagal),0
trx-20775,11/16/2022,kalimantan,konstruksi,tractor agrikultur,1,832682958,832682958,lost (gagal),0
trx-22556,7/24/2023,sumatera,logistik & gudang,genset (generator set),1,149273148,149273148,lost (gagal),0
trx-21478,6/7/2022,kalimantan,konstruksi,genset (generator set),5,402922185,2014610925,lost (gagal),0
trx-21390,12/20/2021,sumatera,manufaktur,forklift,3,396691308,1190073924,lost (gagal),0
trx-22139,10/16/2021,unknown,manufaktur,genset (generator set),4,284762059,1139048236,won (berhasil),1139048236
trx-21363,12/12/2022,sulawesi,konstruksi,genset (generator set),5,236077107,1180385535,lost (gagal),0
trx-22945,4/3/2021,jawa,pertambangan,genset (generator set),1,112483911,112483911,won (berhasil),112483911
trx-22612,9/29/2022,papua,logistik & gudang,forklift,5,420333276,2101666380,lost (gagal),0
trx-22824,8/22/2021,sumatera,pertambangan,genset (generator set),2,429852645,859705290,in progress,0
trx-20241,12/12/2021,jawa,perkebunan,genset (generator set),5,421776141,2108880705,won (berhasil),2108880705
trx-22061,7/11/2021,kalimantan,pertambangan,excavator,1,1859052628,1859052628,won (berhasil),1859052628
trx-22363,12/1/2023,kalimantan,pertambangan,genset (generator set),1,490787780,490787780,won (berhasil),490787780
trx-20600,2/9/2023,jawa,logistik & gudang,tractor agrikultur,2,1457730432,2915460864,lost (gagal),0
trx-22435,10/11/2022,kalimantan,manufaktur,excavator,2,2910320384,5820640768,lost (gagal),0
trx-21297,11/18/2021,kalimantan,pertambangan,excavator,1,2128557537,2128557537,lost (gagal),0
trx-22214,10/19/2021,jawa,manufaktur,forklift,1,422797236,422797236,lost (gagal),0
trx-22888,5/17/2022,papua,konstruksi,excavator,1,1836583058,1836583058,won (berhasil),1836583058
trx-22068,7/18/2023,sumatera,perkebunan,tractor agrikultur,1,1080958330,1080958330,in progress,0
trx-20646,12/5/2021,sulawesi,logistik & gudang,tractor agrikultur,4,945457588,3781830352,won (berhasil),3781830352
trx-21528,1/18/2021,jawa,perkebunan,excavator,2,1880847991,3761695982,won (berhasil),3761695982
trx-22879,5/28/2021,papua,pertambangan,genset (generator set),4,411588522,1646354088,won (berhasil),1646354088
trx-21267,12/15/2022,sumatera,manufaktur,genset (generator set),4,282371560,1129486240,in progress,0
trx-21899,2/18/2022,kalimantan,manufaktur,forklift,3,351797030,1055391090,in progress,0
trx-20562,4/10/2022,sulawesi,pertambangan,tractor agrikultur,4,1312598875,5250395500,won (berhasil),5250395500
trx-22734,11/11/2021,jawa,manufaktur,excavator,1,2694251772,2694251772,lost (gagal),0
trx-20189,1/14/2022,kalimantan,logistik & gudang,tractor agrikultur,4,985654611,3942618444,won (berhasil),3942618444
trx-21806,5/16/2023,sulawesi,perkebunan,excavator,2,2927965177,5855930354,in progress,0
trx-22747,10/21/2022,sumatera,perkebunan,genset (generator set),3,416610273,1249830819,won (berhasil),1249830819
trx-22047,9/7/2023,sumatera,perkebunan,genset (generator set),5,201856920,1009284600,lost (gagal),0
trx-22558,10/23/2022,sumatera,logistik & gudang,excavator,1,1693915921,1693915921,won (berhasil),1693915921
trx-21082,12/27/2023,sulawesi,pertambangan,tractor agrikultur,2,949136419,1898272838,won (berhasil),1898272838
trx-20474,7/9/2021,papua,perkebunan,genset (generator set),1,397141231,397141231,won (berhasil),397141231
trx-22904,4/22/2022,sumatera,perkebunan,excavator,2,2813840474,5627680948,in progress,0
trx-20747,4/16/2023,kalimantan,konstruksi,tractor agrikultur,2,1092702856,2185405712,won (berhasil),2185405712
trx-22300,12/1/2023,sulawesi,pertambangan,forklift,4,311866784,1247467136,won (berhasil),1247467136
trx-20021,3/30/2021,jawa,pertambangan,genset (generator set),3,392661453,1177984359,in progress,0
trx-20459,4/1/2023,kalimantan,konstruksi,forklift,2,554755681,1109511362,in progress,0
trx-21184,5/23/2023,papua,perkebunan,tractor agrikultur,4,1074622709,4298490836,won (berhasil),4298490836
trx-22324,8/18/2023,jawa,logistik & gudang,genset (generator set),5,414382350,2071911750,lost (gagal),0
trx-20955,10/22/2021,papua,pertambangan,excavator,2,2543191624,5086383248,won (berhasil),5086383248
trx-21215,4/17/2021,papua,pertambangan,genset (generator set),5,258111748,1290558740,won (berhasil),1290558740
trx-22433,12/8/2021,sulawesi,pertambangan,tractor agrikultur,3,1484757832,4454273496,lost (gagal),0
trx-22853,3/8/2022,kalimantan,lainnya,excavator,2,2242756039,4485512078,lost (gagal),0
trx-21515,2/23/2021,sumatera,perkebunan,tractor agrikultur,2,1191712074,2383424148,lost (gagal),0
trx-22391,1/11/2023,jawa,logistik & gudang,excavator,2,1745641566,3491283132,lost (gagal),0
trx-20769,1/15/2021,kalimantan,perkebunan,tractor agrikultur,5,1224694580,6123472900,won (berhasil),6123472900
trx-21685,11/15/2023,jawa,pertambangan,genset (generator set),5,454857385,2274286925,lost (gagal),0
trx-20130,5/20/2022,jawa,logistik & gudang,tractor agrikultur,4,1308814095,5235256380,in progress,0
trx-22919,5/27/2022,papua,logistik & gudang,forklift,4,283951831,1135807324,won (berhasil),1135807324
trx-22135,10/25/2023,sumatera,pertambangan,forklift,2,582026333,1164052666,in progress,0
trx-21482,4/2/2022,sumatera,logistik & gudang,forklift,4,481939255,1927757020,lost (gagal),0
trx-20330,11/22/2021,sumatera,pertambangan,excavator,2,2588568729,5177137458,lost (gagal),0
trx-21238,3/21/2023,papua,manufaktur,excavator,1,1547830458,1547830458,won (berhasil),1547830458
trx-20466,1/17/2021,kalimantan,konstruksi,excavator,2,2152246965,4304493930,won (berhasil),4304493930
trx-22169,6/12/2023,sumatera,perkebunan,forklift,3,378249133,1134747399,won (berhasil),1134747399
trx-21638,3/20/2023,kalimantan,perkebunan,excavator,2,1530294934,3060589868,won (berhasil),3060589868
trx-21095,10/10/2021,papua,pertambangan,tractor agrikultur,5,1164982741,5824913705,won (berhasil),5824913705
trx-21130,2/23/2022,sulawesi,pertambangan,forklift,1,428099624,428099624,lost (gagal),0
trx-21294,12/5/2023,unknown,manufaktur,excavator,1,1806150281,1806150281,won (berhasil),1806150281
trx-20860,6/20/2023,sulawesi,perkebunan,genset (generator set),3,236879888,710639664,won (berhasil),710639664
