Order_ID,Tanggal_Transaksi,Region,Sektor_Industri,Kategori_Produk,Kuantitas,Harga_Satuan_IDR,Total_Nilai_Deal_IDR,Status_Transaksi,Revenue_IDR
TRX-21517,2022-12-15,Sumatera,Perkebunan,Excavator,1,2277284162,2277284162,Lost (Gagal),0
TRX-22369,2021-09-24,Kalimantan,Manufaktur,Forklift,5,409489290,2047446450,Won (Berhasil),2047446450
TRX-21961,2022-07-17,Sumatera,Pertambangan,Forklift,1,273735241,273735241,Lost (Gagal),0
TRX-20343,2021-12-29,Sulawesi,Manufaktur,Genset (Generator Set),4,367795935,1471183740,Lost (Gagal),0
TRX-22663,2021-01-21,Sulawesi,Perkebunan,Forklift,2,288704212,577408424,Lost (Gagal),0
TRX-21173,2021-02-24,Sumatera,Konstruksi,Forklift,4,244332419,977329676,Won (Berhasil),977329676
TRX-22676,2023-10-04,Papua,Konstruksi,Genset (Generator Set),1,452166950,452166950,Won (Berhasil),452166950
TRX-21027,2021-11-06,Kalimantan,Konstruksi,Forklift,2,514279862,1028559724,Won (Berhasil),1028559724
TRX-22083,2023-04-11,Papua,Pertambangan,Genset (Generator Set),3,295741418,887224254,Won (Berhasil),887224254
TRX-21444,2022-07-22,Sulawesi,Logistik & Gudang,Forklift,5,370273078,1851365390,Won (Berhasil),1851365390
TRX-20932,2023-07-15,Kalimantan,Perkebunan,Tractor Agrikultur,2,1242017308,2484034616,Won (Berhasil),2484034616
TRX-20178,2022-04-16,Jawa,Logistik & Gudang,Genset (Generator Set),4,411802822,1647211288,Won (Berhasil),1647211288
TRX-21593,2022-11-14,Sumatera,Perkebunan,Excavator,1,1546276981,1546276981,Won (Berhasil),1546276981
TRX-21947,2022-03-03,Jawa,Perkebunan,Excavator,2,0,0,Won (Berhasil),5812796506
TRX-21662,2022-04-19,Jawa,Logistik & Gudang,Tractor Agrikultur,2,1353036607,2706073214,Won (Berhasil),2706073214
TRX-22431,2022-11-16,Jawa,Pertambangan,Genset (Generator Set),3,205225982,615677946,Won (Berhasil),615677946
TRX-22862,2021-09-25,Papua,Perkebunan,Forklift,1,547794598,547794598,Won (Berhasil),547794598
TRX-22342,2021-03-04,Kalimantan,Pertambangan,Genset (Generator Set),4,498745045,1994980180,Lost (Gagal),0
TRX-21497,2021-04-15,Kalimantan,Pertambangan,Tractor Agrikultur,2,1437814887,2875629774,Lost (Gagal),0
TRX-22966,2023-01-20,Sumatera,Konstruksi,Excavator,2,2885963943,5771927886,In Progress,0
TRX-22413,2023-05-27,Kalimantan,Pertambangan,Genset (Generator Set),1,403449666,403449666,Won (Berhasil),403449666
TRX-22807,2023-05-09,Papua,Konstruksi,Tractor Agrikultur,1,1072760996,1072760996,Won (Berhasil),1072760996
TRX-21283,2022-08-23,Sulawesi,Pertambangan,Genset (Generator Set),2,434474711,868949422,Lost (Gagal),0
TRX-22868,2023-03-25,Kalimantan,Konstruksi,Forklift,2,590090784,1180181568,Lost (Gagal),0
TRX-20889,2021-05-22,Papua,,Genset (Generator Set),1,377612979,377612979,Won (Berhasil),377612979
TRX-21459,2021-12-07,Sulawesi,Pertambangan,Forklift,4,398536168,1594144672,Won (Berhasil),1594144672
TRX-20651,2023-08-02,Kalimantan,Pertambangan,Forklift,5,0,0,Won (Berhasil),1944713855
TRX-21436,2022-05-10,Sumatera,Konstruksi,Excavator,1,2094089591,2094089591,Won (Berhasil),2094089591
TRX-20554,2021-04-23,Kalimantan,Konstruksi,Tractor Agrikultur,2,1090186186,2180372372,Won (Berhasil),2180372372
TRX-22263,2021-10-28,Kalimantan,Pertambangan,Tractor Agrikultur,2,833599902,1667199804,Won (Berhasil),1667199804
TRX-20439,2023-04-08,Papua,Konstruksi,Excavator,1,1644051575,1644051575,In Progress,0
TRX-22567,2022-02-09,Sulawesi,Manufaktur,Genset (Generator Set),2,215111435,430222870,Won (Berhasil),430222870
TRX-21041,2021-06-17,Sumatera,Perkebunan,Genset (Generator Set),5,455807221,2279036105,Lost (Gagal),0
TRX-21226,2021-02-04,Papua,Logistik & Gudang,Excavator,2,2728346837,5456693674,Won (Berhasil),5456693674
TRX-20188,2023-11-22,Papua,Manufaktur,Genset (Generator Set),2,262571827,525143654,Won (Berhasil),525143654
TRX-21779,2022-08-29,Sumatera,Pertambangan,Genset (Generator Set),2,376273346,752546692,Won (Berhasil),752546692
TRX-20495,2021-06-23,Kalimantan,Konstruksi,Genset (Generator Set),1,363202255,363202255,Won (Berhasil),363202255
TRX-20790,2022-07-23,Kalimantan,Manufaktur,Excavator,1,2783176964,2783176964,Won (Berhasil),2783176964
TRX-20572,2021-02-13,Jawa,Perkebunan,Forklift,3,250261637,750784911,Lost (Gagal),0
TRX-22190,2022-11-30,Kalimantan,Pertambangan,Excavator,2,2713196952,5426393904,Won (Berhasil),5426393904
TRX-21710,2022-09-10,Sumatera,Pertambangan,Forklift,4,559177086,2236708344,Won (Berhasil),2236708344
TRX-20831,2021-04-20,Papua,Pertambangan,Excavator,2,1970060421,3940120842,In Progress,0
TRX-22738,2023-07-24,Sulawesi,Perkebunan,Excavator,1,1937695591,1937695591,Lost (Gagal),0
TRX-22619,2021-09-25,Sulawesi,Perkebunan,Genset (Generator Set),2,393372830,786745660,Won (Berhasil),786745660
TRX-22007,2021-12-22,Jawa,Pertambangan,Excavator,2,1501722184,3003444368,Won (Berhasil),3003444368
TRX-20568,2021-01-22,Kalimantan,Perkebunan,Forklift,5,354138326,1770691630,Won (Berhasil),1770691630
TRX-20102,2023-02-03,Papua,Logistik & Gudang,Excavator,2,2323896185,4647792370,Won (Berhasil),4647792370
TRX-21583,2021-07-19,Papua,Pertambangan,Forklift,1,522954917,522954917,Won (Berhasil),522954917
TRX-22286,2022-10-23,Papua,Pertambangan,Genset (Generator Set),2,252780403,505560806,Won (Berhasil),505560806
TRX-22012,2022-07-21,Sumatera,Perkebunan,Excavator,2,2115013110,4230026220,Won (Berhasil),4230026220
TRX-22662,2022-03-15,Papua,Pertambangan,Excavator,2,2241215017,4482430034,Won (Berhasil),4482430034
TRX-22823,2023-01-07,Jawa,Logistik & Gudang,Tractor Agrikultur,5,821213263,4106066315,Won (Berhasil),4106066315
TRX-21179,2023-05-26,Sumatera,Perkebunan,Tractor Agrikultur,3,807782728,2423348184,Won (Berhasil),2423348184
TRX-20051,2023-06-28,Kalimantan,Konstruksi,Forklift,5,445073767,2225368835,Won (Berhasil),2225368835
TRX-20507,2022-02-11,Kalimantan,Logistik & Gudang,Forklift,1,256930170,256930170,Lost (Gagal),0
TRX-21017,2023-03-10,Jawa,Konstruksi,Excavator,1,2888525654,2888525654,Won (Berhasil),2888525654
TRX-21091,2022-07-14,Sumatera,Logistik & Gudang,Excavator,2,2242200804,4484401608,In Progress,0
TRX-20063,2023-04-22,Papua,Konstruksi,Tractor Agrikultur,1,1279185637,1279185637,Won (Berhasil),1279185637
TRX-20944,2022-08-19,Jawa,Logistik & Gudang,Genset (Generator Set),5,406547045,2032735225,Won (Berhasil),2032735225
TRX-22375,2023-11-04,Sumatera,Perkebunan,Forklift,4,480535064,1922140256,Won (Berhasil),1922140256
TRX-20044,2023-07-14,Jawa,Perkebunan,Tractor Agrikultur,4,843945258,3375781032,Won (Berhasil),3375781032
TRX-22707,2021-04-04,Sulawesi,Logistik & Gudang,Forklift,2,423015877,846031754,In Progress,0
TRX-21510,2023-05-31,Kalimantan,Konstruksi,Forklift,2,519694465,1039388930,In Progress,0
TRX-20254,2021-10-31,Sumatera,Pertambangan,Excavator,2,2146382707,4292765414,Lost (Gagal),0
TRX-20321,2023-05-20,Sulawesi,Manufaktur,Excavator,1,1947128306,1947128306,Lost (Gagal),0
TRX-22804,2022-03-13,,Manufaktur,Genset (Generator Set),5,283144906,1415724530,Won (Berhasil),1415724530
TRX-22937,2021-05-03,Papua,Pertambangan,Tractor Agrikultur,3,1416627460,4249882380,Won (Berhasil),4249882380
TRX-20705,2022-10-07,Sumatera,Perkebunan,Excavator,2,1767226531,3534453062,Won (Berhasil),3534453062
TRX-22270,2021-09-15,Sulawesi,Logistik & Gudang,Excavator,1,1740278867,1740278867,In Progress,0
TRX-22124,2021-05-14,Sumatera,Perkebunan,Forklift,5,273502007,1367510035,In Progress,0
TRX-22861,2021-10-27,Sumatera,Konstruksi,Excavator,2,2997242835,5994485670,Won (Berhasil),5994485670
TRX-22589,2023-04-14,Sulawesi,Pertambangan,Genset (Generator Set),5,463869275,2319346375,Won (Berhasil),2319346375
TRX-20472,2022-05-08,Papua,Konstruksi,Excavator,2,1876739863,3753479726,Won (Berhasil),3753479726
TRX-21451,2023-01-09,Papua,Pertambangan,Genset (Generator Set),2,473527665,947055330,Won (Berhasil),947055330
TRX-20139,2021-05-21,Sumatera,Perkebunan,Forklift,3,497713442,1493140326,Won (Berhasil),1493140326
TRX-22574,2021-11-19,Kalimantan,Manufaktur,Forklift,3,384341073,1153023219,Won (Berhasil),1153023219
TRX-20581,2023-12-03,Papua,Pertambangan,Forklift,2,402489559,804979118,In Progress,0
TRX-22605,2021-01-31,Sulawesi,Manufaktur,Forklift,1,419775246,419775246,Lost (Gagal),0
TRX-20809,2022-01-28,Sulawesi,Konstruksi,Forklift,3,410850139,1232550417,Won (Berhasil),1232550417
TRX-22591,2023-07-19,Sulawesi,Manufaktur,Genset (Generator Set),1,317168954,317168954,Won (Berhasil),317168954
TRX-21822,2022-10-24,Sumatera,Perkebunan,Genset (Generator Set),2,381698791,763397582,Won (Berhasil),763397582
TRX-21475,2021-02-14,Sulawesi,Konstruksi,Tractor Agrikultur,4,1008124889,4032499556,In Progress,0
TRX-21891,2023-10-10,Sumatera,Perkebunan,Excavator,2,1710358969,3420717938,Lost (Gagal),0
TRX-21427,2023-01-18,Papua,Perkebunan,Tractor Agrikultur,1,941511050,941511050,In Progress,0
TRX-22585,2023-08-16,Papua,Logistik & Gudang,Genset (Generator Set),3,140003929,420011787,Lost (Gagal),0
TRX-20134,2021-09-04,Kalimantan,Konstruksi,Tractor Agrikultur,4,1370533634,5482134536,Lost (Gagal),0
TRX-20741,2022-10-17,Sumatera,Pertambangan,Tractor Agrikultur,5,1212410064,6062050320,Won (Berhasil),6062050320
TRX-20964,2023-12-26,,Pertambangan,Tractor Agrikultur,3,839287222,2517861666,Won (Berhasil),2517861666
TRX-20149,2021-03-02,Sulawesi,Perkebunan,Forklift,1,397078628,397078628,Won (Berhasil),397078628
TRX-20240,2021-03-12,Papua,Pertambangan,Genset (Generator Set),4,152823036,611292144,Won (Berhasil),611292144
TRX-21766,2021-07-18,Sulawesi,Logistik & Gudang,Forklift,1,571522740,571522740,Won (Berhasil),571522740
TRX-21896,2022-08-15,Papua,Konstruksi,Forklift,4,293371530,1173486120,Won (Berhasil),1173486120
TRX-22321,2022-07-22,Sulawesi,Manufaktur,Excavator,2,1634947681,3269895362,Won (Berhasil),3269895362
TRX-20174,2021-01-28,Jawa,Logistik & Gudang,Genset (Generator Set),2,443615820,887231640,Lost (Gagal),0
TRX-20052,2021-03-29,Papua,Manufaktur,Excavator,2,2527037549,5054075098,Won (Berhasil),5054075098
TRX-21146,2021-09-27,Sumatera,Logistik & Gudang,Tractor Agrikultur,1,1272992945,1272992945,Won (Berhasil),1272992945
TRX-20144,2022-07-02,Kalimantan,Manufaktur,Genset (Generator Set),3,482965634,1448896902,Won (Berhasil),1448896902
TRX-20331,2023-07-30,Jawa,Konstruksi,Forklift,-2,432453285,-864906570,Won (Berhasil),432453285
TRX-20246,2022-05-21,Sulawesi,Perkebunan,Excavator,1,1760769162,1760769162,Won (Berhasil),1760769162
TRX-21971,2021-01-24,Kalimantan,Manufaktur,Tractor Agrikultur,1,1473075451,1473075451,In Progress,0
TRX-22484,2022-07-31,Sulawesi,Konstruksi,Excavator,2,2145404843,4290809686,Lost (Gagal),0
TRX-21620,2022-01-18,Sulawesi,Pertambangan,Tractor Agrikultur,5,1200794281,6003971405,Won (Berhasil),6003971405
TRX-20557,2023-12-15,Sulawesi,Manufaktur,Genset (Generator Set),5,136415255,682076275,Won (Berhasil),682076275
TRX-20251,2021-11-19,Sumatera,Konstruksi,Excavator,1,2186858135,2186858135,Lost (Gagal),0
TRX-21116,2021-05-28,Kalimantan,Pertambangan,Forklift,3,226094581,678283743,Lost (Gagal),0
TRX-21877,2021-04-05,Kalimantan,Konstruksi,Genset (Generator Set),2,313056307,626112614,Won (Berhasil),626112614
TRX-22522,2023-02-28,Kalimantan,Pertambangan,Forklift,-2,304858722,-609717444,Won (Berhasil),914576166
TRX-20211,2022-11-28,Sulawesi,Manufaktur,Excavator,1,1608971890,1608971890,Won (Berhasil),1608971890
TRX-20000,2021-10-11,Sumatera,Pertambangan,Forklift,5,273433487,1367167435,Won (Berhasil),1367167435
TRX-21476,2023-10-16,Papua,,Genset (Generator Set),3,239310412,717931236,In Progress,0
TRX-21553,2021-02-19,Kalimantan,Konstruksi,Genset (Generator Set),5,402693373,2013466865,Lost (Gagal),0
TRX-21295,2021-08-02,Kalimantan,Pertambangan,Tractor Agrikultur,5,1412826536,7064132680,Lost (Gagal),0
TRX-20565,2023-07-08,Sulawesi,Manufaktur,Ekskavator,3,1285451495,3856354485,Won (Berhasil),3856354485
TRX-21234,2023-03-24,Sulawesi,Manufaktur,Genset (Generator Set),5,171176431,855882155,In Progress,0
TRX-21624,2021-09-25,Papua,Pertambangan,Tractor Agrikultur,3,1327539562,3982618686,In Progress,0
TRX-22914,2023-02-19,Jawa,Pertambangan,Forklift,3,296159488,888478464,Won (Berhasil),888478464
TRX-20789,2021-07-17,Sumatera,Perkebunan,Forklift,3,460840526,1382521578,Won (Berhasil),1382521578
TRX-20812,2023-05-13,Sumatera,Pertambangan,Tractor Agrikultur,3,1178195503,3534586509,Won (Berhasil),3534586509
TRX-20266,2021-12-25,Sumatera,Manufaktur,Excavator,2,1987450412,3974900824,Won (Berhasil),3974900824
TRX-22797,2023-11-17,Jawa,Pertambangan,Genset (Generator Set),2,445471473,890942946,Won (Berhasil),890942946
TRX-20322,2022-11-25,Sulawesi,Konstruksi,Excavator,1,2511816241,2511816241,Won (Berhasil),2511816241
TRX-20032,2023-08-04,Sumatera,Logistik & Gudang,Genset (Generator Set),5,342132539,1710662695,Lost (Gagal),0
TRX-20370,2023-06-05,Sumatera,Logistik & Gudang,Tractor Agrikultur,1,1176933795,1176933795,Won (Berhasil),1176933795
TRX-22463,2021-03-06,Kalimantan,Pertambangan,Genset (Generator Set),4,390880611,1563522444,Lost (Gagal),0
TRX-20014,2022-06-05,Sulawesi,Perkebunan,Tractor Agrikultur,2,1229385656,2458771312,Won (Berhasil),2458771312
TRX-20093,2023-12-30,Sumatera,Konstruksi,Tractor Agrikultur,3,896043518,2688130554,In Progress,0
TRX-22757,2021-04-13,Sumatera,Perkebunan,Tractor Agrikultur,3,1495964571,4487893713,Won (Berhasil),4487893713
TRX-20879,2023-09-15,Sulawesi,Konstruksi,Genset (Generator Set),1,281815120,281815120,Lost (Gagal),0
TRX-20642,2022-04-06,Sumatera,Perkebunan,Excavator,2,2088066793,4176133586,In Progress,0
TRX-22097,2022-05-03,Jawa,Logistik & Gudang,Forklift,2,313819183,627638366,In Progress,0
TRX-21602,2023-02-17,Sumatera,Perkebunan,Genset (Generator Set),1,151389384,151389384,Lost (Gagal),0
TRX-21106,2023-07-17,Papua,Manufaktur,Forklift,3,365513386,1096540158,Lost (Gagal),0
TRX-20756,2022-01-21,Jawa,Logistik & Gudang,Excavator,2,2506354147,5012708294,Lost (Gagal),0
TRX-21075,2022-01-12,Kalimantan,Pertambangan,Tractor Agrikultur,1,1074565106,1074565106,Won (Berhasil),1074565106
TRX-20430,2022-11-02,Kalimantan,Konstruksi,Genset (Generator Set),2,242876295,485752590,Won (Berhasil),485752590
TRX-20450,2022-09-18,Jawa,Konstruksi,Forklift,5,495291840,2476459200,Lost (Gagal),0
TRX-22002,2021-05-25,Sumatera,Pertambangan,Genset (Generator Set),2,286209505,572419010,Won (Berhasil),572419010
TRX-21837,2022-12-15,Sumatera,Perkebunan,Tractor Agrikultur,1,948031617,948031617,Won (Berhasil),948031617
TRX-21688,2023-05-03,Papua,Logistik & Gudang,Genset (Generator Set),1,162605564,162605564,Won (Berhasil),162605564
TRX-20691,2022-08-27,Kalimantan,Konstruksi,Tractor Agrikultur,3,1170605746,3511817238,Won (Berhasil),3511817238
TRX-22637,2021-12-21,Sulawesi,Manufaktur,Excavator,1,2048654572,2048654572,Lost (Gagal),0
TRX-21849,2021-05-25,Kalimantan,Pertambangan,Tractor Agrikultur,3,884558827,2653676481,In Progress,0
TRX-21429,2021-09-13,Papua,Perkebunan,Genset (Generator Set),3,470207447,1410622341,Won (Berhasil),1410622341
TRX-20759,2022-12-23,Jawa,Konstruksi,Tractor Agrikultur,2,962153712,1924307424,Won (Berhasil),1924307424
TRX-20184,2021-07-06,Papua,Pertambangan,Excavator,2,2066383380,4132766760,Lost (Gagal),0
TRX-21235,2021-09-27,Sumatera,Pertambangan,Genset (Generator Set),4,244073942,976295768,Won (Berhasil),976295768
TRX-20203,2023-09-20,Kalimantan,Konstruksi,Tractor Agrikultur,1,1210196506,1210196506,Won (Berhasil),1210196506
TRX-20801,2023-06-18,Papua,Logistik & Gudang,Tractor Agrikultur,2,1079757428,2159514856,In Progress,0
TRX-20463,2021-03-18,Jawa,Pertambangan,Excavator,1,1658810088,1658810088,Won (Berhasil),1658810088
TRX-21423,2021-12-26,Sumatera,Perkebunan,Genset (Generator Set),2,422002430,844004860,Lost (Gagal),0
TRX-21177,2022-09-09,Sulawesi,Konstruksi,Forklift,2,444244947,888489894,Won (Berhasil),888489894
TRX-22414,2022-03-12,,Pertambangan,Genset (Generator Set),5,369851777,1849258885,Won (Berhasil),1849258885
TRX-20839,2022-12-10,Sulawesi,Manufaktur,Forklift,3,270945155,812835465,Won (Berhasil),812835465
TRX-21395,2021-06-11,Papua,Pertambangan,Forklift,1,425390700,425390700,Won (Berhasil),425390700
TRX-22554,2021-07-20,,Manufaktur,Forklift,4,426968442,1707873768,Won (Berhasil),1707873768
TRX-22869,2023-04-11,Papua,Pertambangan,Tractor Agrikultur,4,1337975637,5351902548,Won (Berhasil),5351902548
TRX-21913,2021-05-30,Sumatera,Perkebunan,Ekskavator,4,874688978,3498755912,Won (Berhasil),3498755912
TRX-22819,2023-04-12,Sulawesi,Logistik & Gudang,Excavator,1,2234332584,2234332584,Won (Berhasil),2234332584
TRX-20194,2021-06-27,Sumatera,Perkebunan,Forklift,1,340592959,340592959,Lost (Gagal),0
TRX-20528,2023-08-25,Papua,Pertambangan,Genset (Generator Set),1,325801384,325801384,Won (Berhasil),325801384
TRX-22525,2021-04-21,Sulawesi,Manufaktur,Excavator,1,2264151476,2264151476,Lost (Gagal),0
TRX-21210,2021-03-13,Jawa,Manufaktur,Forklift,5,439545696,2197728480,In Progress,0
TRX-21809,2022-02-03,Kalimantan,Perkebunan,Excavator,2,1732979193,3465958386,Won (Berhasil),3465958386
TRX-20332,2021-12-27,Jawa,Pertambangan,Excavator,1,2904329413,2904329413,Lost (Gagal),0
TRX-22113,2023-02-03,Papua,Konstruksi,Forklift,5,298092258,1490461290,In Progress,0
TRX-20298,2021-10-02,Papua,Pertambangan,Tractor Agrikultur,3,1173460686,3520382058,Lost (Gagal),0
TRX-22344,2023-01-24,Kalimantan,Pertambangan,Excavator,2,1593762410,3187524820,Won (Berhasil),3187524820
TRX-21815,2021-05-08,Jawa,Logistik & Gudang,Genset (Generator Set),3,262242177,786726531,Won (Berhasil),786726531
TRX-20864,2023-04-20,Papua,Logistik & Gudang,Genset (Generator Set),5,463596580,2317982900,Won (Berhasil),2317982900
TRX-22223,2023-07-28,Kalimantan,Pertambangan,Genset (Generator Set),2,212705812,425411624,Won (Berhasil),425411624
TRX-21052,2023-06-04,Jawa,Konstruksi,Excavator,1,2566022352,2566022352,Lost (Gagal),0
TRX-20695,2022-12-08,Jawa,Manufaktur,Genset (Generator Set),2,388416236,776832472,In Progress,0
TRX-21655,2021-08-21,Sumatera,Perkebunan,Tractor Agrikultur,3,1045136014,3135408042,Lost (Gagal),0
TRX-21938,2022-01-24,Kalimantan,Manufaktur,Forklift,3,220300655,660901965,In Progress,0
TRX-20045,2022-02-27,Kalimantan,Perkebunan,Excavator,1,2477360586,2477360586,Won (Berhasil),2477360586
TRX-22167,2023-09-22,Sumatera,Perkebunan,Genset (Generator Set),5,380259259,1901296295,Lost (Gagal),0
TRX-20544,2023-10-22,Papua,Konstruksi,Forklift,5,543940011,2719700055,Won (Berhasil),2719700055
TRX-21425,2023-09-07,Jawa,Konstruksi,Genset (Generator Set),2,285485355,570970710,Won (Berhasil),570970710
TRX-22168,2023-11-02,Jawa,Logistik & Gudang,Genset (Generator Set),1,144834237,144834237,Lost (Gagal),0
TRX-20416,2023-04-29,Sulawesi,Perkebunan,Excavator,1,2819139090,2819139090,Won (Berhasil),2819139090
TRX-21814,2022-08-21,Sulawesi,Logistik & Gudang,Genset (Generator Set),1,204841889,204841889,Won (Berhasil),204841889
TRX-21924,2023-08-30,Jawa,Logistik & Gudang,Genset (Generator Set),1,458285939,458285939,Won (Berhasil),458285939
TRX-22079,2022-02-22,Sumatera,Konstruksi,Forklift,4,407928255,1631713020,In Progress,0
TRX-20192,2022-03-16,Sumatera,Pertambangan,Forklift,4,324542043,1298168172,Won (Berhasil),1298168172
TRX-22909,2021-09-23,Papua,Pertambangan,Excavator,2,2111211194,4222422388,In Progress,0
TRX-22917,2022-10-31,Kalimantan,Konstruksi,Forklift,5,380568813,1902844065,Won (Berhasil),1902844065
TRX-20314,2022-02-22,Sulawesi,Konstruksi,Excavator,1,2137026056,2137026056,Won (Berhasil),2137026056
TRX-20478,2022-10-30,Papua,Pertambangan,Tractor Agrikultur,2,1492032163,2984064326,Won (Berhasil),2984064326
TRX-20063,2023-04-22,Papua,Konstruksi,Tractor Agrikultur,1,1279185637,1279185637,Won (Berhasil),1279185637
TRX-20354,2023-02-22,Sulawesi,Logistik & Gudang,Genset (Generator Set),4,415214165,1660856660,Won (Berhasil),1660856660
TRX-20299,2022-11-23,Sulawesi,Perkebunan,Tractor Agrikultur,1,1085194603,1085194603,In Progress,0
TRX-21506,2021-12-29,Sulawesi,Pertambangan,Tractor Agrikultur,2,1403676503,2807353006,In Progress,0
TRX-21364,2022-02-25,Kalimantan,Pertambangan,Genset (Generator Set),3,121261588,363784764,Won (Berhasil),363784764
TRX-21242,2021-10-15,Kalimantan,Perkebunan,Genset (Generator Set),1,454346417,454346417,Won (Berhasil),454346417
TRX-22467,2023-07-24,Sulawesi,Manufaktur,Excavator,1,1959036990,1959036990,In Progress,0
TRX-20727,2023-10-01,Sulawesi,Perkebunan,Genset (Generator Set),5,204247309,1021236545,Won (Berhasil),1021236545
TRX-22348,2023-10-12,Kalimantan,Pertambangan,Excavator,1,1522306199,1522306199,Won (Berhasil),1522306199
TRX-21084,2021-07-09,Kalimantan,Pertambangan,Excavator,2,2944652213,5889304426,Won (Berhasil),5889304426
TRX-20729,2021-09-03,Sulawesi,Manufaktur,Tractor Agrikultur,4,1219417393,4877669572,Lost (Gagal),0
TRX-21954,2022-07-23,Kalimantan,Perkebunan,Tractor Agrikultur,2,1365182362,2730364724,In Progress,0
TRX-22878,2023-04-21,Jawa,Konstruksi,Excavator,1,2002963534,2002963534,Lost (Gagal),0
TRX-20842,2023-02-25,Kalimantan,Konstruksi,Forklift,5,465064909,2325324545,Won (Berhasil),2325324545
TRX-22345,2021-02-09,Papua,Konstruksi,Forklift,1,364479685,364479685,In Progress,0
TRX-20432,2021-06-25,Sumatera,Manufaktur,Tractor Agrikultur,2,1089648610,2179297220,Lost (Gagal),0
TRX-22570,2022-07-28,Kalimantan,Pertambangan,Tractor Agrikultur,1,859749620,859749620,Won (Berhasil),859749620
TRX-22579,2021-01-12,Kalimantan,Pertambangan,Forklift,3,410168344,1230505032,Won (Berhasil),1230505032
TRX-20175,2023-05-13,Kalimantan,Perkebunan,Genset (Generator Set),2,157670164,315340328,Won (Berhasil),315340328
TRX-20256,2022-02-17,Kalimantan,Perkebunan,Forklip,3,505926143,1517778429,Won (Berhasil),1517778429
TRX-22118,2022-03-04,Papua,Konstruksi,Excavator,2,2926559936,5853119872,Won (Berhasil),5853119872
TRX-22403,2021-10-31,Sumatera,Pertambangan,Genset (Generator Set),2,217263033,434526066,Won (Berhasil),434526066
TRX-20443,2021-08-04,Papua,Manufaktur,Genset (Generator Set),1,313059443,313059443,Lost (Gagal),0
TRX-21336,2021-03-22,Sulawesi,Pertambangan,Genset (Generator Set),3,186588414,559765242,Won (Berhasil),559765242
TRX-22151,2023-01-20,Jawa,Perkebunan,Tractor Agrikultur,5,1191954420,5959772100,Lost (Gagal),0
TRX-22297,2023-02-21,Papua,Perkebunan,Tractor Agrikultur,5,1168625680,5843128400,Lost (Gagal),0
TRX-21839,2021-04-10,Sulawesi,Perkebunan,Excavator,1,2250601264,2250601264,Lost (Gagal),0
TRX-22793,2021-07-29,Sumatera,Perkebunan,Tractor Agrikultur,3,1461252193,4383756579,Won (Berhasil),4383756579
TRX-22772,2021-10-22,Jawa,Manufaktur,Forklift,1,268216354,268216354,Won (Berhasil),268216354
TRX-22769,2021-11-06,Papua,Manufaktur,Excavator,1,2574891102,2574891102,Won (Berhasil),2574891102
TRX-22594,2023-03-14,Kalimantan,Logistik & Gudang,Tractor Agrikultur,2,1104932494,2209864988,Lost (Gagal),0
TRX-22322,2022-05-05,Papua,Pertambangan,Genset (Generator Set),5,404801265,2024006325,Won (Berhasil),2024006325
TRX-22299,2023-03-03,Sumatera,Logistik & Gudang,Forklift,3,519628907,1558886721,Won (Berhasil),1558886721
TRX-20196,2021-11-23,Kalimantan,Konstruksi,Tractor Agrikultur,5,807161992,4035809960,Lost (Gagal),0
TRX-21909,2022-05-25,Papua,Logistik & Gudang,Genset (Generator Set),1,150757048,150757048,Won (Berhasil),150757048
TRX-20170,2023-04-15,Kalimantan,Perkebunan,Tractor Agrikultur,3,871305573,2613916719,Won (Berhasil),2613916719
TRX-20298,2021-10-02,Papua,Pertambangan,Tractor Agrikultur,3,1173460686,3520382058,Lost (Gagal),0
TRX-22826,2022-10-29,Sumatera,Konstruksi,Tractor Agrikultur,3,1082013815,3246041445,Lost (Gagal),0
TRX-20088,2022-10-23,Sulawesi,Pertambangan,Genset (Generator Set),2,280897878,561795756,Won (Berhasil),561795756
TRX-21480,2022-08-04,Kalimantan,Perkebunan,Excavator,2,1943760802,3887521604,Won (Berhasil),3887521604
TRX-20829,2022-05-23,Sulawesi,Logistik & Gudang,Tractor Agrikultur,2,1278697531,2557395062,Won (Berhasil),2557395062
TRX-20270,2021-10-01,Sumatera,Pertambangan,Tractor Agrikultur,5,1111064359,5555321795,Lost (Gagal),0
TRX-22922,2021-04-13,Papua,Konstruksi,Genset (Generator Set),5,147041716,735208580,Won (Berhasil),735208580
TRX-21047,2023-01-18,Papua,Pertambangan,Tractor Agrikultur,3,1440932710,4322798130,Won (Berhasil),4322798130
TRX-20810,2022-05-14,Papua,Logistik & Gudang,Tractor Agrikultur,5,1215847920,6079239600,Won (Berhasil),6079239600
TRX-20650,2022-08-10,Sulawesi,Perkebunan,Tractor Agrikultur,5,1373176070,6865880350,Won (Berhasil),6865880350
TRX-21114,2022-10-27,Jawa,Pertambangan,Excavator,2,1911856951,3823713902,Won (Berhasil),3823713902
TRX-22635,2023-03-30,Sumatera,Perkebunan,Forklift,3,591381824,1774145472,Lost (Gagal),0
TRX-21237,2021-09-11,Jawa,Konstruksi,Genset (Generator Set),4,166509156,666036624,Won (Berhasil),666036624
TRX-20152,2022-05-16,Papua,Perkebunan,Forklip,3,411698797,1235096391,Won (Berhasil),1235096391
TRX-21740,2021-04-17,Sumatera,Manufaktur,Genset (Generator Set),1,344212957,344212957,Won (Berhasil),344212957
TRX-22285,2023-11-13,Jawa,Manufaktur,Tractor Agrikultur,4,830965931,3323863724,Lost (Gagal),0
TRX-21657,2023-03-21,Sumatera,Pertambangan,Tractor Agrikultur,2,1230872179,2461744358,Won (Berhasil),2461744358
TRX-21410,2021-11-18,Kalimantan,Konstruksi,Forklift,5,216218591,1081092955,Lost (Gagal),0
TRX-20289,2022-09-25,Sulawesi,Perkebunan,Genset (Generator Set),5,148563234,742816170,Lost (Gagal),0
TRX-21817,2023-12-29,Papua,Pertambangan,Forklift,3,283736825,851210475,Won (Berhasil),851210475
TRX-22934,2023-02-16,Papua,Perkebunan,Genset (Generator Set),4,243436532,973746128,Won (Berhasil),973746128
TRX-21268,2023-03-08,Papua,Pertambangan,Tractor Agrikultur,1,940647662,940647662,Won (Berhasil),940647662
TRX-22788,2022-06-08,Sumatera,Perkebunan,Genset (Generator Set),2,402250615,804501230,Lost (Gagal),0
TRX-22104,2021-04-12,Jawa,Logistik & Gudang,Genset (Generator Set),1,185115967,185115967,Won (Berhasil),185115967
TRX-20449,2023-12-02,Papua,Pertambangan,Excavator,1,2089772103,2089772103,Won (Berhasil),2089772103
TRX-21966,2021-07-26,Kalimantan,Konstruksi,Tractor Agrikultur,2,1122380885,2244761770,Lost (Gagal),0
TRX-20930,2023-02-11,Kalimantan,Pertambangan,Excavator,2,2587621059,5175242118,Won (Berhasil),5175242118
TRX-20257,2023-03-12,Sumatera,Konstruksi,Forklift,2,463576546,927153092,In Progress,0
TRX-21216,2022-04-04,Sumatera,Perkebunan,Excavator,2,2509679822,5019359644,Won (Berhasil),5019359644
TRX-21621,2022-02-12,Papua,Konstruksi,Excavator,2,2158281265,4316562530,Won (Berhasil),4316562530
TRX-20682,2022-08-03,Sumatera,Perkebunan,Excavator,2,1535304204,3070608408,Won (Berhasil),3070608408
TRX-22228,2023-03-06,Kalimantan,Pertambangan,Genset (Generator Set),5,222879215,1114396075,Lost (Gagal),0
TRX-22441,2023-01-25,Sulawesi,Perkebunan,Excavator,2,2600815223,5201630446,Lost (Gagal),0
TRX-21714,2023-01-29,Kalimantan,Pertambangan,Excavator,1,1714881823,1714881823,Won (Berhasil),1714881823
TRX-20067,2021-11-09,Papua,Pertambangan,Genset (Generator Set),1,197345131,197345131,Lost (Gagal),0
TRX-21455,2022-09-12,Jawa,Logistik & Gudang,Genset (Generator Set),1,171088611,171088611,Lost (Gagal),0
TRX-22582,2022-11-20,Papua,Pertambangan,Excavator,2,2502372941,5004745882,Lost (Gagal),0
TRX-22447,2023-05-07,Papua,Konstruksi,Excavator,1,2544309551,2544309551,Lost (Gagal),0
TRX-22768,2021-04-05,Sumatera,Perkebunan,Forklift,1,570970215,570970215,Won (Berhasil),570970215
TRX-21640,2021-10-29,Kalimantan,Perkebunan,Genset (Generator Set),4,110786646,443146584,Won (Berhasil),443146584
TRX-21099,2023-12-27,Kalimantan,Pertambangan,Forklift,2,278014625,556029250,Won (Berhasil),556029250
TRX-20736,2023-12-28,Kalimantan,Konstruksi,Genset (Generator Set),3,153478393,460435179,Won (Berhasil),460435179
TRX-20511,2022-09-18,Papua,Konstruksi,Excavator,1,2199360547,2199360547,Won (Berhasil),2199360547
TRX-21871,2021-10-22,Sulawesi,Logistik & Gudang,Excavator,2,2372478739,4744957478,Won (Berhasil),4744957478
TRX-20423,2022-12-22,Kalimantan,Konstruksi,Excavator,1,0,0,Won (Berhasil),2068669702
TRX-21151,2023-02-01,Sumatera,Konstruksi,Tractor Agrikultur,2,1090228755,2180457510,Won (Berhasil),2180457510
TRX-21609,2023-05-31,Sumatera,Perkebunan,Tractor Agrikultur,5,1376645460,6883227300,Lost (Gagal),0
TRX-20124,2023-02-26,Kalimantan,Pertambangan,Excavator,1,2851344633,2851344633,Won (Berhasil),2851344633
TRX-22505,2023-11-03,Papua,Pertambangan,Forklip,1,1654925111,1654925111,Won (Berhasil),1654925111
TRX-21159,2022-08-14,Kalimantan,Manufaktur,Excavator,1,2699370951,2699370951,Won (Berhasil),2699370951
TRX-20506,2023-05-06,Papua,Logistik & Gudang,Genset (Generator Set),4,498109181,1992436724,Won (Berhasil),1992436724
TRX-22040,2021-05-07,Sulawesi,Perkebunan,Forklift,5,557673653,2788368265,Won (Berhasil),2788368265
TRX-21373,2022-12-22,Jawa,Logistik & Gudang,Forklift,1,581756986,581756986,Won (Berhasil),581756986
TRX-22307,2022-07-18,Sulawesi,Konstruksi,Genset (Generator Set),2,333838446,667676892,Won (Berhasil),667676892
TRX-21037,2021-09-26,Papua,Konstruksi,Forklift,1,367188291,367188291,Won (Berhasil),367188291
TRX-22644,2021-03-30,Sumatera,Perkebunan,Forklift,2,587739987,1175479974,Won (Berhasil),1175479974
TRX-21149,2023-02-12,Sulawesi,Perkebunan,Tractor Agrikultur,4,1133941863,4535767452,Won (Berhasil),4535767452
TRX-20052,2021-03-29,Papua,Manufaktur,Excavator,2,2527037549,5054075098,Won (Berhasil),5054075098
TRX-20612,2023-06-17,Sulawesi,Manufaktur,Genset (Generator Set),1,325554149,325554149,Lost (Gagal),0
TRX-21786,2022-09-20,Kalimantan,Pertambangan,Excavator,1,1964815380,1964815380,Lost (Gagal),0
TRX-22905,2022-10-07,Jawa,Manufaktur,Genset (Generator Set),5,297856348,1489281740,Won (Berhasil),1489281740
TRX-22030,2021-08-03,Sumatera,Konstruksi,Forklift,4,248902066,995608264,Lost (Gagal),0
TRX-21760,2022-06-07,Papua,Pertambangan,Genset (Generator Set),3,268315916,804947748,In Progress,0
TRX-20594,2021-12-26,Sumatera,Manufaktur,Tractor Agrikultur,4,1285513009,5142052036,Lost (Gagal),0
TRX-20990,2022-02-02,Sumatera,Konstruksi,Tractor Agrikultur,1,1455387413,1455387413,In Progress,0
TRX-22523,2023-03-31,Sulawesi,Pertambangan,Genset (Generator Set),2,139595550,279191100,Lost (Gagal),0
TRX-20291,2021-06-06,Papua,Manufaktur,Forklift,5,206120193,1030600965,Won (Berhasil),1030600965
TRX-21872,2023-05-18,Sumatera,Logistik & Gudang,Tractor Agrikultur,2,962282769,1924565538,Lost (Gagal),0
TRX-21803,2023-01-25,Jawa,Perkebunan,Excavator,1,2159165988,2159165988,In Progress,0
TRX-20080,2022-06-14,Sumatera,Manufaktur,Excavator,2,2113800194,4227600388,Lost (Gagal),0
TRX-22684,2023-12-30,Sulawesi,Manufaktur,Tractor Agrikultur,1,1226162449,1226162449,Won (Berhasil),1226162449
TRX-21979,2022-12-29,Jawa,Perkebunan,Genset (Generator Set),5,287992185,1439960925,Won (Berhasil),1439960925
TRX-20942,2021-10-15,Sulawesi,Perkebunan,Forklift,5,334966056,1674830280,In Progress,0
TRX-21356,2022-08-22,Kalimantan,Konstruksi,Forklift,4,579838751,2319355004,Won (Berhasil),2319355004
TRX-20408,2021-09-08,Papua,Pertambangan,Genset (Generator Set),1,161879239,161879239,Won (Berhasil),161879239
TRX-21801,2023-05-24,Kalimantan,Pertambangan,Tractor Agrikultur,4,1253707352,5014829408,Lost (Gagal),0
TRX-20940,2022-12-28,Sumatera,Pertambangan,Genset (Generator Set),1,256482786,256482786,Won (Berhasil),256482786
TRX-22314,2023-12-09,Sulawesi,Logistik & Gudang,Tractor Agrikultur,4,1076675323,4306701292,Won (Berhasil),4306701292
TRX-22159,2023-05-03,Jawa,Logistik & Gudang,Excavator,1,2499681820,2499681820,Won (Berhasil),2499681820
TRX-20368,2021-03-21,Papua,Logistik & Gudang,Excavator,1,2083158279,2083158279,Won (Berhasil),2083158279
TRX-21725,2022-10-23,Papua,Logistik & Gudang,Excavator,2,2481758369,4963516738,In Progress,0
TRX-20857,2021-10-29,Sumatera,Perkebunan,Forklift,1,439526551,439526551,Lost (Gagal),0
TRX-21491,2023-05-31,Sumatera,Pertambangan,Genset (Generator Set),2,190227763,380455526,In Progress,0
TRX-20141,2021-04-13,Jawa,Pertambangan,Forklift,1,357545605,357545605,Won (Berhasil),357545605
TRX-22115,2022-11-19,Kalimantan,Manufaktur,Genset (Generator Set),4,265299869,1061199476,Won (Berhasil),1061199476
TRX-22880,2023-07-17,Sulawesi,Manufaktur,Tractor Agrikultur,5,834629335,4173146675,In Progress,0
TRX-20819,2021-11-29,Papua,Perkebunan,Excavator,2,1807278475,3614556950,Won (Berhasil),3614556950
TRX-21110,2021-07-12,Jawa,Manufaktur,Excavator,2,1836367997,3672735994,In Progress,0
TRX-20555,2022-03-21,Papua,Konstruksi,Tractor Agrikultur,5,845814607,4229073035,Lost (Gagal),0
TRX-20859,2021-02-05,Kalimantan,Perkebunan,Genset (Generator Set),2,230916232,461832464,Lost (Gagal),0
TRX-22396,2023-08-01,Sumatera,Pertambangan,Excavator,2,1884991866,3769983732,Lost (Gagal),0
TRX-22071,2021-11-12,Kalimantan,Manufaktur,Forklift,3,519244920,1557734760,Won (Berhasil),1557734760
TRX-20599,2022-07-15,Kalimantan,Pertambangan,Excavator,2,2421533286,4843066572,Won (Berhasil),4843066572
TRX-21712,2021-12-23,Sulawesi,Manufaktur,Excavator,1,1721655217,1721655217,Lost (Gagal),0
TRX-20177,2021-02-04,Sulawesi,Pertambangan,Genset (Generator Set),1,299013331,299013331,In Progress,0
TRX-21483,2023-12-12,Sumatera,Perkebunan,Tractor Agrikultur,3,1247448001,3742344003,Won (Berhasil),3742344003
TRX-21694,2021-11-04,Papua,Pertambangan,Tractor Agrikultur,5,1345004063,6725020315,Won (Berhasil),6725020315
TRX-21703,2021-10-02,Papua,Pertambangan,Forklift,3,366976158,1100928474,Won (Berhasil),1100928474
TRX-22127,2021-07-11,Kalimantan,Perkebunan,Genset (Generator Set),3,160370795,481112385,Lost (Gagal),0
TRX-22783,2021-01-03,Papua,Pertambangan,Tractor Agrikultur,3,1216153942,3648461826,Won (Berhasil),3648461826
TRX-20183,2022-01-27,Papua,Manufaktur,Forklift,3,503281224,1509843672,Won (Berhasil),1509843672
TRX-21343,2022-03-11,Kalimantan,Manufaktur,Excavator,2,2708666726,5417333452,Won (Berhasil),5417333452
TRX-21323,2022-03-23,Kalimantan,Konstruksi,Excavator,1,2064466099,2064466099,Won (Berhasil),2064466099
TRX-20867,2022-11-26,Kalimantan,Konstruksi,Genset (Generator Set),1,476898999,476898999,Won (Berhasil),476898999
TRX-22580,2023-09-22,Sumatera,Konstruksi,Genset (Generator Set),4,359500712,1438002848,Won (Berhasil),1438002848
TRX-22573,2022-02-19,Sumatera,Perkebunan,Tractor Agrikultur,5,841887898,4209439490,In Progress,0
TRX-20670,2022-11-30,,Pertambangan,Tractor Agrikultur,1,913986624,913986624,Won (Berhasil),913986624
TRX-21727,2023-03-26,Jawa,,Tractor Agrikultur,5,1431359924,7156799620,Won (Berhasil),7156799620
TRX-21089,2022-12-19,Kalimantan,Pertambangan,Genset (Generator Set),4,353691591,1414766364,Won (Berhasil),1414766364
TRX-22722,2023-05-23,Kalimantan,Pertambangan,Tractor Agrikultur,5,1162140410,5810702050,Lost (Gagal),0
TRX-21873,2023-06-02,Papua,Manufaktur,Genset (Generator Set),3,280191086,840573258,Won (Berhasil),840573258
TRX-21260,2022-08-19,Jawa,Manufaktur,Excavator,1,2212580321,2212580321,Lost (Gagal),0
TRX-20162,2023-09-15,Sulawesi,Logistik & Gudang,Tractor Agrikultur,5,820179469,4100897345,Won (Berhasil),4100897345
TRX-22448,2021-08-15,Sumatera,Perkebunan,Excavator,1,1730930002,1730930002,Won (Berhasil),1730930002
TRX-22946,2021-10-09,Jawa,Konstruksi,Excavator,1,2484434513,2484434513,Won (Berhasil),2484434513
TRX-21253,2021-07-31,Jawa,Pertambangan,Forklift,1,535228370,535228370,Lost (Gagal),0
TRX-22531,2023-07-02,Sulawesi,Perkebunan,Tractor Agrikultur,1,1303033060,1303033060,Won (Berhasil),1303033060
TRX-22863,2023-09-27,Sulawesi,Pertambangan,Genset (Generator Set),4,430859349,1723437396,Won (Berhasil),1723437396
TRX-21878,2023-12-18,Jawa,Manufaktur,Excavator,1,2737552185,2737552185,Won (Berhasil),2737552185
TRX-20030,2023-07-21,Jawa,Konstruksi,Excavator,2,2326855372,4653710744,Won (Berhasil),4653710744
TRX-20457,2022-03-21,Sumatera,Perkebunan,Forklift,-2,572324366,-1144648732,Won (Berhasil),572324366
TRX-20433,2022-05-15,Kalimantan,Manufaktur,Forklift,5,414135456,2070677280,Won (Berhasil),2070677280
TRX-20817,2022-06-18,Sulawesi,Logistik & Gudang,Excavator,1,1581118581,1581118581,Won (Berhasil),1581118581
TRX-20173,2023-03-31,Kalimantan,Pertambangan,Forklift,4,456780461,1827121844,Lost (Gagal),0
TRX-21921,2022-01-22,Papua,Pertambangan,Forklift,4,415946556,1663786224,Won (Berhasil),1663786224
TRX-20296,2023-05-09,Sulawesi,Perkebunan,Genset (Generator Set),3,241191929,723575787,Lost (Gagal),0
TRX-20325,2023-02-03,Sumatera,Logistik & Gudang,Excavator,2,1688525416,3377050832,Won (Berhasil),3377050832
TRX-21213,2023-11-08,Sumatera,Pertambangan,Forklift,4,536317627,2145270508,Won (Berhasil),2145270508
TRX-22948,2022-10-18,Sulawesi,Perkebunan,Excavator,1,1935601675,1935601675,Won (Berhasil),1935601675
TRX-20945,2021-01-15,Sulawesi,Perkebunan,Tractor Agrikultur,1,1278951638,1278951638,Lost (Gagal),0
TRX-20744,2023-08-18,Sulawesi,Pertambangan,Genset (Generator Set),1,104994919,104994919,Won (Berhasil),104994919
TRX-21222,2023-04-03,Sumatera,Perkebunan,Excavator,1,2528358096,2528358096,In Progress,0
TRX-20794,2023-01-30,Jawa,Konstruksi,Genset (Generator Set),4,148553640,594214560,Lost (Gagal),0
TRX-21426,2023-04-06,Papua,Konstruksi,Forklift,3,312184084,936552252,Lost (Gagal),0
TRX-22751,2023-08-18,Jawa,Konstruksi,Tractor Agrikultur,5,1284914369,6424571845,Won (Berhasil),6424571845
TRX-21362,2023-06-26,Sulawesi,Manufaktur,Genset (Generator Set),5,264081311,1320406555,Won (Berhasil),1320406555
TRX-21587,2023-09-20,Jawa,Perkebunan,Excavator,1,2784642214,2784642214,Won (Berhasil),2784642214
TRX-21097,2022-12-15,Sulawesi,Manufaktur,Tractor Agrikultur,2,950023471,1900046942,Won (Berhasil),1900046942
TRX-22268,2023-07-03,Jawa,Manufaktur,Forklift,4,587522366,2350089464,Won (Berhasil),2350089464
TRX-22092,2022-09-24,Papua,Perkebunan,Tractor Agrikultur,2,894251853,1788503706,Won (Berhasil),1788503706
TRX-20073,2022-01-08,,Perkebunan,Forklift,2,391813881,783627762,Won (Berhasil),783627762
TRX-22947,2021-12-31,Jawa,Konstruksi,Tractor Agrikultur,4,971104676,3884418704,Won (Berhasil),3884418704
TRX-22328,2022-08-19,Papua,Konstruksi,Excavator,2,2398400184,4796800368,Won (Berhasil),4796800368
TRX-21361,2023-08-08,Papua,Manufaktur,Tractor Agrikultur,1,1410035206,1410035206,Won (Berhasil),1410035206
TRX-21780,2022-05-04,Jawa,Konstruksi,Tractor Agrikultur,3,828098433,2484295299,Won (Berhasil),2484295299
TRX-21161,2022-12-18,Jawa,Pertambangan,Tractor Agrikultur,1,942187685,942187685,Lost (Gagal),0
TRX-21450,2021-11-22,Sumatera,Perkebunan,Forklift,4,208620870,834483480,Lost (Gagal),0
TRX-21937,2021-12-05,Jawa,Logistik & Gudang,Excavator,2,2860513994,5721027988,Lost (Gagal),0
TRX-22882,2021-09-11,Sumatera,Pertambangan,Excavator,1,2580084597,2580084597,Won (Berhasil),2580084597
TRX-21745,2021-10-25,Sumatera,Perkebunan,Tractor Agrikultur,5,1201123153,6005615765,Won (Berhasil),6005615765
TRX-20602,2023-01-01,Jawa,Manufaktur,Forklift,1,533358566,533358566,Lost (Gagal),0
TRX-20471,2022-10-31,Sulawesi,Konstruksi,Excavator,1,1512503351,1512503351,Won (Berhasil),1512503351
TRX-22443,2023-04-01,Sulawesi,Perkebunan,Forklift,1,435911563,435911563,Won (Berhasil),435911563
TRX-20962,2023-05-03,Kalimantan,Konstruksi,Forklift,1,449837507,449837507,Lost (Gagal),0
TRX-22517,2022-07-01,Kalimantan,Pertambangan,Tractor Agrikultur,1,1043094261,1043094261,Won (Berhasil),1043094261
TRX-20567,2023-07-25,Jawa,Perkebunan,Forklift,4,499389631,1997558524,In Progress,0
TRX-22271,2021-02-24,Papua,Logistik & Gudang,Forklift,1,508407223,508407223,In Progress,0
TRX-22387,2021-04-13,Papua,Perkebunan,Forklift,3,296529845,889589535,Lost (Gagal),0
TRX-21833,2023-08-16,Kalimantan,Manufaktur,Genset (Generator Set),2,336717830,673435660,Lost (Gagal),0
TRX-21586,2021-09-06,Kalimantan,Perkebunan,Forklift,5,509474139,2547370695,Won (Berhasil),2547370695
TRX-21601,2023-02-09,Sulawesi,Konstruksi,Tractor Agrikultur,3,1316904342,3950713026,Won (Berhasil),3950713026
TRX-20324,2021-02-07,Sulawesi,Pertambangan,Tractor Agrikultur,1,1315497303,1315497303,Won (Berhasil),1315497303
TRX-21064,2023-07-17,Sumatera,Perkebunan,Tractor Agrikultur,4,1177996254,4711985016,Won (Berhasil),4711985016
TRX-22940,2021-03-23,Jawa,Manufaktur,Tractor Agrikultur,2,1239700197,2479400394,Won (Berhasil),2479400394
TRX-20680,2021-10-03,Sulawesi,Konstruksi,Forklift,4,458626675,1834506700,Lost (Gagal),0
TRX-20485,2021-04-02,Papua,Konstruksi,Forklift,2,567391488,1134782976,Won (Berhasil),1134782976
TRX-22254,2023-05-11,Sulawesi,Konstruksi,Forklift,3,222620597,667861791,Won (Berhasil),667861791
TRX-22131,2021-10-17,Jawa,Konstruksi,Forklift,5,229831683,1149158415,In Progress,0
TRX-20678,2023-06-18,Jawa,Pertambangan,Excavator,1,1665447526,1665447526,Won (Berhasil),1665447526
TRX-21616,2022-04-06,Jawa,Pertambangan,Tractor Agrikultur,3,1379130950,4137392850,Won (Berhasil),4137392850
TRX-21711,2022-10-09,Kalimantan,Pertambangan,Excavator,1,2751354059,2751354059,Won (Berhasil),2751354059
TRX-20239,2021-01-11,Jawa,Manufaktur,Genset (Generator Set),4,285785642,1143142568,Lost (Gagal),0
TRX-22689,2022-10-14,Jawa,Perkebunan,Excavator,2,2606080093,5212160186,Won (Berhasil),5212160186
TRX-22186,2021-02-24,Papua,Pertambangan,Forklift,4,451672358,1806689432,Lost (Gagal),0
TRX-22775,2021-08-04,Sulawesi,Konstruksi,Tractor Agrikultur,3,1353994580,4061983740,Won (Berhasil),4061983740
TRX-22476,2021-01-12,Jawa,Perkebunan,Excavator,2,2347227470,4694454940,Won (Berhasil),4694454940
TRX-21860,2022-10-21,Sulawesi,Manufaktur,Forklift,2,527244522,1054489044,Lost (Gagal),0
TRX-20900,2022-03-17,Jawa,Logistik & Gudang,Excavator,1,2780997725,2780997725,Won (Berhasil),2780997725
TRX-21174,2021-04-06,Papua,Konstruksi,Forklift,4,592582503,2370330012,In Progress,0
TRX-20881,2023-08-25,Papua,Pertambangan,Forklift,3,305544655,916633965,Lost (Gagal),0
TRX-21061,2022-07-19,Jawa,Perkebunan,Excavator,2,2572909989,5145819978,Lost (Gagal),0
TRX-22813,2022-03-12,Sulawesi,Pertambangan,Excavator,1,1952591591,1952591591,Won (Berhasil),1952591591
TRX-20411,2021-01-12,Sumatera,Perkebunan,Forklift,4,202653569,810614276,Won (Berhasil),810614276
TRX-21133,2021-01-04,Kalimantan,Perkebunan,Excavator,2,2617765181,5235530362,In Progress,0
TRX-20605,2021-04-23,Sumatera,Konstruksi,Genset (Generator Set),4,109079276,436317104,Lost (Gagal),0
TRX-21689,2022-05-05,Sumatera,Logistik & Gudang,Tractor Agrikultur,4,1013350429,4053401716,Won (Berhasil),4053401716
TRX-22425,2021-10-04,Sumatera,Konstruksi,Tractor Agrikultur,3,828507485,2485522455,Won (Berhasil),2485522455
TRX-22472,2021-12-27,Sulawesi,Perkebunan,Genset (Generator Set),3,343772223,1031316669,Lost (Gagal),0
TRX-22225,2021-07-15,Papua,Pertambangan,Genset (Generator Set),4,323795302,1295181208,Won (Berhasil),1295181208
TRX-20610,2023-12-24,Sulawesi,Konstruksi,Excavator,2,2006149642,4012299284,Lost (Gagal),0
TRX-20621,2023-02-22,Jawa,Pertambangan,Excavator,2,1525984648,3051969296,Won (Berhasil),3051969296
TRX-22656,2021-02-26,Kalimantan,Pertambangan,Forklift,1,557861495,557861495,Won (Berhasil),557861495
TRX-20535,2021-04-06,Sulawesi,Logistik & Gudang,Genset (Generator Set),2,249475563,498951126,Won (Berhasil),498951126
TRX-22990,2023-07-04,Kalimantan,Pertambangan,Forklift,3,206232214,618696642,Lost (Gagal),0
TRX-21650,2021-06-23,Jawa,Manufaktur,Forklift,4,376340606,1505362424,Won (Berhasil),1505362424
TRX-20414,2021-06-18,Kalimantan,Pertambangan,Excavator,1,2949886719,2949886719,Won (Berhasil),2949886719
TRX-20772,2021-04-15,Sumatera,Perkebunan,Genset (Generator Set),5,373110253,1865551265,Won (Berhasil),1865551265
TRX-20564,2023-10-24,Jawa,Manufaktur,Genset (Generator Set),1,113503149,113503149,Lost (Gagal),0
TRX-20532,2021-05-11,Papua,Pertambangan,Forklift,1,396476147,396476147,Won (Berhasil),396476147
TRX-22512,2021-08-25,Sulawesi,Perkebunan,Forklift,3,553991686,1661975058,Won (Berhasil),1661975058
TRX-20108,2023-01-22,Sulawesi,Konstruksi,Forklift,5,494519816,2472599080,Won (Berhasil),2472599080
TRX-22711,2021-01-24,Jawa,Perkebunan,Forklift,5,201538909,1007694545,Won (Berhasil),1007694545
TRX-22509,2023-09-06,Kalimantan,Konstruksi,Tractor Agrikultur,1,1449820318,1449820318,Won (Berhasil),1449820318
TRX-20479,2021-07-29,Sulawesi,Logistik & Gudang,Tractor Agrikultur,5,806207673,4031038365,Lost (Gagal),0
TRX-21784,2022-06-22,Papua,Pertambangan,Genset (Generator Set),3,348681059,1046043177,Lost (Gagal),0
TRX-20318,2021-02-06,Sulawesi,Manufaktur,Genset (Generator Set),1,405530642,405530642,Won (Berhasil),405530642
TRX-21094,2022-03-15,Sulawesi,Manufaktur,Tractor Agrikultur,2,893128058,1786256116,Won (Berhasil),1786256116
TRX-22721,2021-05-01,Sumatera,Pertambangan,Excavator,2,2629212941,5258425882,Lost (Gagal),0
TRX-22609,2023-02-11,Sulawesi,Pertambangan,Excavator,1,2030777543,2030777543,Won (Berhasil),2030777543
TRX-21244,2022-03-30,Sumatera,Perkebunan,Excavator,1,2374313324,2374313324,Won (Berhasil),2374313324
TRX-21829,2022-10-19,Sumatera,Pertambangan,Forklift,4,296073034,1184292136,Won (Berhasil),1184292136
TRX-20402,2023-04-21,Papua,Manufaktur,Genset (Generator Set),5,429688476,2148442380,Won (Berhasil),2148442380
TRX-21474,2021-09-26,Papua,Perkebunan,Tractor Agrikultur,3,1347622055,4042866165,Lost (Gagal),0
TRX-20805,2022-09-21,Sulawesi,Konstruksi,Forklift,1,472789153,472789153,Lost (Gagal),0
TRX-21960,2021-11-10,Sulawesi,Perkebunan,Forklift,2,408321223,816642446,Lost (Gagal),0
TRX-22410,2021-12-10,Sulawesi,Perkebunan,Genset (Generator Set),5,145891677,729458385,Lost (Gagal),0
TRX-22457,2023-05-30,Sulawesi,Logistik & Gudang,Excavator,2,1774989694,3549979388,Won (Berhasil),3549979388
TRX-21729,2023-12-13,Papua,Konstruksi,Excavator,2,2932802804,5865605608,Won (Berhasil),5865605608
TRX-20387,2021-04-19,Papua,Pertambangan,Excavator,2,2430958982,4861917964,Won (Berhasil),4861917964
TRX-20874,2023-11-28,Sulawesi,Logistik & Gudang,Forklift,5,565741169,2828705845,Won (Berhasil),2828705845
TRX-21211,2021-08-03,Jawa,Pertambangan,Tractor Agrikultur,3,835742140,2507226420,Lost (Gagal),0
TRX-22930,2021-02-21,Jawa,Logistik & Gudang,Tractor Agrikultur,1,1336200157,1336200157,Won (Berhasil),1336200157
TRX-20527,2022-11-08,Sulawesi,Perkebunan,Excavator,1,1651276720,1651276720,Won (Berhasil),1651276720
TRX-21518,2023-05-25,Sulawesi,Manufaktur,Tractor Agrikultur,4,1461715872,5846863488,In Progress,0
TRX-21557,2022-03-06,Jawa,Konstruksi,Genset (Generator Set),4,307897204,1231588816,Won (Berhasil),1231588816
TRX-22837,2022-02-05,Sumatera,Manufaktur,Tractor Agrikultur,1,846481756,846481756,Won (Berhasil),846481756
TRX-21337,2021-08-28,Kalimantan,Pertambangan,Genset (Generator Set),3,178748438,536245314,Won (Berhasil),536245314
TRX-22622,2021-09-28,Sumatera,Logistik & Gudang,Forklift,2,360801609,721603218,Won (Berhasil),721603218
TRX-20070,2021-06-24,Sumatera,Manufaktur,Tractor Agrikultur,2,1349194230,2698388460,Lost (Gagal),0
TRX-22953,2023-07-30,Sulawesi,Pertambangan,Genset (Generator Set),2,448884843,897769686,Won (Berhasil),897769686
TRX-21939,2021-07-12,Kalimantan,Perkebunan,Forklift,5,574072084,2870360420,Won (Berhasil),2870360420
TRX-21820,2023-08-28,Kalimantan,Konstruksi,Tractor Agrikultur,2,1008384241,2016768482,Won (Berhasil),2016768482
TRX-20807,2022-07-08,Papua,Perkebunan,Forklift,2,358026479,716052958,Won (Berhasil),716052958
TRX-20056,2021-08-22,Jawa,Konstruksi,Genset (Generator Set),2,0,0,Won (Berhasil),658509042
TRX-21675,2023-12-08,Sumatera,Perkebunan,Tractor Agrikultur,4,864861244,3459444976,Lost (Gagal),0
TRX-20900,2022-03-17,Jawa,Logistik & Gudang,Excavator,1,2780997725,2780997725,Won (Berhasil),2780997725
TRX-20251,2021-11-19,Sumatera,Konstruksi,Excavator,1,2186858135,2186858135,Lost (Gagal),0
TRX-21411,2023-03-13,Kalimantan,Konstruksi,Tractor Agrikultur,4,1192250328,4769001312,Won (Berhasil),4769001312
TRX-22639,2023-07-18,Jawa,Logistik & Gudang,Excavator,1,2497762954,2497762954,Lost (Gagal),0
TRX-22262,2023-11-17,Kalimantan,Pertambangan,Genset (Generator Set),2,310000081,620000162,Won (Berhasil),620000162
TRX-22856,2023-04-18,Papua,Pertambangan,Genset (Generator Set),4,310323698,1241294792,Won (Berhasil),1241294792
TRX-20309,2022-11-25,Kalimantan,Pertambangan,Excavator,2,2238485915,4476971830,Won (Berhasil),4476971830
TRX-20911,2023-12-31,Sulawesi,Logistik & Gudang,Forklift,3,581556681,1744670043,Won (Berhasil),1744670043
TRX-20999,2022-07-17,Papua,Pertambangan,Excavator,1,2554084579,2554084579,Won (Berhasil),2554084579
TRX-21001,2022-11-21,Sulawesi,Logistik & Gudang,Genset (Generator Set),3,369915948,1109747844,Lost (Gagal),0
TRX-20840,2021-09-21,Jawa,Pertambangan,Excavator,2,2628581739,5257163478,Lost (Gagal),0
TRX-22493,2023-11-05,Sumatera,Perkebunan,Genset (Generator Set),5,477960605,2389803025,Won (Berhasil),2389803025
TRX-20393,2022-12-29,Jawa,Logistik & Gudang,Excavator,1,1808048529,1808048529,Won (Berhasil),1808048529
TRX-20486,2023-06-26,Sulawesi,Manufaktur,Tractor Agrikultur,4,1365627270,5462509080,Won (Berhasil),5462509080
TRX-21393,2023-08-22,Jawa,Pertambangan,Tractor Agrikultur,2,1244624985,2489249970,Won (Berhasil),2489249970
TRX-21709,2021-10-10,Sumatera,Perkebunan,Excavator,2,1716798483,3433596966,Won (Berhasil),3433596966
TRX-21572,2023-11-10,Jawa,Perkebunan,Excavator,2,2502478610,5004957220,Lost (Gagal),0
TRX-22130,2021-09-04,Sumatera,Manufaktur,Forklift,3,516896310,1550688930,In Progress,0
TRX-22933,2021-04-30,Sumatera,Konstruksi,Excavator,1,2146760874,2146760874,Won (Berhasil),2146760874
TRX-20637,2023-08-01,Sulawesi,Manufaktur,Genset (Generator Set),3,293020733,879062199,Won (Berhasil),879062199
TRX-21057,2023-03-19,Jawa,Logistik & Gudang,Tractor Agrikultur,4,1245698919,4982795676,Lost (Gagal),0
TRX-21029,2021-11-24,Sulawesi,Konstruksi,Forklift,1,520701104,520701104,In Progress,0
TRX-22279,2021-01-24,Sumatera,Konstruksi,Tractor Agrikultur,2,1262160546,2524321092,Won (Berhasil),2524321092
TRX-20601,2022-10-12,Papua,Perkebunan,Genset (Generator Set),3,437344811,1312034433,Lost (Gagal),0
TRX-22204,2022-09-27,Kalimantan,Pertambangan,Tractor Agrikultur,1,1455626595,1455626595,Won (Berhasil),1455626595
TRX-22710,2021-05-05,Sumatera,Konstruksi,Tractor Agrikultur,1,1376828682,1376828682,Lost (Gagal),0
TRX-21845,2023-06-15,Papua,Perkebunan,Excavator,2,2439481868,4878963736,Lost (Gagal),0
TRX-22671,2021-05-17,Jawa,Manufaktur,Genset (Generator Set),2,160348964,320697928,Won (Berhasil),320697928
TRX-21626,2021-08-19,Sumatera,Konstruksi,Forklip,1,2613498660,2613498660,Lost (Gagal),0
TRX-20436,2022-01-07,Jawa,Logistik & Gudang,Tractor Agrikultur,5,1365757502,6828787510,Won (Berhasil),6828787510
TRX-22174,2023-01-14,Jawa,Perkebunan,Tractor Agrikultur,1,1291006384,1291006384,Lost (Gagal),0
TRX-20120,2022-09-26,Jawa,Konstruksi,Forklift,1,287615016,287615016,In Progress,0
TRX-21525,2021-06-08,Sumatera,Pertambangan,Genset (Generator Set),3,465130223,1395390669,Won (Berhasil),1395390669
TRX-22885,2023-11-24,Sumatera,Manufaktur,Genset (Generator Set),1,168170031,168170031,In Progress,0
TRX-22610,2021-07-04,Sulawesi,Logistik & Gudang,Genset (Generator Set),1,201686247,201686247,Won (Berhasil),201686247
TRX-20765,2023-11-23,Sumatera,Logistik & Gudang,Forklift,1,316374141,316374141,Won (Berhasil),316374141
TRX-21777,2022-08-17,Papua,Konstruksi,Genset (Generator Set),5,433606814,2168034070,In Progress,0
TRX-20313,2023-10-18,Papua,Konstruksi,Tractor Agrikultur,1,1454607687,1454607687,In Progress,0
TRX-21034,2021-12-19,Kalimantan,Pertambangan,Genset (Generator Set),3,302386830,907160490,Won (Berhasil),907160490
TRX-20233,2022-12-08,Kalimantan,Pertambangan,Genset (Generator Set),2,431225033,862450066,Lost (Gagal),0
TRX-22870,2023-05-06,Jawa,Pertambangan,Tractor Agrikultur,5,1030549984,5152749920,In Progress,0
TRX-21003,2023-03-17,Sumatera,Pertambangan,Forklift,5,246948060,1234740300,Won (Berhasil),1234740300
TRX-22982,2022-01-11,Jawa,Konstruksi,Tractor Agrikultur,5,1373625546,6868127730,Lost (Gagal),0
TRX-22881,2021-05-15,Papua,Logistik & Gudang,Tractor Agrikultur,5,1158607676,5793038380,Won (Berhasil),5793038380
TRX-21288,2022-08-19,Sumatera,Manufaktur,Genset (Generator Set),1,122091992,122091992,Won (Berhasil),122091992
TRX-20111,2022-09-18,Kalimantan,Pertambangan,Tractor Agrikultur,1,1170696201,1170696201,Won (Berhasil),1170696201
TRX-21251,2023-02-13,Papua,Manufaktur,Tractor Agrikultur,3,1455191264,4365573792,Lost (Gagal),0
TRX-21190,2021-10-14,,Logistik & Gudang,Excavator,2,2889328171,5778656342,Won (Berhasil),5778656342
TRX-20410,2022-05-01,Papua,Pertambangan,Excavator,2,2263503502,4527007004,Won (Berhasil),4527007004
TRX-20218,2021-09-09,,Perkebunan,Forklift,3,571787035,1715361105,Won (Berhasil),1715361105
TRX-22356,2022-05-12,Papua,Logistik & Gudang,Forklift,2,396440324,792880648,Won (Berhasil),792880648
TRX-20761,2022-10-21,Jawa,Logistik & Gudang,Tractor Agrikultur,5,874046937,4370234685,Lost (Gagal),0
TRX-21467,2023-02-05,Sumatera,Perkebunan,Forklift,5,488505649,2442528245,Won (Berhasil),2442528245
TRX-21509,2021-10-06,Papua,Pertambangan,Genset (Generator Set),4,400973138,1603892552,Won (Berhasil),1603892552
TRX-20693,2023-02-20,Sumatera,Konstruksi,Excavator,2,2705751493,5411502986,Won (Berhasil),5411502986
TRX-20472,2022-05-08,Papua,Konstruksi,Excavator,2,1876739863,3753479726,Won (Berhasil),3753479726
TRX-20897,2023-12-11,,Perkebunan,Forklift,5,238955491,1194777455,Lost (Gagal),0
TRX-21564,2021-11-09,Jawa,Konstruksi,Excavator,2,1629816994,3259633988,Won (Berhasil),3259633988
TRX-22216,2023-11-09,Jawa,Manufaktur,Forklift,3,272766546,818299638,Won (Berhasil),818299638
TRX-20862,2022-05-15,Kalimantan,Pertambangan,Forklift,5,573791493,2868957465,Lost (Gagal),0
TRX-22045,2022-10-01,Sumatera,Perkebunan,Genset (Generator Set),3,440635534,1321906602,Lost (Gagal),0
TRX-21950,2022-08-12,Kalimantan,Konstruksi,Excavator,1,2260770900,2260770900,Won (Berhasil),2260770900
TRX-21677,2022-01-17,Jawa,Manufaktur,Tractor Agrikultur,3,1169950304,3509850912,Lost (Gagal),0
TRX-22009,2021-04-16,Kalimantan,Perkebunan,Tractor Agrikultur,4,1430215343,5720861372,Won (Berhasil),5720861372
TRX-21220,2022-05-23,Sulawesi,Pertambangan,Forklift,4,250053701,1000214804,Lost (Gagal),0
TRX-20361,2023-02-15,Papua,Pertambangan,Genset (Generator Set),2,495829089,991658178,In Progress,0
TRX-20135,2023-10-19,Jawa,Konstruksi,Excavator,1,2246203448,2246203448,Won (Berhasil),2246203448
TRX-22725,2023-02-14,Papua,Pertambangan,Excavator,1,1929629950,1929629950,Lost (Gagal),0
TRX-22202,2022-07-04,Jawa,Perkebunan,Forklift,4,527697015,2110788060,Won (Berhasil),2110788060
TRX-20764,2021-02-01,Kalimantan,Pertambangan,Genset (Generator Set),4,323873681,1295494724,Won (Berhasil),1295494724
TRX-22293,2023-01-24,Sumatera,Perkebunan,Tractor Agrikultur,5,1287443817,6437219085,In Progress,0
TRX-20366,2021-01-09,Papua,Pertambangan,Genset (Generator Set),3,247351132,742053396,In Progress,0
TRX-20979,2021-07-06,Jawa,Perkebunan,Forklift,3,294061124,882183372,In Progress,0
TRX-20029,2021-03-12,Sulawesi,Perkebunan,Excavator,1,2519692898,2519692898,Won (Berhasil),2519692898
TRX-22542,2022-10-06,Papua,Pertambangan,Excavator,1,1892691975,1892691975,Lost (Gagal),0
TRX-20022,2022-02-06,Papua,Perkebunan,Excavator,1,2426073387,2426073387,Lost (Gagal),0
TRX-21929,2022-01-28,Sulawesi,Pertambangan,Forklift,4,212429667,849718668,Won (Berhasil),849718668
TRX-20869,2021-07-06,Papua,Pertambangan,Forklift,4,546597033,2186388132,Lost (Gagal),0
TRX-20926,2021-11-22,Sulawesi,Manufaktur,Tractor Agrikultur,4,1070121922,4280487688,Lost (Gagal),0
TRX-20420,2023-01-15,Kalimantan,Pertambangan,Tractor Agrikultur,1,1428834231,1428834231,In Progress,0
TRX-21442,2021-02-06,Kalimantan,Pertambangan,Ekskavator,2,1044549513,2089099026,Won (Berhasil),2089099026
TRX-20460,2021-01-06,Kalimantan,Pertambangan,Genset (Generator Set),1,243356702,243356702,In Progress,0
TRX-20043,2021-08-24,Sumatera,Perkebunan,Forklift,5,295134369,1475671845,Won (Berhasil),1475671845
TRX-20087,2023-05-01,Kalimantan,Pertambangan,Genset (Generator Set),4,458905208,1835620832,Lost (Gagal),0
TRX-22347,2022-08-25,Papua,Pertambangan,Genset (Generator Set),1,370485855,370485855,Won (Berhasil),370485855
TRX-22981,2022-11-21,Kalimantan,Pertambangan,Genset (Generator Set),5,406417722,2032088610,Won (Berhasil),2032088610
TRX-20282,2021-07-28,Papua,Pertambangan,Tractor Agrikultur,2,1230193774,2460387548,Lost (Gagal),0
TRX-20976,2023-06-13,Kalimantan,Konstruksi,Tractor Agrikultur,3,1231046733,3693140199,Lost (Gagal),0
TRX-20598,2022-07-15,Sulawesi,Pertambangan,Tractor Agrikultur,5,1265475638,6327378190,Lost (Gagal),0
TRX-20685,2022-08-20,Jawa,Manufaktur,Genset (Generator Set),5,486536993,2432684965,Won (Berhasil),2432684965
TRX-22894,2021-01-07,Kalimantan,Perkebunan,Genset (Generator Set),1,263361562,263361562,Lost (Gagal),0
TRX-21374,2021-04-09,Kalimantan,Pertambangan,Excavator,2,2257280025,4514560050,Won (Berhasil),4514560050
TRX-20533,2021-11-18,Sumatera,Perkebunan,Forklift,4,276357736,1105430944,Won (Berhasil),1105430944
TRX-21134,2021-10-04,Papua,Konstruksi,Tractor Agrikultur,4,1223632112,4894528448,Won (Berhasil),4894528448
TRX-22647,2023-06-16,Sulawesi,Pertambangan,Genset (Generator Set),1,309032752,309032752,Lost (Gagal),0
TRX-22446,2023-09-20,Sumatera,Perkebunan,Genset (Generator Set),5,421577663,2107888315,Won (Berhasil),2107888315
TRX-22429,2021-09-10,Jawa,Pertambangan,Forklift,2,286678429,573356858,In Progress,0
TRX-22147,2022-12-27,Sulawesi,Konstruksi,Genset (Generator Set),1,318971290,318971290,Won (Berhasil),318971290
TRX-21326,2022-06-26,Papua,Logistik & Gudang,Forklift,1,413167362,413167362,Won (Berhasil),413167362
TRX-22129,2021-02-15,Kalimantan,,Tractor Agrikultur,4,1485674363,5942697452,Won (Berhasil),5942697452
TRX-22669,2023-01-05,Papua,Pertambangan,Tractor Agrikultur,4,1411303745,5645214980,Won (Berhasil),5645214980
TRX-22602,2021-07-02,Kalimantan,Konstruksi,Excavator,2,1889978071,3779956142,In Progress,0
TRX-21036,2021-05-18,Jawa,Pertambangan,Tractor Agrikultur,1,1181416464,1181416464,Won (Berhasil),1181416464
TRX-21543,2022-05-11,Jawa,Manufaktur,Tractor Agrikultur,4,1312097897,5248391588,Lost (Gagal),0
TRX-22226,2023-09-25,Kalimantan,Pertambangan,Genset (Generator Set),5,244636796,1223183980,Won (Berhasil),1223183980
TRX-20679,2021-10-23,Jawa,Pertambangan,Forklift,4,574210975,2296843900,Lost (Gagal),0
TRX-21399,2023-12-05,Sulawesi,Perkebunan,Tractor Agrikultur,5,1129271811,5646359055,Lost (Gagal),0
TRX-20221,2022-01-19,Sumatera,Perkebunan,Genset (Generator Set),3,446373816,1339121448,Won (Berhasil),1339121448
TRX-20543,2021-05-21,Papua,Perkebunan,Excavator,1,1710709359,1710709359,Won (Berhasil),1710709359
TRX-21263,2022-09-08,Sumatera,Manufaktur,Forklift,3,466011469,1398034407,Lost (Gagal),0
TRX-22176,2023-05-08,Sumatera,Perkebunan,Tractor Agrikultur,3,996167950,2988503850,Won (Berhasil),2988503850
TRX-21178,2021-01-29,Sumatera,Perkebunan,Excavator,2,2132122510,4264245020,Won (Berhasil),4264245020
TRX-20582,2023-09-18,Sumatera,Perkebunan,Forklift,2,527134973,1054269946,Won (Berhasil),1054269946
TRX-21278,2021-03-26,Sumatera,Perkebunan,Excavator,1,1709501022,1709501022,Lost (Gagal),0
TRX-21453,2021-12-22,Sulawesi,Perkebunan,Tractor Agrikultur,2,1445193715,2890387430,In Progress,0
TRX-20718,2023-07-16,Sulawesi,Perkebunan,Excavator,2,2921015235,5842030470,Lost (Gagal),0
TRX-22102,2021-10-11,Kalimantan,,Forklift,4,469488833,1877955332,Won (Berhasil),1877955332
TRX-20676,2021-11-21,Sumatera,Perkebunan,Forklift,3,326511862,979535586,Won (Berhasil),979535586
TRX-22144,2021-05-16,Jawa,Konstruksi,Tractor Agrikultur,4,1348420444,5393681776,Won (Berhasil),5393681776
TRX-20272,2023-05-13,Sumatera,Perkebunan,Ekskavator,2,921699152,1843398304,Lost (Gagal),0
TRX-20521,2022-02-13,Kalimantan,Pertambangan,Tractor Agrikultur,1,848705165,848705165,In Progress,0
TRX-21370,2023-04-14,Jawa,Konstruksi,Forklift,3,511860903,1535582709,Lost (Gagal),0
TRX-20978,2021-09-20,Papua,Konstruksi,Forklift,3,574787135,1724361405,Won (Berhasil),1724361405
TRX-21005,2022-03-22,Papua,Manufaktur,Excavator,2,1898802701,3797605402,Won (Berhasil),3797605402
TRX-20937,2021-08-22,Jawa,Manufaktur,Excavator,1,2890780693,2890780693,Won (Berhasil),2890780693
TRX-20350,2022-04-19,Sulawesi,Logistik & Gudang,Genset (Generator Set),3,333947717,1001843151,Lost (Gagal),0
TRX-21805,2022-11-14,Jawa,Perkebunan,Forklift,1,232147264,232147264,Lost (Gagal),0
TRX-21078,2021-06-06,Jawa,Perkebunan,Tractor Agrikultur,3,1202526500,3607579500,Won (Berhasil),3607579500
TRX-22652,2022-04-02,Sumatera,Perkebunan,Excavator,2,1610792380,3221584760,Won (Berhasil),3221584760
TRX-21338,2022-09-26,Kalimantan,Konstruksi,Genset (Generator Set),2,274884458,549768916,Won (Berhasil),549768916
TRX-22636,2023-11-20,Papua,Pertambangan,Genset (Generator Set),4,134235570,536942280,Lost (Gagal),0
TRX-22513,2022-10-24,Sulawesi,Logistik & Gudang,Tractor Agrikultur,1,871379078,871379078,Won (Berhasil),871379078
TRX-22494,2022-02-05,Sumatera,Perkebunan,Forklift,2,469603594,939207188,Won (Berhasil),939207188
TRX-21330,2022-09-24,Papua,Manufaktur,Genset (Generator Set),1,459468055,459468055,Won (Berhasil),459468055
TRX-22539,2022-10-18,,Pertambangan,Forklift,5,517646863,2588234315,Won (Berhasil),2588234315
TRX-20168,2023-05-04,Kalimantan,Perkebunan,Genset (Generator Set),1,240477780,240477780,Lost (Gagal),0
TRX-20965,2023-03-11,Sulawesi,Konstruksi,Tractor Agrikultur,3,1027346806,3082040418,Won (Berhasil),3082040418
TRX-21840,2021-11-30,Sulawesi,Konstruksi,Genset (Generator Set),4,294413618,1177654472,In Progress,0
TRX-21321,2021-11-27,Jawa,Logistik & Gudang,Excavator,2,2883419917,5766839834,In Progress,0
TRX-22404,2021-02-02,Sumatera,Logistik & Gudang,Forklift,2,364778883,729557766,Lost (Gagal),0
TRX-21918,2022-11-11,Papua,Konstruksi,Forklift,2,455947344,911894688,Lost (Gagal),0
TRX-22188,2022-10-02,Sumatera,Pertambangan,Excavator,2,1668209136,3336418272,Lost (Gagal),0
TRX-22529,2021-02-26,Sumatera,Perkebunan,Tractor Agrikultur,4,1063461626,4253846504,Won (Berhasil),4253846504
TRX-22269,2021-08-15,Sumatera,Logistik & Gudang,Tractor Agrikultur,3,880254293,2640762879,Lost (Gagal),0
TRX-21437,2021-12-11,,Konstruksi,Genset (Generator Set),4,408995367,1635981468,Lost (Gagal),0
TRX-20367,2021-01-20,Sumatera,Manufaktur,Genset (Generator Set),5,395669194,1978345970,Lost (Gagal),0
TRX-20845,2022-09-20,Jawa,Konstruksi,Forklift,2,537470496,1074940992,Lost (Gagal),0
TRX-22312,2023-09-17,Papua,Logistik & Gudang,Forklift,3,405661240,1216983720,Won (Berhasil),1216983720
TRX-21413,2023-09-09,Papua,Pertambangan,Genset (Generator Set),5,154857787,774288935,Lost (Gagal),0
TRX-21366,2021-08-24,Papua,Pertambangan,Tractor Agrikultur,3,1435806587,4307419761,Lost (Gagal),0
TRX-20351,2022-11-03,Sumatera,Logistik & Gudang,Excavator,1,2970717828,2970717828,Lost (Gagal),0
TRX-22779,2022-05-28,Kalimantan,Pertambangan,Excavator,2,2111611269,4223222538,In Progress,0
TRX-21188,2022-11-29,Jawa,Perkebunan,Excavator,1,2317129817,2317129817,Lost (Gagal),0
TRX-20887,2021-01-09,Jawa,Perkebunan,Excavator,2,2810770099,5621540198,Won (Berhasil),5621540198
TRX-21925,2022-10-20,Sumatera,Pertambangan,Genset (Generator Set),2,448490809,896981618,Lost (Gagal),0
TRX-22733,2023-07-15,Kalimantan,Logistik & Gudang,Forklift,3,378016878,1134050634,Won (Berhasil),1134050634
TRX-22407,2021-10-16,Sumatera,Perkebunan,Forklift,2,321682482,643364964,Lost (Gagal),0
TRX-20498,2022-08-04,Sulawesi,Pertambangan,Forklift,2,401425810,802851620,Won (Berhasil),802851620
TRX-21702,2022-05-23,Kalimantan,Pertambangan,Forklift,4,422203956,1688815824,In Progress,0
TRX-20210,2023-03-11,Sulawesi,Manufaktur,Genset (Generator Set),3,159942275,479826825,Lost (Gagal),0
TRX-22745,2021-01-20,Kalimantan,Konstruksi,Tractor Agrikultur,4,1165837787,4663351148,In Progress,0
TRX-21128,2023-10-28,Papua,Pertambangan,Forklift,4,473221009,1892884036,Won (Berhasil),1892884036
TRX-20227,2022-03-14,Sumatera,Perkebunan,Tractor Agrikultur,1,1458431599,1458431599,Won (Berhasil),1458431599
TRX-20365,2022-12-24,Papua,Pertambangan,Genset (Generator Set),1,322566439,322566439,Lost (Gagal),0
TRX-21876,2021-01-02,Sumatera,Perkebunan,Forklift,1,348070823,348070823,In Progress,0
TRX-21018,2023-09-30,Sumatera,Perkebunan,Tractor Agrikultur,3,1129260867,3387782601,Won (Berhasil),3387782601
TRX-22015,2023-08-15,Jawa,Konstruksi,Excavator,1,2776660033,2776660033,Won (Berhasil),2776660033
TRX-22812,2021-05-02,Sulawesi,Logistik & Gudang,Excavator,2,1512872470,3025744940,Won (Berhasil),3025744940
TRX-21598,2022-04-05,Sulawesi,Logistik & Gudang,Forklift,2,255105849,510211698,Won (Berhasil),510211698
TRX-20407,2022-02-26,Jawa,Logistik & Gudang,Excavator,1,1718538038,1718538038,Won (Berhasil),1718538038
TRX-22001,2022-07-12,Kalimantan,Konstruksi,Forklift,4,299756910,1199027640,Lost (Gagal),0
TRX-22134,2023-09-16,Sulawesi,Konstruksi,Tractor Agrikultur,4,952726003,3810904012,In Progress,0
TRX-22371,2021-09-28,Jawa,Perkebunan,Forklift,3,488147440,1464442320,Won (Berhasil),1464442320
TRX-21221,2022-05-21,Papua,Logistik & Gudang,Excavator,1,1520789582,1520789582,Won (Berhasil),1520789582
TRX-22260,2022-02-03,Kalimantan,,Excavator,2,1891822514,3783645028,Won (Berhasil),3783645028
TRX-22763,2021-03-14,Sulawesi,Manufaktur,Tractor Agrikultur,1,975546866,975546866,Lost (Gagal),0
TRX-21825,2021-06-14,Jawa,Pertambangan,Genset (Generator Set),2,301781403,603562806,Won (Berhasil),603562806
TRX-20007,2021-03-08,Sumatera,Perkebunan,Excavator,1,2949698287,2949698287,Won (Berhasil),2949698287
TRX-22179,2022-11-24,Papua,Pertambangan,Forklift,5,383833415,1919167075,Won (Berhasil),1919167075
TRX-22792,2023-01-17,Papua,Logistik & Gudang,Genset (Generator Set),1,383903439,383903439,Won (Berhasil),383903439
TRX-21972,2023-01-26,Sumatera,Manufaktur,Forklift,5,325488044,1627440220,Won (Berhasil),1627440220
TRX-20415,2021-11-13,Papua,Pertambangan,Tractor Agrikultur,3,1245147140,3735441420,Won (Berhasil),3735441420
TRX-21010,2021-05-23,Kalimantan,Pertambangan,Tractor Agrikultur,4,1232364021,4929456084,Won (Berhasil),4929456084
TRX-20746,2021-03-25,Papua,Manufaktur,Forklift,4,501069465,2004277860,Won (Berhasil),2004277860
TRX-22858,2023-11-01,Papua,Pertambangan,Excavator,2,2442304835,4884609670,Lost (Gagal),0
TRX-21985,2023-02-16,Papua,Pertambangan,Forklift,4,529904422,2119617688,Won (Berhasil),2119617688
TRX-20199,2023-01-30,Sumatera,Perkebunan,Tractor Agrikultur,1,1443366128,1443366128,Won (Berhasil),1443366128
TRX-20283,2023-01-11,Jawa,Manufaktur,Tractor Agrikultur,4,1010458694,4041834776,Won (Berhasil),4041834776
TRX-20231,2022-04-25,Kalimantan,Pertambangan,Forklift,5,265442717,1327213585,Won (Berhasil),1327213585
TRX-21910,2022-03-25,Kalimantan,Pertambangan,Forklift,5,575526128,2877630640,In Progress,0
TRX-21011,2023-03-23,Sumatera,Perkebunan,Tractor Agrikultur,4,1241298752,4965195008,Won (Berhasil),4965195008
TRX-20096,2023-01-01,Sumatera,Perkebunan,Genset (Generator Set),1,352674251,352674251,Won (Berhasil),352674251
TRX-21412,2021-07-04,Jawa,Konstruksi,Genset (Generator Set),2,493117215,986234430,Won (Berhasil),986234430
TRX-22993,2022-10-01,Jawa,Perkebunan,Excavator,2,2802825545,5605651090,Lost (Gagal),0
TRX-21988,2023-10-17,Jawa,Perkebunan,Excavator,1,2597425694,2597425694,Won (Berhasil),2597425694
TRX-22483,2023-12-17,Sulawesi,Konstruksi,Forklift,1,395323842,395323842,Lost (Gagal),0
TRX-21936,2023-05-19,Sulawesi,Pertambangan,Tractor Agrikultur,3,916818592,2750455776,In Progress,0
TRX-21532,2022-04-15,Sulawesi,Logistik & Gudang,Tractor Agrikultur,3,1141760155,3425280465,In Progress,0
TRX-22910,2022-10-02,Sulawesi,Pertambangan,Forklift,2,595026450,1190052900,Lost (Gagal),0
TRX-22630,2023-11-01,Jawa,Manufaktur,Forklift,2,468725305,937450610,Won (Berhasil),937450610
TRX-21465,2022-05-25,Papua,Pertambangan,Ekskavator,3,1166487600,3499462800,In Progress,0
TRX-21448,2021-03-11,Jawa,Konstruksi,Excavator,1,2659573380,2659573380,Won (Berhasil),2659573380
TRX-20104,2022-01-30,Papua,Pertambangan,Genset (Generator Set),1,304813439,304813439,Won (Berhasil),304813439
TRX-22593,2021-09-01,Jawa,Pertambangan,Tractor Agrikultur,3,855198345,2565595035,Lost (Gagal),0
TRX-21100,2021-04-01,Kalimantan,Manufaktur,Excavator,1,1536405188,1536405188,In Progress,0
TRX-22291,2023-03-14,Jawa,Logistik & Gudang,Tractor Agrikultur,5,836228579,4181142895,Won (Berhasil),4181142895
TRX-22893,2021-01-11,Jawa,Manufaktur,Excavator,2,2238742062,4477484124,In Progress,0
TRX-21600,2021-03-09,Sulawesi,Logistik & Gudang,Genset (Generator Set),5,255915692,1279578460,Won (Berhasil),1279578460
TRX-22508,2023-11-29,Sumatera,Perkebunan,Forklift,2,467091702,934183404,Lost (Gagal),0
TRX-20776,2021-01-04,Sulawesi,Konstruksi,Excavator,2,1508487127,3016974254,Won (Berhasil),3016974254
TRX-20226,2022-10-09,Sulawesi,Pertambangan,Excavator,2,2133222447,4266444894,Won (Berhasil),4266444894
TRX-21272,2023-01-15,Jawa,Logistik & Gudang,Genset (Generator Set),1,373694157,373694157,Won (Berhasil),373694157
TRX-22334,2021-05-28,Sulawesi,Pertambangan,Genset (Generator Set),4,420789940,1683159760,Lost (Gagal),0
TRX-21588,2022-07-12,,Manufaktur,Forklift,2,324095371,648190742,Won (Berhasil),648190742
TRX-22110,2023-02-17,Sumatera,Konstruksi,Excavator,1,1587964849,1587964849,Lost (Gagal),0
TRX-22452,2023-09-07,Sulawesi,Perkebunan,Tractor Agrikultur,3,1083900244,3251700732,Won (Berhasil),3251700732
TRX-21073,2023-02-16,Papua,Logistik & Gudang,Forklift,5,325033259,1625166295,Lost (Gagal),0
TRX-20700,2022-07-19,Sumatera,Manufaktur,Tractor Agrikultur,1,1360762287,1360762287,Won (Berhasil),1360762287
TRX-21135,2021-07-15,Papua,Konstruksi,Excavator,1,1659851394,1659851394,Lost (Gagal),0
TRX-22832,2023-04-04,Sulawesi,Logistik & Gudang,Excavator,2,1701537368,3403074736,Lost (Gagal),0
TRX-22800,2021-01-20,Kalimantan,Pertambangan,Genset (Generator Set),2,377107120,754214240,Lost (Gagal),0
TRX-20464,2022-10-08,Jawa,Perkebunan,Forklift,5,205689660,1028448300,Won (Berhasil),1028448300
TRX-20847,2023-06-06,Papua,Perkebunan,Forklift,3,414395868,1243187604,Won (Berhasil),1243187604
TRX-20755,2021-08-14,Sumatera,Logistik & Gudang,Tractor Agrikultur,5,1309673984,6548369920,Lost (Gagal),0
TRX-22994,2021-05-14,Papua,Pertambangan,Forklift,2,533362204,1066724408,Won (Berhasil),1066724408
TRX-21334,2022-12-10,Kalimantan,Konstruksi,Forklift,3,400771072,1202313216,Won (Berhasil),1202313216
TRX-22714,2022-01-07,Sumatera,Pertambangan,Tractor Agrikultur,4,1482966566,5931866264,Lost (Gagal),0
TRX-22241,2023-06-09,Kalimantan,Pertambangan,Forklift,3,349676922,1049030766,Lost (Gagal),0
TRX-22022,2022-07-19,Jawa,Manufaktur,Excavator,1,2583966373,2583966373,Lost (Gagal),0
TRX-20212,2021-12-04,Jawa,Manufaktur,Tractor Agrikultur,5,954329432,4771647160,In Progress,0
TRX-20012,2021-03-22,Sulawesi,Pertambangan,Forklift,4,382250213,1529000852,Won (Berhasil),1529000852
TRX-22951,2022-12-16,Papua,Pertambangan,Tractor Agrikultur,2,966933138,1933866276,Won (Berhasil),1933866276
TRX-20422,2022-08-29,Sumatera,Logistik & Gudang,Tractor Agrikultur,2,1146694703,2293389406,Lost (Gagal),0
TRX-21651,2022-09-10,Jawa,Manufaktur,Excavator,1,2480284631,2480284631,Won (Berhasil),2480284631
TRX-22020,2021-10-30,Papua,Pertambangan,Excavator,2,2540009440,5080018880,Won (Berhasil),5080018880
TRX-22890,2023-12-16,Sumatera,Pertambangan,Tractor Agrikultur,5,1231309634,6156548170,Won (Berhasil),6156548170
TRX-22474,2023-12-13,Kalimantan,Pertambangan,Excavator,1,2438516135,2438516135,Won (Berhasil),2438516135
TRX-22683,2021-10-05,Jawa,Pertambangan,Tractor Agrikultur,4,1124467046,4497868184,Won (Berhasil),4497868184
TRX-22477,2023-11-05,Sulawesi,Perkebunan,Tractor Agrikultur,5,1100364995,5501824975,Lost (Gagal),0
TRX-21093,2022-07-20,Sulawesi,Perkebunan,Excavator,1,2908542630,2908542630,Won (Berhasil),2908542630
TRX-21730,2023-05-25,Sulawesi,Pertambangan,Forklift,5,402840459,2014202295,Won (Berhasil),2014202295
TRX-22183,2022-01-10,Jawa,Pertambangan,Genset (Generator Set),2,243969517,487939034,Lost (Gagal),0
TRX-20509,2023-02-23,Sumatera,Perkebunan,Excavator,2,2416608974,4833217948,Won (Berhasil),4833217948
TRX-20644,2023-10-17,Kalimantan,Pertambangan,Genset (Generator Set),1,265870287,265870287,Won (Berhasil),265870287
TRX-20597,2021-09-17,Kalimantan,Pertambangan,Genset (Generator Set),5,204948359,1024741795,Won (Berhasil),1024741795
TRX-22614,2023-11-10,Sumatera,Perkebunan,Genset (Generator Set),2,251428529,502857058,Lost (Gagal),0
TRX-20798,2022-12-16,Kalimantan,Pertambangan,Tractor Agrikultur,5,1307069316,6535346580,Won (Berhasil),6535346580
TRX-22806,2021-05-09,Jawa,Pertambangan,Genset (Generator Set),5,242052895,1210264475,Won (Berhasil),1210264475
TRX-22687,2021-09-16,Sumatera,Manufaktur,Tractor Agrikultur,2,933221518,1866443036,Won (Berhasil),1866443036
TRX-20518,2022-07-23,Papua,Perkebunan,Genset (Generator Set),4,235267974,941071896,Lost (Gagal),0
TRX-20912,2022-09-29,Papua,Pertambangan,Genset (Generator Set),1,237671023,237671023,Won (Berhasil),237671023
TRX-20573,2022-07-31,Sulawesi,Logistik & Gudang,Forklift,2,245703899,491407798,Lost (Gagal),0
TRX-22977,2021-03-16,Jawa,Pertambangan,Tractor Agrikultur,4,1287942143,5151768572,Won (Berhasil),5151768572
TRX-22770,2023-08-18,Sumatera,Perkebunan,Tractor Agrikultur,3,943192602,2829577806,Won (Berhasil),2829577806
TRX-21392,2023-08-21,Jawa,Manufaktur,Tractor Agrikultur,5,1489456374,7447281870,Won (Berhasil),7447281870
TRX-22028,2022-07-13,Papua,Pertambangan,Forklift,4,563155154,2252620616,Won (Berhasil),2252620616
TRX-21800,2022-01-05,Sulawesi,Perkebunan,Genset (Generator Set),4,411173664,1644694656,Won (Berhasil),1644694656
TRX-22487,2022-03-19,Sumatera,Pertambangan,Forklift,5,238113711,1190568555,In Progress,0
TRX-21488,2021-03-17,Sulawesi,Logistik & Gudang,Excavator,2,1810674109,3621348218,Won (Berhasil),3621348218
TRX-20123,2021-02-02,Sulawesi,Perkebunan,Excavator,1,1647455872,1647455872,Lost (Gagal),0
TRX-21228,2022-05-03,Jawa,Konstruksi,Excavator,1,1992298259,1992298259,Won (Berhasil),1992298259
TRX-20220,2022-02-13,Kalimantan,Manufaktur,Tractor Agrikultur,3,912338629,2737015887,Won (Berhasil),2737015887
TRX-22955,2023-08-23,Sumatera,Manufaktur,Forklift,2,450022504,900045008,Won (Berhasil),900045008
TRX-20358,2021-08-25,Jawa,Logistik & Gudang,Forklift,4,392145829,1568583316,Won (Berhasil),1568583316
TRX-21606,2023-10-22,Papua,Pertambangan,Excavator,2,1957579931,3915159862,Won (Berhasil),3915159862
TRX-21862,2023-06-15,Jawa,Pertambangan,Forklift,1,407270071,407270071,Lost (Gagal),0
TRX-22425,2021-10-04,Sumatera,Konstruksi,Tractor Agrikultur,3,828507485,2485522455,Won (Berhasil),2485522455
TRX-20259,2022-12-21,Sumatera,Perkebunan,Genset (Generator Set),1,277625620,277625620,Lost (Gagal),0
TRX-22817,2022-08-23,Jawa,Konstruksi,Tractor Agrikultur,3,1089272647,3267817941,Won (Berhasil),3267817941
TRX-20871,2021-01-26,Papua,Pertambangan,Tractor Agrikultur,2,897782623,1795565246,Won (Berhasil),1795565246
TRX-22430,2023-08-13,Kalimantan,Pertambangan,Tractor Agrikultur,3,1000893057,3002679171,Won (Berhasil),3002679171
TRX-21642,2023-05-06,Kalimantan,Perkebunan,Forklift,3,554475809,1663427427,Lost (Gagal),0
TRX-21987,2022-06-27,Sulawesi,Manufaktur,Excavator,1,2483053599,2483053599,Won (Berhasil),2483053599
TRX-22496,2021-10-09,Jawa,Perkebunan,Tractor Agrikultur,1,1184594400,1184594400,Won (Berhasil),1184594400
TRX-22420,2022-01-21,Papua,Pertambangan,Excavator,2,2705282775,5410565550,Won (Berhasil),5410565550
TRX-21551,2021-11-30,Sumatera,Perkebunan,Genset (Generator Set),2,470956409,941912818,Won (Berhasil),941912818
TRX-22840,2022-09-21,Sumatera,Perkebunan,Genset (Generator Set),2,420772357,841544714,Won (Berhasil),841544714
TRX-22761,2021-11-08,Kalimantan,Logistik & Gudang,Genset (Generator Set),5,458446682,2292233410,Won (Berhasil),2292233410
TRX-22362,2022-02-27,Sulawesi,Pertambangan,Tractor Agrikultur,3,1060374963,3181124889,Won (Berhasil),3181124889
TRX-20456,2021-06-07,Jawa,Manufaktur,Excavator,1,2041645673,2041645673,Won (Berhasil),2041645673
TRX-20462,2023-05-27,Sulawesi,Pertambangan,Forklift,4,337284420,1349137680,Lost (Gagal),0
TRX-22259,2021-11-12,Papua,,Excavator,1,1997845883,1997845883,Won (Berhasil),1997845883
TRX-20785,2023-11-02,Papua,Pertambangan,Forklift,3,243741761,731225283,Won (Berhasil),731225283
TRX-21562,2022-09-26,Sulawesi,Perkebunan,Genset (Generator Set),5,233447083,1167235415,Lost (Gagal),0
TRX-20381,2021-12-09,Papua,Pertambangan,Forklift,4,400556080,1602224320,Won (Berhasil),1602224320
TRX-21866,2023-07-20,Sulawesi,Konstruksi,Tractor Agrikultur,2,1138856351,2277712702,Won (Berhasil),2277712702
TRX-22149,2023-01-03,Sulawesi,Pertambangan,Tractor Agrikultur,2,1363139264,2726278528,Lost (Gagal),0
TRX-21261,2021-04-11,Sumatera,Pertambangan,Excavator,1,2833318640,2833318640,In Progress,0
TRX-21600,2021-03-09,Sulawesi,Logistik & Gudang,Genset (Generator Set),5,255915692,1279578460,Won (Berhasil),1279578460
TRX-21697,2023-04-08,Sulawesi,Manufaktur,Excavator,1,2346088319,2346088319,Won (Berhasil),2346088319
TRX-21454,2023-05-26,Papua,Pertambangan,Forklift,1,230301754,230301754,Lost (Gagal),0
TRX-20838,2021-05-14,Papua,Konstruksi,Excavator,1,2210992277,2210992277,Lost (Gagal),0
TRX-21299,2021-11-25,Sulawesi,Manufaktur,Genset (Generator Set),5,240664441,1203322205,Won (Berhasil),1203322205
TRX-21053,2021-08-10,,Pertambangan,Forklift,4,538565911,2154263644,In Progress,0
TRX-21080,2023-07-27,Jawa,Logistik & Gudang,Tractor Agrikultur,2,1026326434,2052652868,Won (Berhasil),2052652868
TRX-21738,2023-11-18,Jawa,Manufaktur,Forklift,2,471003520,942007040,Won (Berhasil),942007040
TRX-21477,2023-07-08,Papua,Manufaktur,Tractor Agrikultur,3,1037220337,3111661011,Lost (Gagal),0
TRX-22397,2023-02-06,Sulawesi,Konstruksi,Genset (Generator Set),3,117033400,351100200,Won (Berhasil),351100200
TRX-20296,2023-05-09,Sulawesi,Perkebunan,Genset (Generator Set),3,241191929,723575787,Lost (Gagal),0
TRX-21533,2023-11-06,Papua,Pertambangan,Tractor Agrikultur,3,1170570133,3511710399,In Progress,0
TRX-21233,2023-03-14,Sumatera,Pertambangan,Genset (Generator Set),1,237474708,237474708,Won (Berhasil),237474708
TRX-20542,2023-11-16,Kalimantan,Perkebunan,Tractor Agrikultur,1,1368832328,1368832328,Lost (Gagal),0
TRX-21292,2022-10-30,Jawa,,Genset (Generator Set),1,464690342,464690342,Lost (Gagal),0
TRX-21317,2022-10-15,Sulawesi,Perkebunan,Forklift,2,281608749,563217498,Won (Berhasil),563217498
TRX-21229,2021-07-12,Sumatera,Perkebunan,Genset (Generator Set),1,125547059,125547059,Won (Berhasil),125547059
TRX-21842,2022-10-24,Kalimantan,Konstruksi,Genset (Generator Set),2,188972682,377945364,Won (Berhasil),377945364
TRX-21117,2023-06-29,Papua,Manufaktur,Forklift,1,277687767,277687767,Won (Berhasil),277687767
TRX-22459,2022-02-09,Papua,Logistik & Gudang,Forklift,3,343344600,1030033800,Lost (Gagal),0
TRX-22272,2022-11-13,Sulawesi,Logistik & Gudang,Genset (Generator Set),1,370528522,370528522,Lost (Gagal),0
TRX-22872,2022-07-05,Jawa,Perkebunan,Excavator,1,2284839845,2284839845,Won (Berhasil),2284839845
TRX-22727,2022-09-16,Sulawesi,Pertambangan,Tractor Agrikultur,5,1227087128,6135435640,Won (Berhasil),6135435640
TRX-22941,2021-03-12,Sumatera,Perkebunan,Excavator,1,2634625633,2634625633,Lost (Gagal),0
TRX-21767,2023-10-23,Jawa,Pertambangan,Excavator,2,2493717193,4987434386,Won (Berhasil),4987434386
TRX-22645,2022-07-26,Kalimantan,Konstruksi,Tractor Agrikultur,2,1124357366,2248714732,Won (Berhasil),2248714732
TRX-22458,2021-06-03,Papua,Logistik & Gudang,Genset (Generator Set),1,457775205,457775205,Won (Berhasil),457775205
TRX-21752,2023-09-04,Papua,Pertambangan,Forklip,3,347698062,1043094186,Won (Berhasil),1043094186
TRX-22681,2022-10-25,Sumatera,Manufaktur,Tractor Agrikultur,2,1078675963,2157351926,Won (Berhasil),2157351926
TRX-20435,2022-07-25,Jawa,Manufaktur,Genset (Generator Set),4,268481480,1073925920,Lost (Gagal),0
TRX-21411,2023-03-13,Kalimantan,Konstruksi,Tractor Agrikultur,4,1192250328,4769001312,Won (Berhasil),4769001312
TRX-20237,2021-12-18,Kalimantan,Manufaktur,Excavator,1,1745594327,1745594327,In Progress,0
TRX-21055,2023-01-04,Papua,Pertambangan,Tractor Agrikultur,4,1189136105,4756544420,In Progress,0
TRX-20109,2021-01-11,Sumatera,Konstruksi,Forklift,5,338423865,1692119325,Won (Berhasil),1692119325
TRX-20781,2023-05-13,Sulawesi,Manufaktur,Genset (Generator Set),2,134941689,269883378,Won (Berhasil),269883378
TRX-22089,2022-01-08,Papua,Pertambangan,Genset (Generator Set),5,492858985,2464294925,Won (Berhasil),2464294925
TRX-20163,2022-11-07,Kalimantan,Pertambangan,Tractor Agrikultur,2,906442307,1812884614,In Progress,0
TRX-20288,2023-09-01,Papua,Konstruksi,Tractor Agrikultur,2,1067296514,2134593028,Won (Berhasil),2134593028
TRX-20252,2022-11-09,Kalimantan,Konstruksi,Forklift,1,500966115,500966115,Won (Berhasil),500966115
TRX-22132,2021-05-24,Sulawesi,Perkebunan,Excavator,1,2719789271,2719789271,Won (Berhasil),2719789271
TRX-22051,2022-02-21,Kalimantan,Manufaktur,Forklift,5,590525017,2952625085,Won (Berhasil),2952625085
TRX-20767,2021-05-06,Kalimantan,Pertambangan,Tractor Agrikultur,4,859082846,3436331384,Won (Berhasil),3436331384
TRX-20787,2022-10-26,Jawa,Manufaktur,Genset (Generator Set),4,296221478,1184885912,Won (Berhasil),1184885912
TRX-21352,2023-10-16,Kalimantan,Pertambangan,Tractor Agrikultur,3,807475897,2422427691,Won (Berhasil),2422427691
TRX-21578,2021-01-01,Papua,Pertambangan,Genset (Generator Set),5,317782009,1588910045,Lost (Gagal),0
TRX-22964,2021-02-14,Sulawesi,Konstruksi,Genset (Generator Set),3,318292900,954878700,Won (Berhasil),954878700
TRX-22828,2021-05-04,Jawa,Konstruksi,Forklift,3,521564804,1564694412,Won (Berhasil),1564694412
TRX-21457,2022-09-15,Kalimantan,Pertambangan,Genset (Generator Set),1,335086577,335086577,Won (Berhasil),335086577
TRX-22370,2023-08-25,Jawa,Pertambangan,Excavator,1,2881654658,2881654658,Won (Berhasil),2881654658
TRX-21962,2022-05-22,Jawa,Perkebunan,Forklift,1,356166702,356166702,Lost (Gagal),0
TRX-22401,2021-04-14,Jawa,Pertambangan,Forklift,2,396411787,792823574,Won (Berhasil),792823574
TRX-22497,2023-06-01,Papua,Pertambangan,Tractor Agrikultur,4,1297979945,5191919780,Lost (Gagal),0
TRX-22865,2022-01-15,Papua,Pertambangan,Genset (Generator Set),1,110826411,110826411,Won (Berhasil),110826411
TRX-21032,2022-05-17,Jawa,Konstruksi,Genset (Generator Set),3,411977170,1235931510,In Progress,0
TRX-22437,2023-08-13,Jawa,Konstruksi,Genset (Generator Set),2,338534122,677068244,Won (Berhasil),677068244
TRX-20461,2022-07-15,Sulawesi,Pertambangan,Genset (Generator Set),5,147878761,739393805,Lost (Gagal),0
TRX-22464,2022-04-27,Kalimantan,Logistik & Gudang,Tractor Agrikultur,4,1402539077,5610156308,Won (Berhasil),5610156308
TRX-21503,2023-06-30,Sulawesi,Konstruksi,Excavator,2,1612627519,3225255038,In Progress,0
TRX-20157,2023-04-28,Kalimantan,Perkebunan,Forklift,1,408131198,408131198,Won (Berhasil),408131198
TRX-22571,2023-08-31,Jawa,Manufaktur,Excavator,1,1891090072,1891090072,Won (Berhasil),1891090072
TRX-21992,2022-06-20,Sulawesi,Konstruksi,Forklift,5,481311520,2406557600,Won (Berhasil),2406557600
TRX-21691,2023-03-18,Sulawesi,Konstruksi,Genset (Generator Set),3,283683645,851050935,Lost (Gagal),0
TRX-20677,2021-02-12,Papua,Konstruksi,Excavator,1,1987292467,1987292467,Won (Berhasil),1987292467
TRX-20644,2023-10-17,Kalimantan,Pertambangan,Genset (Generator Set),1,265870287,265870287,Won (Berhasil),265870287
TRX-22920,2021-12-21,Sulawesi,Perkebunan,Forklift,4,485610291,1942441164,Won (Berhasil),1942441164
TRX-20238,2023-06-16,Jawa,Konstruksi,Tractor Agrikultur,1,804997908,804997908,Won (Berhasil),804997908
TRX-21271,2023-12-21,Sulawesi,Perkebunan,Genset (Generator Set),1,102383329,102383329,In Progress,0
TRX-21769,2022-07-27,Jawa,Pertambangan,Excavator,2,2930123003,5860246006,In Progress,0
TRX-20243,2023-06-18,Sumatera,Perkebunan,Excavator,2,2572174410,5144348820,Won (Berhasil),5144348820
TRX-20100,2023-11-13,Sulawesi,Perkebunan,Excavator,1,2222725056,2222725056,Lost (Gagal),0
TRX-20315,2021-07-31,Papua,Manufaktur,Forklift,4,371098551,1484394204,Won (Berhasil),1484394204
TRX-20903,2022-04-28,Sumatera,Perkebunan,Genset (Generator Set),2,415750018,831500036,Won (Berhasil),831500036
TRX-21113,2022-08-09,Jawa,Pertambangan,Tractor Agrikultur,4,1448781629,5795126516,Won (Berhasil),5795126516
TRX-22379,2021-08-05,Sumatera,Logistik & Gudang,Genset (Generator Set),1,320583981,320583981,Won (Berhasil),320583981
TRX-21103,2021-12-15,Jawa,Konstruksi,Genset (Generator Set),1,332972239,332972239,Lost (Gagal),0
TRX-20261,2022-12-31,Sumatera,Perkebunan,Forklift,5,514485383,2572426915,Won (Berhasil),2572426915
TRX-22353,2022-09-25,Jawa,Pertambangan,Genset (Generator Set),2,426096944,852193888,Won (Berhasil),852193888
TRX-21718,2022-01-21,Sulawesi,Pertambangan,Excavator,2,1856287083,3712574166,Won (Berhasil),3712574166
TRX-20195,2023-10-09,Papua,Pertambangan,Excavator,1,2435730836,2435730836,Won (Berhasil),2435730836
TRX-21665,2021-03-10,Jawa,Manufaktur,Tractor Agrikultur,3,856989424,2570968272,In Progress,0
TRX-22468,2023-12-29,Sumatera,Perkebunan,Genset (Generator Set),4,213850908,855403632,Lost (Gagal),0
TRX-21811,2021-08-25,Sulawesi,Konstruksi,Excavator,1,2964120102,2964120102,Won (Berhasil),2964120102
TRX-20179,2023-03-17,Sulawesi,Konstruksi,Genset (Generator Set),4,340655220,1362620880,In Progress,0
TRX-22354,2023-10-03,Jawa,Perkebunan,Tractor Agrikultur,4,1381251311,5525005244,Lost (Gagal),0
TRX-20194,2021-06-27,Sumatera,Perkebunan,Forklift,1,340592959,340592959,Lost (Gagal),0
TRX-20929,2023-06-22,Jawa,Perkebunan,Genset (Generator Set),5,269595785,1347978925,Won (Berhasil),1347978925
TRX-20340,2021-01-27,Kalimantan,Pertambangan,Forklift,4,448749558,1794998232,Won (Berhasil),1794998232
TRX-22046,2022-07-11,Sulawesi,Manufaktur,Tractor Agrikultur,1,1149715062,1149715062,Won (Berhasil),1149715062
TRX-21225,2022-03-16,Sulawesi,Manufaktur,Tractor Agrikultur,4,1476957306,5907829224,Won (Berhasil),5907829224
TRX-20748,2023-05-03,Sumatera,Perkebunan,Tractor Agrikultur,5,1177036895,5885184475,Lost (Gagal),0
TRX-21123,2022-10-14,Papua,Konstruksi,Forklift,2,351837613,703675226,Lost (Gagal),0
TRX-20662,2022-12-21,Sulawesi,Konstruksi,Excavator,2,1623663651,3247327302,Lost (Gagal),0
TRX-20480,2021-05-27,Kalimantan,Konstruksi,Excavator,2,2855983970,5711967940,Won (Berhasil),5711967940
TRX-20803,2022-04-25,Sumatera,Perkebunan,Excavator,2,2463300948,4926601896,Lost (Gagal),0
TRX-22172,2022-05-19,Sulawesi,Manufaktur,Excavator,1,2364025302,2364025302,In Progress,0
TRX-21582,2021-01-24,Sulawesi,Perkebunan,Tractor Agrikultur,5,902425612,4512128060,Won (Berhasil),4512128060
TRX-21907,2022-04-25,Sulawesi,Logistik & Gudang,Excavator,1,2426234033,2426234033,Lost (Gagal),0
TRX-22473,2022-04-24,Sulawesi,Perkebunan,Genset (Generator Set),1,357084320,357084320,Won (Berhasil),357084320
TRX-20549,2023-07-07,Sumatera,Perkebunan,Genset (Generator Set),3,153679138,461037414,Lost (Gagal),0
TRX-21187,2021-03-26,Papua,Pertambangan,Genset (Generator Set),2,492380247,984760494,Won (Berhasil),984760494
TRX-20783,2023-06-07,Sulawesi,Logistik & Gudang,Forklift,3,573124699,1719374097,Lost (Gagal),0
TRX-22753,2023-10-15,Sulawesi,Manufaktur,Tractor Agrikultur,5,1316202250,6581011250,Lost (Gagal),0
TRX-21964,2021-10-04,Kalimantan,Konstruksi,Forklift,5,545923119,2729615595,Lost (Gagal),0
TRX-20742,2023-07-16,Papua,Pertambangan,Forklift,2,346927102,693854204,Won (Berhasil),693854204
TRX-22453,2021-11-20,Jawa,Manufaktur,Genset (Generator Set),1,340314880,340314880,Won (Berhasil),340314880
TRX-22099,2023-10-20,Jawa,Logistik & Gudang,Excavator,1,1652201349,1652201349,Won (Berhasil),1652201349
TRX-21830,2021-07-11,Papua,Pertambangan,Excavator,2,2537085910,5074171820,Won (Berhasil),5074171820
TRX-21255,2023-01-14,Jawa,Perkebunan,Tractor Agrikultur,3,1206890321,3620670963,Lost (Gagal),0
TRX-22400,2023-06-27,Jawa,Pertambangan,Forklift,3,515285838,1545857514,Won (Berhasil),1545857514
TRX-22042,2023-03-05,Jawa,Pertambangan,Tractor Agrikultur,2,983706671,1967413342,Won (Berhasil),1967413342
TRX-22155,2022-05-08,Sumatera,Perkebunan,Tractor Agrikultur,2,1219102649,2438205298,Lost (Gagal),0
TRX-21507,2023-11-04,Sulawesi,Logistik & Gudang,Genset (Generator Set),1,121386254,121386254,Won (Berhasil),121386254
TRX-20247,2021-12-26,Jawa,Pertambangan,Forklift,3,304105354,912316062,Won (Berhasil),912316062
TRX-22902,2023-01-31,Sulawesi,Logistik & Gudang,Genset (Generator Set),1,376644202,376644202,Lost (Gagal),0
TRX-22603,2023-11-27,Papua,Pertambangan,Excavator,1,2395669148,2395669148,Lost (Gagal),0
TRX-22765,2022-06-25,Kalimantan,Konstruksi,Genset (Generator Set),2,120763667,241527334,Won (Berhasil),241527334
TRX-20626,2022-03-06,Kalimantan,,Genset (Generator Set),3,499097264,1497291792,Won (Berhasil),1497291792
TRX-20347,2023-03-24,Kalimantan,Pertambangan,Tractor Agrikultur,4,1189557783,4758231132,Won (Berhasil),4758231132
TRX-20278,2022-12-10,Sulawesi,Konstruksi,Genset (Generator Set),1,402933784,402933784,Won (Berhasil),402933784
TRX-21861,2021-05-29,Sulawesi,Logistik & Gudang,Genset (Generator Set),3,460058844,1380176532,Lost (Gagal),0
TRX-22969,2023-04-22,Sumatera,Perkebunan,Excavator,2,1870626655,3741253310,Won (Berhasil),3741253310
TRX-20655,2022-05-30,Jawa,Manufaktur,Tractor Agrikultur,5,1219213999,6096069995,Lost (Gagal),0
TRX-22208,2022-01-12,Sulawesi,Logistik & Gudang,Genset (Generator Set),1,406759883,406759883,In Progress,0
TRX-20927,2022-06-30,Papua,Pertambangan,Tractor Agrikultur,5,1420511736,7102558680,Won (Berhasil),7102558680
TRX-22668,2021-05-14,Kalimantan,Manufaktur,Genset (Generator Set),4,255820666,1023282664,In Progress,0
TRX-22631,2023-07-30,Jawa,Pertambangan,Genset (Generator Set),1,142225517,142225517,Won (Berhasil),142225517
TRX-21071,2022-11-30,Kalimantan,Pertambangan,Forklift,3,449811089,1349433267,Lost (Gagal),0
TRX-22583,2021-01-04,Kalimantan,Pertambangan,Forklift,2,429847400,859694800,Lost (Gagal),0
TRX-21273,2022-04-30,Papua,Manufaktur,Forklift,1,422467292,422467292,Won (Berhasil),422467292
TRX-22908,2022-07-24,Jawa,Perkebunan,Genset (Generator Set),4,362006302,1448025208,Won (Berhasil),1448025208
TRX-20445,2022-08-08,Sulawesi,Manufaktur,Genset (Generator Set),3,353381060,1060143180,Won (Berhasil),1060143180
TRX-20617,2022-11-24,Papua,Pertambangan,Genset (Generator Set),3,227938837,683816511,Won (Berhasil),683816511
TRX-21886,2023-06-07,Papua,Pertambangan,Tractor Agrikultur,2,1430392833,2860785666,Won (Berhasil),2860785666
TRX-21125,2021-09-04,Kalimantan,Konstruksi,Genset (Generator Set),3,419827900,1259483700,Won (Berhasil),1259483700
TRX-21832,2021-01-27,Sumatera,Pertambangan,Forklift,1,215008708,215008708,Won (Berhasil),215008708
TRX-21656,2021-08-07,Jawa,Pertambangan,Excavator,2,2982509705,5965019410,Lost (Gagal),0
TRX-22791,2023-10-31,Kalimantan,Pertambangan,Genset (Generator Set),5,456523776,2282618880,Won (Berhasil),2282618880
TRX-20844,2023-08-28,Kalimantan,Pertambangan,Forklift,3,571561345,1714684035,Won (Berhasil),1714684035
TRX-22595,2023-08-09,Kalimantan,Pertambangan,Genset (Generator Set),3,390500632,1171501896,Lost (Gagal),0
TRX-20547,2023-05-16,Sumatera,Perkebunan,Excavator,2,1503220121,3006440242,Lost (Gagal),0
TRX-21298,2023-02-08,Sulawesi,Perkebunan,Tractor Agrikultur,5,804150551,4020752755,Won (Berhasil),4020752755
TRX-20907,2021-06-15,Papua,Pertambangan,Genset (Generator Set),1,197585102,197585102,Won (Berhasil),197585102
TRX-21320,2021-08-04,Sulawesi,Perkebunan,Excavator,2,2471686090,4943372180,In Progress,0
TRX-20263,2021-03-24,Sumatera,Konstruksi,Excavator,2,2900099236,5800198472,In Progress,0
TRX-21808,2022-11-20,Jawa,Perkebunan,Tractor Agrikultur,4,1126018668,4504074672,Lost (Gagal),0
TRX-22390,2023-04-26,Jawa,Perkebunan,Forklift,1,291963603,291963603,Won (Berhasil),291963603
TRX-22365,2021-03-07,Sulawesi,Logistik & Gudang,Tractor Agrikultur,2,1314835369,2629670738,In Progress,0
TRX-20353,2022-11-03,Papua,Konstruksi,Tractor Agrikultur,3,1059350127,3178050381,Won (Berhasil),3178050381
TRX-22515,2021-12-12,Papua,Pertambangan,Forklift,3,388088915,1164266745,Won (Berhasil),1164266745
TRX-20208,2022-10-25,Kalimantan,Pertambangan,Genset (Generator Set),3,370162508,1110487524,Won (Berhasil),1110487524
TRX-20613,2021-03-26,Papua,Pertambangan,Genset (Generator Set),3,323871831,971615493,Won (Berhasil),971615493
TRX-21360,2021-12-14,Jawa,Logistik & Gudang,Genset (Generator Set),2,495086889,990173778,Lost (Gagal),0
TRX-21746,2023-03-20,Kalimantan,Pertambangan,Tractor Agrikultur,3,913651055,2740953165,In Progress,0
TRX-21569,2023-11-18,Jawa,Logistik & Gudang,Genset (Generator Set),2,376033141,752066282,Won (Berhasil),752066282
TRX-21195,2023-02-13,Sulawesi,Pertambangan,Forklift,4,454551957,1818207828,Lost (Gagal),0
TRX-21671,2023-05-12,Papua,Manufaktur,Forklift,4,560213982,2240855928,Won (Berhasil),2240855928
TRX-21583,2021-07-19,Papua,Pertambangan,Forklift,1,522954917,522954917,Won (Berhasil),522954917
TRX-22170,2023-06-19,Kalimantan,Logistik & Gudang,Ekskavator,1,2760894868,2760894868,Won (Berhasil),2760894868
TRX-20057,2023-05-23,Papua,Pertambangan,Genset (Generator Set),4,228722481,914889924,Lost (Gagal),0
TRX-21200,2023-05-06,Sumatera,Logistik & Gudang,Excavator,2,2281721629,4563443258,Lost (Gagal),0
TRX-20811,2022-09-24,Papua,Pertambangan,Excavator,1,1609261888,1609261888,Won (Berhasil),1609261888
TRX-22227,2021-02-27,Jawa,Perkebunan,Tractor Agrikultur,5,1391452357,6957261785,Lost (Gagal),0
TRX-20561,2022-05-19,Kalimantan,Konstruksi,Forklift,3,380102868,1140308604,Won (Berhasil),1140308604
TRX-22552,2022-02-28,Jawa,Logistik & Gudang,Excavator,2,2574804417,5149608834,Won (Berhasil),5149608834
TRX-20229,2022-05-06,Sulawesi,Perkebunan,Genset (Generator Set),4,446236102,1784944408,Won (Berhasil),1784944408
TRX-22550,2021-04-23,Papua,Pertambangan,Genset (Generator Set),2,421887652,843775304,Lost (Gagal),0
TRX-21797,2023-08-27,Sulawesi,Pertambangan,Forklift,2,525173108,1050346216,Won (Berhasil),1050346216
TRX-22944,2022-03-15,Sumatera,Perkebunan,Excavator,1,1974632346,1974632346,Lost (Gagal),0
TRX-20538,2022-12-08,Papua,Pertambangan,Excavator,2,2753082592,5506165184,Lost (Gagal),0
TRX-21350,2022-03-01,Papua,Konstruksi,Excavator,1,2936929595,2936929595,Won (Berhasil),2936929595
TRX-21127,2022-05-28,Jawa,Perkebunan,Forklift,5,405739071,2028695355,In Progress,0
TRX-22843,2022-10-09,Jawa,Pertambangan,Excavator,1,2568589696,2568589696,Won (Berhasil),2568589696
TRX-21090,2023-03-10,Sulawesi,Pertambangan,Forklift,4,542053653,2168214612,Won (Berhasil),2168214612
TRX-21660,2021-01-02,Sulawesi,Logistik & Gudang,Forklift,5,553130073,2765650365,In Progress,0
TRX-21196,2023-01-18,Jawa,Pertambangan,Forklift,1,460734341,460734341,Won (Berhasil),460734341
TRX-20707,2021-01-12,Papua,Logistik & Gudang,Forklift,5,352297943,1761489715,Lost (Gagal),0
TRX-20424,2021-05-02,Jawa,Perkebunan,Excavator,2,2082358000,4164716000,Won (Berhasil),4164716000
TRX-20069,2021-06-17,Sulawesi,Konstruksi,Tractor Agrikultur,2,1171635259,2343270518,Won (Berhasil),2343270518
TRX-21023,2021-09-10,Kalimantan,Konstruksi,Forklift,1,493178203,493178203,Lost (Gagal),0
TRX-21720,2023-04-21,Papua,Konstruksi,Tractor Agrikultur,2,1151204908,2302409816,Lost (Gagal),0
TRX-20647,2021-09-25,Sulawesi,Pertambangan,Genset (Generator Set),1,136097492,136097492,Won (Berhasil),136097492
TRX-22597,2022-11-28,Kalimantan,Pertambangan,Forklift,1,325390328,325390328,Won (Berhasil),325390328
TRX-21357,2021-06-26,Sumatera,Perkebunan,Genset (Generator Set),5,203745669,1018728345,Won (Berhasil),1018728345
TRX-21567,2023-05-20,,Pertambangan,Forklift,3,277696763,833090289,Won (Berhasil),833090289
TRX-22456,2022-11-28,Sumatera,Perkebunan,Forklift,4,467509074,1870036296,Won (Berhasil),1870036296
TRX-22624,2021-10-14,Kalimantan,Pertambangan,Genset (Generator Set),5,403718748,2018593740,Won (Berhasil),2018593740
TRX-21674,2021-05-23,Papua,Pertambangan,Forklift,3,306243531,918730593,Won (Berhasil),918730593
TRX-21025,2022-08-07,Jawa,Manufaktur,Forklift,1,229884063,229884063,Won (Berhasil),229884063
TRX-20620,2021-11-22,Papua,Pertambangan,Forklift,4,338958662,1355834648,Won (Berhasil),1355834648
TRX-20949,2023-03-07,Jawa,Pertambangan,Excavator,1,2888821767,2888821767,Won (Berhasil),2888821767
TRX-22859,2021-07-24,Sumatera,Pertambangan,Forklift,3,314200140,942600420,Won (Berhasil),942600420
TRX-20952,2022-11-16,Papua,Pertambangan,Tractor Agrikultur,1,911179200,911179200,Won (Berhasil),911179200
TRX-21591,2021-04-30,Kalimantan,Pertambangan,Genset (Generator Set),1,223942089,223942089,Won (Berhasil),223942089
TRX-21577,2021-08-23,Sulawesi,Pertambangan,Tractor Agrikultur,4,1482503610,5930014440,Lost (Gagal),0
TRX-20998,2023-09-21,Jawa,Pertambangan,Tractor Agrikultur,2,1288232999,2576465998,Won (Berhasil),2576465998
TRX-22970,2022-04-02,Jawa,Pertambangan,Tractor Agrikultur,4,1119840584,4479362336,Won (Berhasil),4479362336
TRX-22708,2022-08-16,Kalimantan,Pertambangan,Tractor Agrikultur,1,1497426973,1497426973,In Progress,0
TRX-21461,2022-03-29,Kalimantan,Pertambangan,Excavator,1,1683145264,1683145264,Won (Berhasil),1683145264
TRX-20279,2021-07-09,Papua,Perkebunan,Genset (Generator Set),3,139124665,417373995,Lost (Gagal),0
TRX-21472,2023-09-23,Sumatera,Perkebunan,Excavator,1,1572908164,1572908164,Lost (Gagal),0
TRX-21575,2023-11-19,Papua,Konstruksi,Forklift,1,332985826,332985826,Lost (Gagal),0
TRX-21576,2023-05-14,Kalimantan,Konstruksi,Excavator,2,1581561609,3163123218,In Progress,0
TRX-22120,2023-12-24,Jawa,Logistik & Gudang,Excavator,1,1770326466,1770326466,Lost (Gagal),0
TRX-21044,2022-04-17,Papua,Pertambangan,Tractor Agrikultur,3,1023183728,3069551184,Won (Berhasil),3069551184
TRX-21723,2022-12-01,Sulawesi,Konstruksi,Forklift,3,248749803,746249409,Won (Berhasil),746249409
TRX-20553,2021-03-19,Sumatera,Perkebunan,Excavator,1,2667610533,2667610533,Won (Berhasil),2667610533
TRX-20834,2023-06-21,Kalimantan,Manufaktur,Excavator,2,2676927969,5353855938,Lost (Gagal),0
TRX-20657,2021-09-11,Sulawesi,Pertambangan,Genset (Generator Set),2,449881518,899763036,Lost (Gagal),0
TRX-20596,2023-05-07,Papua,Perkebunan,Genset (Generator Set),3,149922031,449766093,Won (Berhasil),449766093
TRX-20912,2022-09-29,Papua,Pertambangan,Genset (Generator Set),1,237671023,237671023,Won (Berhasil),237671023
TRX-20802,2021-10-03,Sumatera,Pertambangan,Genset (Generator Set),2,236828898,473657796,Won (Berhasil),473657796
TRX-22171,2023-05-06,Sumatera,Pertambangan,Genset (Generator Set),1,366531133,366531133,Lost (Gagal),0
TRX-20781,2023-05-13,Sulawesi,Manufaktur,Genset (Generator Set),2,134941689,269883378,Won (Berhasil),269883378
TRX-22566,2022-12-13,,Logistik & Gudang,Tractor Agrikultur,2,1285297031,2570594062,Won (Berhasil),2570594062
TRX-22764,2023-09-27,Sumatera,Logistik & Gudang,Excavator,2,1798347859,3596695718,Won (Berhasil),3596695718
TRX-20440,2021-11-03,Papua,Pertambangan,Forklift,1,451760205,451760205,Won (Berhasil),451760205
TRX-20508,2021-05-23,Jawa,Perkebunan,Excavator,1,2425471460,2425471460,Won (Berhasil),2425471460
TRX-20076,2022-04-11,Papua,Pertambangan,Excavator,1,1718944818,1718944818,Won (Berhasil),1718944818
TRX-22340,2023-09-03,Sumatera,Pertambangan,Forklift,3,220248523,660745569,Won (Berhasil),660745569
TRX-20649,2023-03-03,Papua,Pertambangan,Genset (Generator Set),3,357731301,1073193903,Won (Berhasil),1073193903
TRX-20522,2021-12-02,Sumatera,Pertambangan,Tractor Agrikultur,5,1368475777,6842378885,Won (Berhasil),6842378885
TRX-21556,2023-04-05,Sulawesi,Manufaktur,Tractor Agrikultur,1,1037357231,1037357231,Won (Berhasil),1037357231
TRX-21716,2022-03-09,Sumatera,Logistik & Gudang,Genset (Generator Set),2,264848040,529696080,Lost (Gagal),0
TRX-21563,2021-02-18,Kalimantan,Manufaktur,Genset (Generator Set),2,449054492,898108984,In Progress,0
TRX-20654,2021-04-16,Kalimantan,Konstruksi,Genset (Generator Set),2,146770276,293540552,Lost (Gagal),0
TRX-21236,2023-03-07,Kalimantan,Manufaktur,Forklift,3,333827893,1001483679,Lost (Gagal),0
TRX-21611,2023-01-12,Sulawesi,Perkebunan,Excavator,2,2918419838,5836839676,Won (Berhasil),5836839676
TRX-22436,2022-08-01,Kalimantan,Pertambangan,Forklift,3,293128350,879385050,Lost (Gagal),0
TRX-21726,2022-09-23,Jawa,Perkebunan,Excavator,1,1849832382,1849832382,Won (Berhasil),1849832382
TRX-20630,2022-08-07,Jawa,Pertambangan,Genset (Generator Set),1,466139524,466139524,Lost (Gagal),0
TRX-21316,2023-06-05,Sumatera,Pertambangan,Forklift,2,561201929,1122403858,Won (Berhasil),1122403858
TRX-22974,2023-11-28,,Pertambangan,Genset (Generator Set),1,262918307,262918307,Won (Berhasil),262918307
TRX-21747,2021-11-14,Kalimantan,Pertambangan,Forklift,4,376995923,1507983692,Won (Berhasil),1507983692
TRX-20482,2021-11-29,Sumatera,Logistik & Gudang,Forklift,4,368586992,1474347968,Won (Berhasil),1474347968
TRX-22008,2022-10-29,Papua,Pertambangan,Excavator,1,2783854098,2783854098,Won (Berhasil),2783854098
TRX-22803,2023-05-23,Sulawesi,Perkebunan,Genset (Generator Set),5,189571984,947859920,Won (Berhasil),947859920
TRX-22606,2021-06-03,Sulawesi,Pertambangan,Excavator,1,2925764363,2925764363,Won (Berhasil),2925764363
TRX-21775,2023-07-23,Sulawesi,Pertambangan,Tractor Agrikultur,1,1166724105,1166724105,Won (Berhasil),1166724105
TRX-20438,2021-08-27,Papua,Pertambangan,Genset (Generator Set),4,309496904,1237987616,Lost (Gagal),0
TRX-20969,2022-01-21,Sulawesi,Logistik & Gudang,Excavator,1,2413088542,2413088542,Won (Berhasil),2413088542
TRX-21793,2022-09-15,Kalimantan,Konstruksi,Excavator,2,2796708602,5593417204,Lost (Gagal),0
TRX-22243,2021-03-31,,Logistik & Gudang,Forklift,2,365024462,730048924,Won (Berhasil),730048924
TRX-21613,2021-09-22,Sumatera,Konstruksi,Tractor Agrikultur,1,1332187943,1332187943,Won (Berhasil),1332187943
TRX-20856,2021-09-23,Kalimantan,Konstruksi,Genset (Generator Set),2,434105884,868211768,Won (Berhasil),868211768
TRX-22778,2022-04-28,Sumatera,Perkebunan,Forklift,4,541969560,2167878240,Lost (Gagal),0
TRX-20166,2021-10-19,Papua,Pertambangan,Genset (Generator Set),3,303243364,909730092,Lost (Gagal),0
TRX-20059,2023-01-10,Jawa,Logistik & Gudang,Forklift,4,329730330,1318921320,Won (Berhasil),1318921320
TRX-20611,2021-11-16,Sulawesi,Perkebunan,Excavator,1,2718147262,2718147262,Lost (Gagal),0
TRX-20530,2022-09-20,Papua,Pertambangan,Tractor Agrikultur,5,1146849648,5734248240,Won (Berhasil),5734248240
TRX-21783,2021-06-24,Papua,Manufaktur,Tractor Agrikultur,3,983093724,2949281172,Won (Berhasil),2949281172
TRX-20049,2023-02-17,Sulawesi,Perkebunan,Excavator,1,1825447238,1825447238,Won (Berhasil),1825447238
TRX-22694,2022-03-10,Sulawesi,Pertambangan,Genset (Generator Set),2,314899309,629798618,Lost (Gagal),0
TRX-22163,2022-05-08,Kalimantan,Konstruksi,Forklift,4,333225725,1332902900,Won (Berhasil),1332902900
TRX-20858,2022-08-21,Jawa,Manufaktur,Tractor Agrikultur,4,932109023,3728436092,Lost (Gagal),0
TRX-21765,2023-05-16,Jawa,Konstruksi,Genset (Generator Set),1,165629645,165629645,Won (Berhasil),165629645
TRX-20048,2022-09-18,,Pertambangan,Genset (Generator Set),5,430116273,2150581365,Won (Berhasil),2150581365
TRX-20719,2022-09-07,Jawa,Logistik & Gudang,Forklift,5,378358224,1891791120,Won (Berhasil),1891791120
TRX-21231,2022-05-15,Jawa,Perkebunan,Forklift,3,398248341,1194745023,Lost (Gagal),0
TRX-21340,2022-03-23,Jawa,Perkebunan,Tractor Agrikultur,2,919222717,1838445434,Won (Berhasil),1838445434
TRX-22283,2021-10-25,Kalimantan,Pertambangan,Tractor Agrikultur,4,1248620878,4994483512,Won (Berhasil),4994483512
TRX-21933,2023-01-08,Sumatera,Pertambangan,Excavator,1,2784936120,2784936120,Lost (Gagal),0
TRX-20632,2021-05-31,Sumatera,Pertambangan,Tractor Agrikultur,2,971039382,1942078764,Lost (Gagal),0
TRX-22319,2023-08-18,Papua,Logistik & Gudang,Tractor Agrikultur,1,815592455,815592455,Lost (Gagal),0
TRX-22244,2023-04-23,Papua,Pertambangan,Tractor Agrikultur,5,947357033,4736785165,Lost (Gagal),0
TRX-22162,2022-08-16,Papua,Pertambangan,Genset (Generator Set),4,439445447,1757781788,Won (Berhasil),1757781788
TRX-21068,2022-04-12,Sumatera,Perkebunan,Genset (Generator Set),3,153987494,461962482,In Progress,0
TRX-22577,2023-12-30,Kalimantan,Perkebunan,Forklift,3,268288722,804866166,Won (Berhasil),804866166
TRX-20025,2021-03-04,Sumatera,Pertambangan,Genset (Generator Set),5,172195245,860976225,Won (Berhasil),860976225
TRX-22759,2023-12-28,Sumatera,Pertambangan,Excavator,1,1718180152,1718180152,Won (Berhasil),1718180152
TRX-20219,2021-09-29,Sulawesi,Konstruksi,Excavator,2,2308240937,4616481874,Lost (Gagal),0
TRX-21345,2021-09-25,Sulawesi,Pertambangan,Tractor Agrikultur,2,861571160,1723142320,Won (Berhasil),1723142320
TRX-20276,2022-11-16,Papua,Manufaktur,Forklift,2,290234755,580469510,Won (Berhasil),580469510
TRX-22230,2023-03-30,Sumatera,Perkebunan,Excavator,2,2566264210,5132528420,Won (Berhasil),5132528420
TRX-21307,2023-06-25,Papua,Konstruksi,Forklift,2,507975489,1015950978,Lost (Gagal),0
TRX-21641,2023-06-02,Sumatera,Perkebunan,Forklift,3,527074514,1581223542,Won (Berhasil),1581223542
TRX-21048,2021-02-26,Sulawesi,Perkebunan,Excavator,1,2668214122,2668214122,Lost (Gagal),0
TRX-22095,2021-07-18,Sulawesi,Pertambangan,Excavator,1,2623641267,2623641267,In Progress,0
TRX-22175,2022-03-21,Papua,Pertambangan,Forklift,2,348854337,697708674,Lost (Gagal),0
TRX-22673,2022-04-25,Jawa,Konstruksi,Forklift,1,291128330,291128330,Lost (Gagal),0
TRX-21547,2022-05-24,Sulawesi,Perkebunan,Forklift,1,495037363,495037363,Lost (Gagal),0
TRX-20297,2021-01-16,Jawa,Manufaktur,Excavator,2,1906578387,3813156774,Won (Berhasil),3813156774
TRX-21596,2022-09-30,Kalimantan,Pertambangan,Genset (Generator Set),2,475398885,950797770,Won (Berhasil),950797770
TRX-21748,2022-03-03,Kalimantan,Logistik & Gudang,Genset (Generator Set),2,226865454,453730908,In Progress,0
TRX-20958,2022-05-04,Sumatera,Pertambangan,Excavator,1,2484310582,2484310582,Won (Berhasil),2484310582
TRX-21885,2023-11-14,Kalimantan,Konstruksi,Excavator,1,1521008981,1521008981,Lost (Gagal),0
TRX-21264,2023-01-28,Jawa,Pertambangan,Forklift,3,364627135,1093881405,Won (Berhasil),1093881405
TRX-20349,2022-07-06,Jawa,Manufaktur,Excavator,2,2742069758,5484139516,Won (Berhasil),5484139516
TRX-21302,2022-03-22,Papua,Pertambangan,Genset (Generator Set),3,211470414,634411242,Won (Berhasil),634411242
TRX-20643,2021-12-25,Sulawesi,Logistik & Gudang,Tractor Agrikultur,1,853067857,853067857,Won (Berhasil),853067857
TRX-21105,2021-09-10,Jawa,Manufaktur,Tractor Agrikultur,3,1493073523,4479220569,Lost (Gagal),0
TRX-21207,2021-12-25,Papua,Manufaktur,Genset (Generator Set),2,489199055,978398110,Lost (Gagal),0
TRX-21995,2021-06-06,Jawa,Manufaktur,Tractor Agrikultur,5,840249307,4201246535,Won (Berhasil),4201246535
TRX-21298,2023-02-08,Sulawesi,Perkebunan,Tractor Agrikultur,5,804150551,4020752755,Won (Berhasil),4020752755
TRX-22011,2021-09-21,,Pertambangan,Excavator,2,2327729360,4655458720,Won (Berhasil),4655458720
TRX-21776,2022-11-17,Sumatera,Perkebunan,Excavator,2,2109551935,4219103870,Won (Berhasil),4219103870
TRX-21102,2022-10-16,Sumatera,Perkebunan,Forklift,3,436146250,1308438750,Lost (Gagal),0
TRX-22412,2021-12-05,Sulawesi,Konstruksi,Forklift,5,291709616,1458548080,Won (Berhasil),1458548080
TRX-21456,2023-05-05,Papua,Pertambangan,Tractor Agrikultur,4,1391789180,5567156720,Won (Berhasil),5567156720
TRX-22148,2023-06-23,Papua,Konstruksi,Excavator,2,2390647884,4781295768,Won (Berhasil),4781295768
TRX-20786,2021-04-10,Jawa,Perkebunan,Excavator,1,2753412395,2753412395,Won (Berhasil),2753412395
TRX-22738,2023-07-24,Sulawesi,Perkebunan,Excavator,1,1937695591,1937695591,Lost (Gagal),0
TRX-20140,2023-01-19,Kalimantan,Konstruksi,Forklift,3,443030339,1329091017,Won (Berhasil),1329091017
TRX-20788,2021-06-12,Jawa,Manufaktur,Tractor Agrikultur,4,1074320843,4297283372,Won (Berhasil),4297283372
TRX-21614,2023-01-28,Sumatera,Pertambangan,Forklift,4,223617561,894470244,Won (Berhasil),894470244
TRX-22067,2021-04-27,Jawa,Konstruksi,Excavator,2,2173069514,4346139028,Lost (Gagal),0
TRX-20714,2023-07-15,Sumatera,Manufaktur,Excavator,1,2286121103,2286121103,Won (Berhasil),2286121103
TRX-21375,2023-01-25,Jawa,Perkebunan,Genset (Generator Set),4,488885233,1955540932,Won (Berhasil),1955540932
TRX-21607,2022-03-13,Kalimantan,Pertambangan,Genset (Generator Set),5,380990707,1904953535,Won (Berhasil),1904953535
TRX-21744,2021-06-29,Sumatera,Manufaktur,Forklift,1,262741843,262741843,In Progress,0
TRX-22634,2023-10-16,Jawa,Konstruksi,Excavator,2,2399996655,4799993310,Lost (Gagal),0
TRX-20618,2021-08-10,Sumatera,Pertambangan,Excavator,2,2654160389,5308320778,Lost (Gagal),0
TRX-20406,2022-06-02,Jawa,Konstruksi,Excavator,2,2257326901,4514653802,Won (Berhasil),4514653802
TRX-22482,2022-10-16,Sulawesi,Pertambangan,Tractor Agrikultur,2,1149985131,2299970262,Won (Berhasil),2299970262
TRX-22107,2022-06-10,Sulawesi,Logistik & Gudang,Excavator,2,2720586267,5441172534,Won (Berhasil),5441172534
TRX-21124,2021-06-01,Sumatera,Perkebunan,Tractor Agrikultur,4,886797171,3547188684,Won (Berhasil),3547188684
TRX-21192,2022-11-08,Sulawesi,Konstruksi,Genset (Generator Set),2,305632179,611264358,Won (Berhasil),611264358
TRX-21965,2023-12-26,Sumatera,Manufaktur,Tractor Agrikultur,4,1193056238,4772224952,Won (Berhasil),4772224952
TRX-20497,2023-01-23,Sumatera,Perkebunan,Genset (Generator Set),3,494002920,1482008760,Won (Berhasil),1482008760
TRX-20342,2023-10-12,Jawa,Perkebunan,Excavator,2,2876787632,5753575264,Lost (Gagal),0
TRX-21916,2021-01-04,Sulawesi,Manufaktur,Tractor Agrikultur,4,940237788,3760951152,Won (Berhasil),3760951152
TRX-22303,2021-05-01,Sulawesi,Manufaktur,Genset (Generator Set),4,129611924,518447696,Won (Berhasil),518447696
TRX-20782,2021-12-23,Sumatera,Perkebunan,Excavator,1,1802178899,1802178899,Won (Berhasil),1802178899
TRX-22032,2021-11-05,Papua,Perkebunan,Excavator,2,2279346557,4558693114,Lost (Gagal),0
TRX-20303,2023-03-24,Sulawesi,Pertambangan,Genset (Generator Set),2,249553542,499107084,In Progress,0
TRX-21731,2023-09-25,Jawa,Manufaktur,Tractor Agrikultur,3,1237547364,3712642092,Lost (Gagal),0
TRX-20664,2021-07-23,Papua,Pertambangan,Excavator,1,2871218085,2871218085,Won (Berhasil),2871218085
TRX-21835,2022-09-18,Sulawesi,Logistik & Gudang,Forklift,1,390506570,390506570,Lost (Gagal),0
TRX-21880,2023-11-23,Sulawesi,Perkebunan,Excavator,2,2151359773,4302719546,Lost (Gagal),0
TRX-22762,2021-12-23,Sumatera,Manufaktur,Excavator,1,2507801040,2507801040,Won (Berhasil),2507801040
TRX-22748,2021-03-28,Papua,Pertambangan,Excavator,2,2697341897,5394683794,Lost (Gagal),0
TRX-20084,2023-01-18,Sumatera,Perkebunan,Excavator,2,2134075069,4268150138,Won (Berhasil),4268150138
TRX-22248,2023-04-19,Papua,Manufaktur,Forklift,5,495085664,2475428320,Lost (Gagal),0
TRX-20941,2023-07-12,Papua,Perkebunan,Tractor Agrikultur,5,855009177,4275045885,Won (Berhasil),4275045885
TRX-20961,2022-09-24,Papua,Pertambangan,Forklift,5,470717953,2353589765,Won (Berhasil),2353589765
TRX-20841,2023-06-30,Papua,Manufaktur,Excavator,1,2539140109,2539140109,Won (Berhasil),2539140109
TRX-21391,2022-02-03,Jawa,Manufaktur,Excavator,2,1662022540,3324045080,Lost (Gagal),0
TRX-22415,2023-03-01,Papua,Perkebunan,Excavator,2,2122352651,4244705302,Won (Berhasil),4244705302
TRX-22242,2022-06-04,Jawa,Pertambangan,Excavator,1,2234917010,2234917010,Lost (Gagal),0
TRX-22782,2021-08-30,Jawa,Manufaktur,Tractor Agrikultur,4,1451268824,5805075296,Lost (Gagal),0
TRX-20290,2021-12-04,Jawa,Konstruksi,Forklift,2,459890325,919780650,Won (Berhasil),919780650
TRX-21868,2021-08-10,Sumatera,Perkebunan,Genset (Generator Set),4,331062357,1324249428,Won (Berhasil),1324249428
TRX-22213,2022-05-06,Papua,Pertambangan,Excavator,1,1540059667,1540059667,Lost (Gagal),0
TRX-20604,2021-06-21,Kalimantan,Pertambangan,Genset (Generator Set),5,262918942,1314594710,Lost (Gagal),0
TRX-22686,2021-07-17,Sumatera,Manufaktur,Tractor Agrikultur,2,1284601875,2569203750,Lost (Gagal),0
TRX-20916,2021-10-27,Sulawesi,Manufaktur,Excavator,1,1726944746,1726944746,Lost (Gagal),0
TRX-22750,2021-01-25,Sumatera,Konstruksi,Genset (Generator Set),5,441646159,2208230795,Won (Berhasil),2208230795
TRX-22834,2021-04-23,Jawa,Konstruksi,Excavator,2,1585472384,3170944768,Won (Berhasil),3170944768
TRX-21088,2022-12-01,Kalimantan,Konstruksi,Tractor Agrikultur,5,1498254298,7491271490,Won (Berhasil),7491271490
TRX-22233,2023-12-18,Sulawesi,Konstruksi,Genset (Generator Set),5,205086630,1025433150,Won (Berhasil),1025433150
TRX-21351,2023-04-09,Jawa,Perkebunan,Tractor Agrikultur,5,938542002,4692710010,In Progress,0
TRX-20821,2021-11-24,Jawa,Perkebunan,Tractor Agrikultur,1,1298469828,1298469828,Won (Berhasil),1298469828
TRX-22507,2022-06-16,Sulawesi,Logistik & Gudang,Forklift,1,275404189,275404189,Lost (Gagal),0
TRX-21000,2023-04-29,Sumatera,Perkebunan,Excavator,1,2731580174,2731580174,Won (Berhasil),2731580174
TRX-22871,2021-03-20,Kalimantan,Perkebunan,Forklift,5,235527060,1177635300,Lost (Gagal),0
TRX-20018,2022-03-29,Kalimantan,Pertambangan,Genset (Generator Set),2,413580049,827160098,Lost (Gagal),0
TRX-22997,2022-04-13,Sumatera,Pertambangan,Excavator,2,2880744457,5761488914,In Progress,0
TRX-21269,2022-04-27,Sulawesi,Pertambangan,Forklift,1,225184061,225184061,In Progress,0
TRX-21713,2023-08-19,Sumatera,Perkebunan,Genset (Generator Set),1,200343212,200343212,In Progress,0
TRX-21309,2023-03-12,Jawa,Pertambangan,Excavator,2,2821657883,5643315766,Won (Berhasil),5643315766
TRX-21608,2023-04-19,Papua,Pertambangan,Genset (Generator Set),3,218285490,654856470,Won (Berhasil),654856470
TRX-22854,2021-03-17,Kalimantan,Pertambangan,Tractor Agrikultur,5,1390085478,6950427390,Won (Berhasil),6950427390
TRX-21912,2022-02-18,Papua,Pertambangan,Forklift,3,479842814,1439528442,Won (Berhasil),1439528442
TRX-22053,2023-02-11,Kalimantan,Konstruksi,Genset (Generator Set),3,484718660,1454155980,Won (Berhasil),1454155980
TRX-21422,2021-03-10,Papua,Konstruksi,Genset (Generator Set),5,173805034,869025170,Won (Berhasil),869025170
TRX-22113,2023-02-03,Papua,Konstruksi,Forklift,5,298092258,1490461290,In Progress,0
TRX-20360,2023-12-13,Jawa,Pertambangan,Tractor Agrikultur,5,1445270923,7226354615,Won (Berhasil),7226354615
TRX-22600,2023-09-16,Sulawesi,Logistik & Gudang,Ekskavator,2,2977927819,5955855638,Won (Berhasil),5955855638
TRX-21882,2021-09-10,Sumatera,Logistik & Gudang,Genset (Generator Set),3,180763965,542291895,Won (Berhasil),542291895
TRX-21157,2021-10-15,Jawa,Manufaktur,Tractor Agrikultur,2,1219075355,2438150710,Lost (Gagal),0
TRX-22275,2021-11-16,Sumatera,Perkebunan,Excavator,1,2437202431,2437202431,Lost (Gagal),0
TRX-21637,2023-01-01,Papua,Konstruksi,Genset (Generator Set),2,203236942,406473884,Lost (Gagal),0
TRX-20344,2023-01-11,Sulawesi,Manufaktur,Genset (Generator Set),2,494749773,989499546,Won (Berhasil),989499546
TRX-20986,2023-12-25,,Perkebunan,Genset (Generator Set),2,389298832,778597664,In Progress,0
TRX-21322,2022-06-13,Papua,Logistik & Gudang,Genset (Generator Set),5,493353866,2466769330,Won (Berhasil),2466769330
TRX-21789,2023-12-12,Papua,Konstruksi,Genset (Generator Set),4,317007778,1268031112,Won (Berhasil),1268031112
TRX-22323,2021-09-05,Kalimantan,Logistik & Gudang,Genset (Generator Set),1,472106965,472106965,Lost (Gagal),0
TRX-22236,2022-10-23,Sumatera,Konstruksi,Genset (Generator Set),4,236882560,947530240,Won (Berhasil),947530240
TRX-22703,2022-07-30,Kalimantan,Pertambangan,Tractor Agrikultur,4,1357524757,5430099028,Lost (Gagal),0
TRX-22709,2023-10-22,Sulawesi,Pertambangan,Genset (Generator Set),1,334171432,334171432,Won (Berhasil),334171432
TRX-20085,2022-08-19,Sumatera,Pertambangan,Tractor Agrikultur,5,1398958456,6994792280,Won (Berhasil),6994792280
TRX-22098,2023-03-02,Kalimantan,Pertambangan,Genset (Generator Set),5,253407504,1267037520,In Progress,0
TRX-20668,2022-03-18,Sulawesi,Pertambangan,Tractor Agrikultur,5,1105789887,5528949435,In Progress,0
TRX-21014,2021-05-18,Sumatera,Pertambangan,Genset (Generator Set),5,227787077,1138935385,Lost (Gagal),0
TRX-20128,2023-12-23,Kalimantan,Pertambangan,Forklift,5,204380210,1021901050,Won (Berhasil),1021901050
TRX-21951,2022-02-16,Papua,Pertambangan,Genset (Generator Set),2,490966305,981932610,Lost (Gagal),0
TRX-21206,2021-06-06,Kalimantan,Konstruksi,Genset (Generator Set),4,190078570,760314280,Lost (Gagal),0
TRX-20891,2021-12-15,Sumatera,Perkebunan,Forklift,5,510339112,2551695560,Lost (Gagal),0
TRX-21897,2023-08-26,Sulawesi,Logistik & Gudang,Tractor Agrikultur,5,1166771973,5833859865,Lost (Gagal),0
TRX-20307,2022-04-01,,Pertambangan,Genset (Generator Set),3,230386106,691158318,Won (Berhasil),691158318
TRX-20383,2022-12-30,Sumatera,Perkebunan,Excavator,1,1614101145,1614101145,Won (Berhasil),1614101145
TRX-21911,2022-10-13,Papua,Pertambangan,Genset (Generator Set),3,360804062,1082412186,In Progress,0
TRX-21378,2023-05-11,Papua,Konstruksi,Forklift,4,278936153,1115744612,Lost (Gagal),0
TRX-20426,2023-04-03,Kalimantan,Perkebunan,Genset (Generator Set),3,289670081,869010243,Won (Berhasil),869010243
TRX-20494,2023-06-07,Jawa,Konstruksi,Genset (Generator Set),4,399464639,1597858556,Lost (Gagal),0
TRX-21547,2022-05-24,Sulawesi,Perkebunan,Forklift,1,495037363,495037363,Lost (Gagal),0
TRX-22470,2022-11-03,Papua,Konstruksi,Excavator,2,2261641571,4523283142,Won (Berhasil),4523283142
TRX-22232,2021-12-19,Kalimantan,Pertambangan,Forklift,4,550571396,2202285584,Won (Berhasil),2202285584
TRX-21313,2022-04-03,Jawa,Logistik & Gudang,Excavator,2,2200696390,4401392780,Won (Berhasil),4401392780
TRX-21359,2023-04-07,Sumatera,Perkebunan,Excavator,2,2827086834,5654173668,Won (Berhasil),5654173668
TRX-20275,2022-02-08,Papua,Konstruksi,Forklift,4,574066412,2296265648,Lost (Gagal),0
TRX-20489,2021-07-16,Papua,Pertambangan,Tractor Agrikultur,3,1295657599,3886972797,Lost (Gagal),0
TRX-21584,2021-11-16,Kalimantan,Manufaktur,Tractor Agrikultur,4,1092388559,4369554236,Won (Berhasil),4369554236
TRX-20690,2022-05-30,Sumatera,Perkebunan,Tractor Agrikultur,5,1397509773,6987548865,In Progress,0
TRX-21376,2021-02-09,Kalimantan,Manufaktur,Excavator,2,1605885337,3211770674,Won (Berhasil),3211770674
TRX-21204,2022-11-30,Jawa,Perkebunan,Tractor Agrikultur,1,1279319354,1279319354,Lost (Gagal),0
TRX-22988,2022-09-04,Sumatera,Perkebunan,Genset (Generator Set),1,352515605,352515605,Won (Berhasil),352515605
TRX-22240,2022-03-26,Jawa,Manufaktur,Forklift,4,403930094,1615720376,Won (Berhasil),1615720376
TRX-22114,2022-01-22,Papua,Logistik & Gudang,Genset (Generator Set),5,459508986,2297544930,Won (Berhasil),2297544930
TRX-21058,2021-01-21,Papua,Logistik & Gudang,Forklift,5,409789198,2048945990,Won (Berhasil),2048945990
TRX-20118,2021-01-14,Sumatera,Pertambangan,Tractor Agrikultur,5,1168213130,5841065650,Won (Berhasil),5841065650
TRX-21024,2021-08-15,Jawa,,Genset (Generator Set),5,373807066,1869035330,Won (Berhasil),1869035330
TRX-22419,2021-12-15,Papua,Perkebunan,Excavator,2,2964390369,5928780738,Won (Berhasil),5928780738
TRX-20281,2021-07-12,Jawa,Manufaktur,Excavator,2,1976838542,3953677084,Won (Berhasil),3953677084
TRX-21565,2021-01-24,Kalimantan,Pertambangan,Genset (Generator Set),3,163417180,490251540,Won (Berhasil),490251540
TRX-22372,2023-10-26,Kalimantan,Pertambangan,Excavator,2,1820830431,3641660862,Lost (Gagal),0
TRX-20968,2022-08-14,Sumatera,Perkebunan,Tractor Agrikultur,1,989119413,989119413,Won (Berhasil),989119413
TRX-21208,2021-01-04,Sumatera,Manufaktur,Excavator,1,1687794838,1687794838,Lost (Gagal),0
TRX-21239,2021-01-19,Papua,Pertambangan,Forklift,4,381691711,1526766844,Won (Berhasil),1526766844
TRX-22486,2021-12-12,Kalimantan,Manufaktur,Excavator,2,2216014398,4432028796,Won (Berhasil),4432028796
TRX-22024,2021-08-30,Jawa,Manufaktur,Genset (Generator Set),3,202054958,606164874,Won (Berhasil),606164874
TRX-20304,2021-04-18,Sulawesi,Konstruksi,Genset (Generator Set),2,463082774,926165548,Lost (Gagal),0
TRX-21922,2021-06-11,Sulawesi,Konstruksi,Forklift,5,536363060,2681815300,Lost (Gagal),0
TRX-21421,2023-04-01,Sumatera,Perkebunan,Tractor Agrikultur,5,1471806740,7359033700,Lost (Gagal),0
TRX-21580,2021-09-28,Sumatera,Perkebunan,Excavator,1,2321479805,2321479805,Won (Berhasil),2321479805
TRX-22274,2022-08-07,Jawa,Pertambangan,Genset (Generator Set),4,377519840,1510079360,Won (Berhasil),1510079360
TRX-22066,2021-09-05,Sulawesi,Manufaktur,Genset (Generator Set),1,465522918,465522918,Won (Berhasil),465522918
TRX-20575,2022-10-02,Papua,Pertambangan,Genset (Generator Set),3,328181765,984545295,Won (Berhasil),984545295
TRX-21949,2023-02-02,Jawa,Logistik & Gudang,Genset (Generator Set),5,482165550,2410827750,Won (Berhasil),2410827750
TRX-22615,2023-09-09,Jawa,Manufaktur,Excavator,2,2085419214,4170838428,Won (Berhasil),4170838428
TRX-22667,2022-12-21,Papua,Perkebunan,Forklift,3,346760377,1040281131,Won (Berhasil),1040281131
TRX-22918,2023-03-31,Kalimantan,Manufaktur,Excavator,2,2289531540,4579063080,Won (Berhasil),4579063080
TRX-21241,2022-03-11,Sumatera,Perkebunan,Excavator,1,2242156154,2242156154,Won (Berhasil),2242156154
TRX-20843,2021-12-19,Papua,Konstruksi,Tractor Agrikultur,5,1480981115,7404905575,Won (Berhasil),7404905575
TRX-22936,2022-03-01,Papua,Konstruksi,Tractor Agrikultur,3,900088711,2700266133,Won (Berhasil),2700266133
TRX-20269,2021-04-25,Sulawesi,Logistik & Gudang,Tractor Agrikultur,5,916891753,4584458765,Won (Berhasil),4584458765
TRX-20629,2021-12-17,Kalimantan,Pertambangan,Forklift,5,545576481,2727882405,Won (Berhasil),2727882405
TRX-21033,2022-10-09,Sumatera,Perkebunan,Excavator,1,1989326994,1989326994,Won (Berhasil),1989326994
TRX-20286,2022-08-16,Sumatera,Perkebunan,Genset (Generator Set),1,339311539,339311539,In Progress,0
TRX-22246,2021-08-21,Kalimantan,Perkebunan,Genset (Generator Set),2,191946708,383893416,Lost (Gagal),0
TRX-20300,2021-04-01,Sumatera,Logistik & Gudang,Genset (Generator Set),4,248084458,992337832,Won (Berhasil),992337832
TRX-21953,2021-02-13,Kalimantan,Perkebunan,Forklift,3,422656870,1267970610,Lost (Gagal),0
TRX-21889,2023-05-03,Papua,Perkebunan,Genset (Generator Set),5,301462289,1507311445,Won (Berhasil),1507311445
TRX-21377,2023-12-03,Kalimantan,Pertambangan,Excavator,1,2308606576,2308606576,Lost (Gagal),0
TRX-20065,2023-01-12,Sumatera,Manufaktur,Genset (Generator Set),1,456766994,456766994,Won (Berhasil),456766994
TRX-22776,2021-06-13,Sumatera,Perkebunan,Excavator,2,2887797178,5775594356,Lost (Gagal),0
TRX-20890,2023-04-22,Kalimantan,Pertambangan,Forklift,2,459234906,918469812,Lost (Gagal),0
TRX-21559,2022-06-12,Jawa,Konstruksi,Forklift,5,536606573,2683032865,Won (Berhasil),2683032865
TRX-21844,2022-04-16,Sulawesi,Manufaktur,Genset (Generator Set),5,149917428,749587140,Won (Berhasil),749587140
TRX-21807,2022-12-24,Sulawesi,Pertambangan,Genset (Generator Set),1,271118478,271118478,Won (Berhasil),271118478
TRX-21381,2022-07-22,Jawa,Pertambangan,Forklip,3,273893324,821679972,Won (Berhasil),821679972
TRX-20230,2023-09-08,Jawa,Pertambangan,Excavator,-2,2955983336,-5911966672,Lost (Gagal),0
TRX-20503,2022-07-27,Papua,Pertambangan,Forklift,5,461954977,2309774885,Lost (Gagal),0
TRX-21270,2021-06-25,Sulawesi,Pertambangan,Tractor Agrikultur,5,1476222970,7381114850,Won (Berhasil),7381114850
TRX-22185,2022-08-14,Sumatera,Konstruksi,Genset (Generator Set),2,175249969,350499938,Won (Berhasil),350499938
TRX-21512,2022-10-10,Jawa,Logistik & Gudang,Genset (Generator Set),1,200033444,200033444,Lost (Gagal),0
TRX-21289,2022-01-04,Kalimantan,Konstruksi,Tractor Agrikultur,4,1052342622,4209370488,Won (Berhasil),4209370488
TRX-21004,2022-11-13,Kalimantan,Perkebunan,Tractor Agrikultur,2,1259704564,2519409128,Won (Berhasil),2519409128
TRX-20836,2021-08-10,Jawa,Konstruksi,Forklift,5,392335658,1961678290,In Progress,0
TRX-21612,2021-01-18,Papua,Pertambangan,Tractor Agrikultur,4,1349954917,5399819668,Won (Berhasil),5399819668
TRX-20374,2023-07-03,Sumatera,Pertambangan,Tractor Agrikultur,2,1396321627,2792643254,Lost (Gagal),0
TRX-21505,2023-03-18,Kalimantan,Pertambangan,Genset (Generator Set),2,202994228,405988456,In Progress,0
TRX-22528,2023-04-14,Kalimantan,Pertambangan,Genset (Generator Set),5,219070393,1095351965,Lost (Gagal),0
TRX-21864,2021-09-03,Papua,Konstruksi,Excavator,1,1680225980,1680225980,Lost (Gagal),0
TRX-22461,2022-01-04,Jawa,Pertambangan,Tractor Agrikultur,4,1487921776,5951687104,Won (Berhasil),5951687104
TRX-22106,2022-07-26,Papua,Manufaktur,Excavator,2,2522718538,5045437076,Lost (Gagal),0
TRX-20751,2022-05-12,Sumatera,Perkebunan,Excavator,2,2979242321,5958484642,Won (Berhasil),5958484642
TRX-20099,2023-11-08,Kalimantan,Perkebunan,Genset (Generator Set),2,299686598,599373196,Won (Berhasil),599373196
TRX-22924,2021-10-14,Jawa,Perkebunan,Tractor Agrikultur,3,1400707564,4202122692,Won (Berhasil),4202122692
TRX-20866,2023-07-24,Jawa,Manufaktur,Tractor Agrikultur,3,1481864642,4445593926,Lost (Gagal),0
TRX-20910,2023-01-16,Kalimantan,Pertambangan,Forklift,5,442161978,2210809890,Lost (Gagal),0
TRX-21385,2021-06-17,Kalimantan,Pertambangan,Forklift,2,222492889,444985778,Won (Berhasil),444985778
TRX-20529,2022-03-24,Sulawesi,Perkebunan,Tractor Agrikultur,5,1068704396,5343521980,Won (Berhasil),5343521980
TRX-20636,2021-10-27,Jawa,Pertambangan,Forklift,2,246793102,493586204,Won (Berhasil),493586204
TRX-20185,2023-01-21,Sulawesi,Perkebunan,Forklift,5,503819881,2519099405,Won (Berhasil),2519099405
TRX-22119,2021-09-11,Kalimantan,Pertambangan,Genset (Generator Set),1,106253809,106253809,Won (Berhasil),106253809
TRX-22607,2023-07-01,Sumatera,Perkebunan,Forklift,5,287707596,1438537980,In Progress,0
TRX-20931,2021-05-02,Sumatera,Logistik & Gudang,Genset (Generator Set),5,257091347,1285456735,Lost (Gagal),0
TRX-21446,2021-04-18,Jawa,Perkebunan,Genset (Generator Set),3,369970881,1109912643,Won (Berhasil),1109912643
TRX-22332,2021-06-14,Sulawesi,Pertambangan,Tractor Agrikultur,1,1037256022,1037256022,Won (Berhasil),1037256022
TRX-21462,2021-05-26,Sumatera,Perkebunan,Tractor Agrikultur,3,1319401199,3958203597,Won (Berhasil),3958203597
TRX-22438,2021-09-15,Jawa,Pertambangan,Tractor Agrikultur,4,1157868370,4631473480,In Progress,0
TRX-22103,2021-11-14,Kalimantan,Konstruksi,Excavator,2,1596665589,3193331178,Won (Berhasil),3193331178
TRX-20607,2023-08-10,Sulawesi,Manufaktur,Genset (Generator Set),4,201732827,806931308,Lost (Gagal),0
TRX-21407,2021-07-21,Jawa,Konstruksi,Forklift,1,323524055,323524055,Won (Berhasil),323524055
TRX-20151,2021-01-09,Papua,Pertambangan,Tractor Agrikultur,4,830623221,3322492884,Lost (Gagal),0
TRX-22010,2023-05-06,Kalimantan,Pertambangan,Tractor Agrikultur,2,1408201170,2816402340,Won (Berhasil),2816402340
TRX-22177,2022-03-09,Sumatera,Perkebunan,Tractor Agrikultur,5,1345903070,6729515350,Lost (Gagal),0
TRX-20731,2021-02-28,Papua,Pertambangan,Forklift,5,302169403,1510847015,Won (Berhasil),1510847015
TRX-21402,2023-11-11,Sumatera,Konstruksi,Excavator,1,1658681473,1658681473,Won (Berhasil),1658681473
TRX-21672,2023-11-14,Sulawesi,Perkebunan,Tractor Agrikultur,2,1116237765,2232475530,Won (Berhasil),2232475530
TRX-22774,2022-12-07,,Konstruksi,Forklift,4,523413335,2093653340,Won (Berhasil),2093653340
TRX-20023,2022-05-07,Papua,Pertambangan,Excavator,1,2832103468,2832103468,Won (Berhasil),2832103468
TRX-21736,2022-01-10,Sulawesi,Logistik & Gudang,Tractor Agrikultur,1,1367672027,1367672027,Won (Berhasil),1367672027
TRX-20158,2022-11-25,Sulawesi,Perkebunan,Tractor Agrikultur,3,1217875040,3653625120,In Progress,0
TRX-20861,2021-09-05,Jawa,Logistik & Gudang,Excavator,2,1803426357,3606852714,Won (Berhasil),3606852714
TRX-20902,2022-04-10,Sumatera,Perkebunan,Tractor Agrikultur,1,1232752550,1232752550,Won (Berhasil),1232752550
TRX-21498,2023-10-31,Sumatera,Pertambangan,Tractor Agrikultur,1,1440088975,1440088975,Lost (Gagal),0
TRX-21230,2022-09-25,Papua,Logistik & Gudang,Genset (Generator Set),1,100328195,100328195,Lost (Gagal),0
TRX-22290,2023-07-06,Papua,Pertambangan,Tractor Agrikultur,3,1276425630,3829276890,Won (Berhasil),3829276890
TRX-20444,2023-07-18,Papua,Konstruksi,Tractor Agrikultur,5,1206845732,6034228660,Won (Berhasil),6034228660
TRX-22985,2022-05-02,Sulawesi,Pertambangan,Genset (Generator Set),5,203496299,1017481495,Lost (Gagal),0
TRX-20754,2021-11-20,Sumatera,Logistik & Gudang,Forklift,5,459716737,2298583685,Lost (Gagal),0
TRX-20923,2023-08-14,Sulawesi,Logistik & Gudang,Genset (Generator Set),5,183338865,916694325,Won (Berhasil),916694325
TRX-20044,2023-07-14,Jawa,Perkebunan,Tractor Agrikultur,4,843945258,3375781032,Won (Berhasil),3375781032
TRX-22304,2023-03-31,Sumatera,Perkebunan,Tractor Agrikultur,1,0,0,Won (Berhasil),1277137714
TRX-20311,2022-06-10,Sulawesi,Pertambangan,Excavator,1,1920926745,1920926745,Lost (Gagal),0
TRX-20548,2021-03-06,Sumatera,Perkebunan,Excavator,1,2835098100,2835098100,Won (Berhasil),2835098100
TRX-22166,2022-09-24,Papua,Perkebunan,Excavator,2,1861120317,3722240634,Won (Berhasil),3722240634
TRX-21763,2022-07-22,Sulawesi,Logistik & Gudang,Genset (Generator Set),2,373765563,747531126,Won (Berhasil),747531126
TRX-20306,2023-06-03,Kalimantan,Pertambangan,Forklift,2,347398786,694797572,In Progress,0
TRX-20287,2021-02-04,Sulawesi,Konstruksi,Tractor Agrikultur,3,1336819301,4010457903,Won (Berhasil),4010457903
TRX-20694,2023-05-14,Kalimantan,Konstruksi,Genset (Generator Set),5,310708082,1553540410,Won (Berhasil),1553540410
TRX-20308,2021-03-24,Jawa,Perkebunan,Excavator,2,1945808167,3891616334,Won (Berhasil),3891616334
TRX-22357,2023-06-25,Jawa,Pertambangan,Forklift,1,222596752,222596752,Won (Berhasil),222596752
TRX-20749,2021-04-26,Kalimantan,Pertambangan,Forklift,3,358565693,1075697079,Won (Berhasil),1075697079
TRX-21502,2021-06-04,Kalimantan,Pertambangan,Excavator,2,1859329211,3718658422,Won (Berhasil),3718658422
TRX-22475,2021-03-03,Sumatera,Pertambangan,Excavator,2,2747182414,5494364828,Lost (Gagal),0
TRX-20908,2022-03-02,Sumatera,Pertambangan,Genset (Generator Set),4,482344312,1929377248,Lost (Gagal),0
TRX-22976,2021-11-12,Papua,Konstruksi,Forklift,3,430153397,1290460191,In Progress,0
TRX-22417,2022-02-21,Papua,Konstruksi,Forklift,1,490212957,490212957,Won (Berhasil),490212957
TRX-21344,2021-05-21,Sumatera,Manufaktur,Forklift,1,327813398,327813398,Won (Berhasil),327813398
TRX-22534,2023-08-03,Papua,Pertambangan,Tractor Agrikultur,4,921486462,3685945848,Won (Berhasil),3685945848
TRX-20970,2022-04-05,Kalimantan,Manufaktur,Forklift,1,553671140,553671140,Won (Berhasil),553671140
TRX-20013,2021-08-24,Papua,Konstruksi,Genset (Generator Set),2,254793320,509586640,Lost (Gagal),0
TRX-20873,2022-01-03,Papua,Logistik & Gudang,Genset (Generator Set),1,423316576,423316576,Lost (Gagal),0
TRX-20808,2021-04-29,Jawa,Pertambangan,Excavator,1,1544824806,1544824806,Won (Berhasil),1544824806
TRX-22621,2023-11-17,Kalimantan,Konstruksi,Genset (Generator Set),4,414293664,1657174656,Won (Berhasil),1657174656
TRX-20514,2023-07-23,Kalimantan,Pertambangan,Tractor Agrikultur,1,880899495,880899495,Lost (Gagal),0
TRX-22451,2023-01-26,Kalimantan,Pertambangan,Excavator,1,1778002041,1778002041,Lost (Gagal),0
TRX-20409,2021-01-18,Sulawesi,Konstruksi,Tractor Agrikultur,5,968169101,4840845505,Lost (Gagal),0
TRX-22282,2022-11-15,Sulawesi,Manufaktur,Genset (Generator Set),5,194280959,971404795,Won (Berhasil),971404795
TRX-22296,2022-03-17,Kalimantan,Manufaktur,Forklift,1,272214857,272214857,In Progress,0
TRX-22409,2021-08-10,Jawa,Logistik & Gudang,Excavator,1,2220838918,2220838918,Lost (Gagal),0
TRX-21286,2021-08-20,Sulawesi,Manufaktur,Forklip,4,581821025,2327284100,Lost (Gagal),0
TRX-21406,2023-07-15,Sulawesi,Manufaktur,Ekskavator,4,125774356,503097424,Won (Berhasil),503097424
TRX-21537,2021-07-06,Papua,Pertambangan,Forklift,5,528388676,2641943380,Lost (Gagal),0
TRX-20382,2023-05-13,Jawa,Logistik & Gudang,Forklift,2,467937516,935875032,Won (Berhasil),935875032
TRX-21644,2022-12-16,Sumatera,Perkebunan,Excavator,2,2070301484,4140602968,Won (Berhasil),4140602968
TRX-22222,2021-10-12,Sumatera,Perkebunan,Tractor Agrikultur,5,835206204,4176031020,Won (Berhasil),4176031020
TRX-22506,2022-06-29,Sulawesi,Manufaktur,Tractor Agrikultur,2,1079064630,2158129260,Won (Berhasil),2158129260
TRX-22058,2021-06-21,Sumatera,Perkebunan,Genset (Generator Set),4,261699597,1046798388,Lost (Gagal),0
TRX-21419,2022-12-24,Jawa,Manufaktur,Genset (Generator Set),5,109302888,546514440,Lost (Gagal),0
TRX-20552,2021-02-28,Papua,Perkebunan,Excavator,2,1796756216,3593512432,Won (Berhasil),3593512432
TRX-20222,2023-09-11,Jawa,Manufaktur,Forklift,4,536858801,2147435204,In Progress,0
TRX-21096,2021-12-13,Jawa,Perkebunan,Tractor Agrikultur,5,1481405410,7407027050,In Progress,0
TRX-22641,2021-09-26,Sulawesi,Konstruksi,Genset (Generator Set),3,404490511,1213471533,Won (Berhasil),1213471533
TRX-20008,2023-02-10,Sumatera,Perkebunan,Forklift,5,542756089,2713780445,Lost (Gagal),0
TRX-21545,2023-09-21,Papua,Pertambangan,Genset (Generator Set),2,380962991,761925982,Won (Berhasil),761925982
TRX-20316,2022-02-01,Sulawesi,Pertambangan,Genset (Generator Set),4,350648089,1402592356,Won (Berhasil),1402592356
TRX-20427,2021-02-08,Sulawesi,Manufaktur,Forklift,5,486757250,2433786250,Won (Berhasil),2433786250
TRX-21397,2023-08-07,Sulawesi,Manufaktur,Forklift,-2,501860308,-1003720616,Won (Berhasil),1505580924
TRX-20105,2023-09-03,Sulawesi,Pertambangan,Excavator,1,2867133877,2867133877,Won (Berhasil),2867133877
TRX-22014,2022-02-26,Jawa,Konstruksi,Genset (Generator Set),2,428276772,856553544,Lost (Gagal),0
TRX-20142,2022-04-03,Kalimantan,Perkebunan,Forklift,5,446333044,2231665220,Won (Berhasil),2231665220
TRX-20121,2021-01-01,Sulawesi,Logistik & Gudang,Forklift,1,285192509,285192509,Lost (Gagal),0
TRX-22408,2021-07-17,Kalimantan,Konstruksi,Forklift,2,397045683,794091366,Won (Berhasil),794091366
TRX-22912,2022-03-07,Jawa,Konstruksi,Forklift,5,255362495,1276812475,Lost (Gagal),0
TRX-21189,2023-08-11,Kalimantan,Logistik & Gudang,Excavator,2,2316794167,4633588334,Lost (Gagal),0
TRX-21980,2023-03-03,Papua,Pertambangan,Excavator,2,1939517824,3879035648,Won (Berhasil),3879035648
TRX-22643,2021-03-10,Jawa,Konstruksi,Excavator,2,1575799522,3151599044,Won (Berhasil),3151599044
TRX-21432,2023-08-14,Sumatera,Perkebunan,Ekskavator,4,227017695,908070780,Won (Berhasil),908070780
TRX-20115,2023-10-04,Sumatera,Perkebunan,Tractor Agrikultur,2,1422064934,2844129868,Lost (Gagal),0
TRX-22111,2023-04-07,Sulawesi,Manufaktur,Genset (Generator Set),1,230532536,230532536,Won (Berhasil),230532536
TRX-21993,2022-01-04,Papua,Pertambangan,Excavator,1,2738850429,2738850429,Won (Berhasil),2738850429
TRX-22178,2023-08-09,Sulawesi,Pertambangan,Excavator,1,2792888251,2792888251,Won (Berhasil),2792888251
TRX-22844,2023-10-27,Sumatera,Pertambangan,Genset (Generator Set),3,313003410,939010230,Won (Berhasil),939010230
TRX-22996,2021-11-30,Sulawesi,Konstruksi,Genset (Generator Set),5,139382048,696910240,Won (Berhasil),696910240
TRX-21670,2021-03-11,Jawa,Logistik & Gudang,Excavator,2,2598883166,5197766332,Won (Berhasil),5197766332
TRX-21874,2022-01-07,Kalimantan,Logistik & Gudang,Excavator,1,1575044775,1575044775,Won (Berhasil),1575044775
TRX-20672,2021-01-29,Kalimantan,Konstruksi,Tractor Agrikultur,2,1233189303,2466378606,Won (Berhasil),2466378606
TRX-21812,2022-12-23,Jawa,Logistik & Gudang,Genset (Generator Set),2,279994145,559988290,Lost (Gagal),0
TRX-22754,2021-12-26,Papua,Pertambangan,Genset (Generator Set),3,211347452,634042356,Lost (Gagal),0
TRX-20591,2023-12-18,Sumatera,Logistik & Gudang,Forklift,4,577132355,2308529420,Won (Berhasil),2308529420
TRX-21468,2023-03-26,,Perkebunan,Forklift,5,413026700,2065133500,Won (Berhasil),2065133500
TRX-20888,2022-08-24,Jawa,Perkebunan,Genset (Generator Set),1,145198629,145198629,Lost (Gagal),0
TRX-21831,2023-08-29,Kalimantan,Pertambangan,Genset (Generator Set),2,274074578,548149156,Won (Berhasil),548149156
TRX-21431,2021-07-21,Kalimantan,Pertambangan,Forklift,3,316497580,949492740,In Progress,0
TRX-22820,2022-07-11,Sumatera,Perkebunan,Tractor Agrikultur,3,1090576706,3271730118,Won (Berhasil),3271730118
TRX-20213,2021-10-16,Sumatera,Pertambangan,Excavator,1,1639958751,1639958751,Lost (Gagal),0
TRX-20778,2023-11-28,Kalimantan,Pertambangan,Tractor Agrikultur,4,1054738729,4218954916,Won (Berhasil),4218954916
TRX-21743,2021-06-24,Papua,Pertambangan,Genset (Generator Set),3,304297878,912893634,Lost (Gagal),0
TRX-20800,2021-02-18,Kalimantan,Manufaktur,Tractor Agrikultur,1,1128443171,1128443171,Won (Berhasil),1128443171
TRX-22795,2023-08-20,Sumatera,Manufaktur,Excavator,2,2322233128,4644466256,Won (Berhasil),4644466256
TRX-21771,2021-02-19,Kalimantan,Pertambangan,Genset (Generator Set),1,250774232,250774232,Won (Berhasil),250774232
TRX-22210,2023-02-27,Jawa,Logistik & Gudang,Excavator,2,1584342843,3168685686,Won (Berhasil),3168685686
TRX-22320,2023-05-31,Kalimantan,Pertambangan,Tractor Agrikultur,4,1248259431,4993037724,Lost (Gagal),0
TRX-22706,2023-01-08,Sulawesi,Pertambangan,Excavator,1,2473380731,2473380731,Won (Berhasil),2473380731
TRX-22756,2022-08-08,Sumatera,Pertambangan,Forklift,3,275156531,825469593,Lost (Gagal),0
TRX-20273,2021-08-21,Kalimantan,Pertambangan,Forklift,5,397025074,1985125370,In Progress,0
TRX-20071,2023-02-20,Jawa,Perkebunan,Excavator,1,1852721910,1852721910,Won (Berhasil),1852721910
TRX-21867,2023-12-06,Sumatera,Pertambangan,Genset (Generator Set),3,258948487,776845461,Won (Berhasil),776845461
TRX-21087,2022-01-19,Sumatera,Perkebunan,Forklift,2,429640252,859280504,Won (Berhasil),859280504
TRX-20394,2021-09-10,,Logistik & Gudang,Genset (Generator Set),2,484023223,968046446,Won (Berhasil),968046446
TRX-20583,2023-12-30,Sumatera,Logistik & Gudang,Genset (Generator Set),1,264995306,264995306,Won (Berhasil),264995306
TRX-22050,2021-06-20,Sumatera,Perkebunan,Excavator,1,1509826438,1509826438,Won (Berhasil),1509826438
TRX-22266,2021-09-26,Jawa,Logistik & Gudang,Genset (Generator Set),3,192943285,578829855,Lost (Gagal),0
TRX-20500,2022-06-21,Papua,Perkebunan,Tractor Agrikultur,5,1321240131,6606200655,Won (Berhasil),6606200655
TRX-22505,2023-11-03,Papua,Pertambangan,Forklip,1,1654925111,1654925111,Won (Berhasil),1654925111
TRX-22258,2021-08-22,Sumatera,Perkebunan,Forklift,2,391037845,782075690,Lost (Gagal),0
TRX-21241,2022-03-11,Sumatera,Perkebunan,Excavator,1,2242156154,2242156154,Won (Berhasil),2242156154
TRX-22785,2022-02-06,,Perkebunan,Forklift,1,491819750,491819750,Won (Berhasil),491819750
TRX-21538,2022-02-25,Papua,Pertambangan,Tractor Agrikultur,5,1389340709,6946703545,Won (Berhasil),6946703545
TRX-21259,2022-12-31,Kalimantan,Konstruksi,Forklift,4,538500906,2154003624,Won (Berhasil),2154003624
TRX-21681,2023-10-10,Papua,Pertambangan,Forklift,3,318728650,956185950,Won (Berhasil),956185950
TRX-21818,2021-02-19,Sulawesi,Konstruksi,Forklift,4,347648271,1390593084,Won (Berhasil),1390593084
TRX-20205,2022-11-16,Sulawesi,Perkebunan,Genset (Generator Set),3,462003815,1386011445,Lost (Gagal),0
TRX-20733,2022-06-20,Jawa,Konstruksi,Forklift,1,458546567,458546567,Won (Berhasil),458546567
TRX-22841,2021-08-21,Sumatera,Pertambangan,Genset (Generator Set),3,128760098,386280294,Won (Berhasil),386280294
TRX-20526,2022-01-24,Kalimantan,Pertambangan,Tractor Agrikultur,4,812002463,3248009852,Won (Berhasil),3248009852
TRX-22561,2022-03-16,Sumatera,Konstruksi,Genset (Generator Set),4,109292234,437168936,In Progress,0
TRX-20898,2021-09-07,Papua,Konstruksi,Excavator,1,2022508922,2022508922,Won (Berhasil),2022508922
TRX-20377,2022-06-11,Papua,Pertambangan,Tractor Agrikultur,3,1368717216,4106151648,Won (Berhasil),4106151648
TRX-22380,2023-12-08,Kalimantan,Pertambangan,Tractor Agrikultur,3,1403657648,4210972944,Lost (Gagal),0
TRX-22726,2021-08-21,Papua,Konstruksi,Tractor Agrikultur,5,1229955086,6149775430,Won (Berhasil),6149775430
TRX-21511,2021-09-23,Jawa,Logistik & Gudang,Tractor Agrikultur,1,948694670,948694670,Lost (Gagal),0
TRX-20386,2022-12-19,Jawa,Perkebunan,Genset (Generator Set),4,331721990,1326887960,Won (Berhasil),1326887960
TRX-20198,2021-01-17,,Perkebunan,Tractor Agrikultur,4,1406863173,5627452692,Lost (Gagal),0
TRX-21050,2023-10-01,Sumatera,Perkebunan,Genset (Generator Set),2,165713497,331426994,In Progress,0
TRX-20590,2022-09-27,Jawa,Pertambangan,Excavator,2,1968759481,3937518962,Lost (Gagal),0
TRX-20519,2023-04-27,Sulawesi,Perkebunan,Tractor Agrikultur,1,922547855,922547855,Won (Berhasil),922547855
TRX-22057,2021-07-18,Kalimantan,Konstruksi,Genset (Generator Set),2,411578223,823156446,Won (Berhasil),823156446
TRX-22077,2022-09-10,Sumatera,Manufaktur,Excavator,2,2364473197,4728946394,Lost (Gagal),0
TRX-20429,2021-09-13,Sulawesi,Perkebunan,Excavator,1,2065359399,2065359399,Won (Berhasil),2065359399
TRX-21083,2021-02-16,Papua,Pertambangan,Excavator,1,2034358389,2034358389,Won (Berhasil),2034358389
TRX-20207,2022-06-26,Sulawesi,Pertambangan,Genset (Generator Set),3,135220561,405661683,Won (Berhasil),405661683
TRX-20491,2021-02-20,Jawa,Logistik & Gudang,Tractor Agrikultur,2,1263425369,2526850738,In Progress,0
TRX-21398,2023-01-29,Sumatera,Logistik & Gudang,Tractor Agrikultur,3,1466855373,4400566119,Lost (Gagal),0
TRX-22959,2023-08-21,Sulawesi,Pertambangan,Tractor Agrikultur,2,1142607022,2285214044,Lost (Gagal),0
TRX-20792,2023-04-30,Kalimantan,Konstruksi,Genset (Generator Set),4,241262400,965049600,Won (Berhasil),965049600
TRX-22533,2021-06-17,Sumatera,Perkebunan,Forklift,3,399817455,1199452365,In Progress,0
TRX-21186,2021-05-07,Sumatera,Perkebunan,Tractor Agrikultur,5,1236950599,6184752995,Lost (Gagal),0
TRX-21185,2023-07-30,,Manufaktur,Tractor Agrikultur,5,1166256086,5831280430,Won (Berhasil),5831280430
TRX-22787,2021-06-06,Jawa,Perkebunan,Forklift,3,589764929,1769294787,Lost (Gagal),0
TRX-21405,2022-12-13,Sulawesi,Manufaktur,Genset (Generator Set),2,460702298,921404596,Won (Berhasil),921404596
TRX-22911,2023-08-23,Sumatera,Logistik & Gudang,Tractor Agrikultur,5,1275881986,6379409930,Lost (Gagal),0
TRX-20083,2021-11-11,Kalimantan,Pertambangan,Excavator,1,2178602612,2178602612,Lost (Gagal),0
TRX-22406,2023-08-26,Papua,Pertambangan,Tractor Agrikultur,4,1429305509,5717222036,Won (Berhasil),5717222036
TRX-22273,2021-04-28,Jawa,Konstruksi,Excavator,1,2548302673,2548302673,Won (Berhasil),2548302673
TRX-20020,2021-02-03,Kalimantan,Pertambangan,Forklift,3,586058144,1758174432,Lost (Gagal),0
TRX-22963,2021-09-15,Kalimantan,Konstruksi,Forklip,4,447761826,1791047304,Won (Berhasil),1791047304
TRX-21754,2023-01-17,Kalimantan,Pertambangan,Excavator,2,1747927925,3495855850,Won (Berhasil),3495855850
TRX-22019,2022-10-14,Papua,Konstruksi,Tractor Agrikultur,5,1266702339,6333511695,Won (Berhasil),6333511695
TRX-22737,2021-06-07,Jawa,Perkebunan,Genset (Generator Set),3,326163897,978491691,Won (Berhasil),978491691
TRX-22018,2021-02-11,Sulawesi,Pertambangan,Genset (Generator Set),4,298034790,1192139160,Lost (Gagal),0
TRX-20973,2021-08-14,Sulawesi,Logistik & Gudang,Excavator,1,2986926923,2986926923,Won (Berhasil),2986926923
TRX-22836,2021-11-09,Jawa,Manufaktur,Genset (Generator Set),1,201776122,201776122,In Progress,0
TRX-20883,2021-02-15,Kalimantan,Pertambangan,Genset (Generator Set),5,388507201,1942536005,Won (Berhasil),1942536005
TRX-21098,2022-07-09,Papua,Pertambangan,Excavator,2,2264542395,4529084790,Won (Berhasil),4529084790
TRX-20156,2022-11-08,Kalimantan,,Forklift,1,579447178,579447178,Won (Berhasil),579447178
TRX-22313,2023-02-12,Sumatera,Pertambangan,Forklift,2,357133561,714267122,Won (Berhasil),714267122
TRX-20886,2022-07-19,Sumatera,Manufaktur,Tractor Agrikultur,4,1167696133,4670784532,In Progress,0
TRX-22567,2022-02-09,Sulawesi,Manufaktur,Genset (Generator Set),2,215111435,430222870,Won (Berhasil),430222870
TRX-21665,2021-03-10,Jawa,Manufaktur,Tractor Agrikultur,3,856989424,2570968272,In Progress,0
TRX-22665,2021-05-11,Sumatera,Pertambangan,Excavator,-2,1879052093,-3758104186,Won (Berhasil),3758104186
TRX-21566,2023-09-27,Sumatera,Konstruksi,Excavator,1,1776485956,1776485956,Won (Berhasil),1776485956
TRX-22576,2023-11-18,Jawa,Logistik & Gudang,Forklift,4,444055738,1776222952,Won (Berhasil),1776222952
TRX-21904,2023-01-07,Sulawesi,Logistik & Gudang,Genset (Generator Set),3,376552158,1129656474,Lost (Gagal),0
TRX-22218,2022-02-20,Papua,Manufaktur,Tractor Agrikultur,3,1238920665,3716761995,Lost (Gagal),0
TRX-22692,2023-10-26,Papua,Pertambangan,Genset (Generator Set),1,491173515,491173515,Won (Berhasil),491173515
TRX-20458,2022-08-21,Sumatera,Manufaktur,Tractor Agrikultur,4,1350194109,5400776436,Lost (Gagal),0
TRX-21973,2023-05-10,Kalimantan,Konstruksi,Excavator,1,2460386878,2460386878,Won (Berhasil),2460386878
TRX-20078,2022-07-21,Jawa,Logistik & Gudang,Tractor Agrikultur,1,1173245407,1173245407,Lost (Gagal),0
TRX-22961,2023-11-05,Papua,Konstruksi,Tractor Agrikultur,5,1027079834,5135399170,In Progress,0
TRX-21056,2022-06-25,Sumatera,Perkebunan,Excavator,1,2113250166,2113250166,In Progress,0
TRX-20906,2023-11-01,Sumatera,Konstruksi,Genset (Generator Set),4,215403652,861614608,Lost (Gagal),0
TRX-21739,2023-02-13,Jawa,Perkebunan,Excavator,1,2992231284,2992231284,Won (Berhasil),2992231284
TRX-22249,2021-02-21,Sumatera,Perkebunan,Excavator,1,1567977300,1567977300,Won (Berhasil),1567977300
TRX-22740,2023-12-29,Kalimantan,Konstruksi,Genset (Generator Set),2,215995235,431990470,Lost (Gagal),0
TRX-20380,2023-01-30,Jawa,Logistik & Gudang,Forklift,2,506653613,1013307226,Won (Berhasil),1013307226
TRX-20947,2023-10-24,Sulawesi,Konstruksi,Forklift,5,327899000,1639495000,Lost (Gagal),0
TRX-21788,2023-06-17,Jawa,Manufaktur,Excavator,2,2682095337,5364190674,Won (Berhasil),5364190674
TRX-22995,2023-07-21,Sumatera,Pertambangan,Excavator,2,2571671226,5143342452,Lost (Gagal),0
TRX-20715,2023-12-03,Sulawesi,Manufaktur,Forklift,3,275279583,825838749,Won (Berhasil),825838749
TRX-22373,2023-09-21,Sumatera,Perkebunan,Genset (Generator Set),3,442528882,1327586646,In Progress,0
TRX-20686,2021-01-09,Kalimantan,Konstruksi,Forklift,1,244009572,244009572,Won (Berhasil),244009572
TRX-22608,2023-05-30,Sumatera,Manufaktur,Tractor Agrikultur,2,1151138319,2302276638,Lost (Gagal),0
TRX-21293,2021-05-22,Sumatera,Manufaktur,Genset (Generator Set),2,214769703,429539406,Lost (Gagal),0
TRX-20305,2022-11-01,Jawa,Pertambangan,Forklift,5,243060212,1215301060,Lost (Gagal),0
TRX-20209,2021-08-28,Sulawesi,Logistik & Gudang,Excavator,2,2268009813,4536019626,Won (Berhasil),4536019626
TRX-21554,2022-11-07,Sumatera,Logistik & Gudang,Tractor Agrikultur,5,1226882569,6134412845,Won (Berhasil),6134412845
TRX-22256,2023-11-08,Sulawesi,Manufaktur,Forklift,1,248255471,248255471,Won (Berhasil),248255471
TRX-22895,2021-07-17,Kalimantan,Pertambangan,Genset (Generator Set),4,263067253,1052269012,Won (Berhasil),1052269012
TRX-21610,2021-09-10,Jawa,Konstruksi,Genset (Generator Set),4,473429619,1893718476,In Progress,0
TRX-20885,2022-05-10,Sumatera,Perkebunan,Excavator,1,1860748974,1860748974,Won (Berhasil),1860748974
TRX-21706,2023-02-06,Kalimantan,Konstruksi,Forklift,2,319153707,638307414,Lost (Gagal),0
TRX-20917,2022-12-06,Kalimantan,Pertambangan,Tractor Agrikultur,3,1159544806,3478634418,In Progress,0
TRX-21741,2023-09-05,Sulawesi,Manufaktur,Excavator,2,2482463566,4964927132,In Progress,0
TRX-21735,2022-05-29,Jawa,Logistik & Gudang,Tractor Agrikultur,2,1163385992,2326771984,In Progress,0
TRX-20191,2022-10-15,Papua,Pertambangan,Tractor Agrikultur,2,837418609,1674837218,Won (Berhasil),1674837218
TRX-22478,2023-11-17,Sulawesi,Konstruksi,Tractor Agrikultur,2,1067597857,2135195714,In Progress,0
TRX-22073,2021-05-06,Papua,Logistik & Gudang,Excavator,2,2692242522,5384485044,Won (Berhasil),5384485044
TRX-21265,2022-01-08,Papua,Konstruksi,Genset (Generator Set),5,154480741,772403705,Won (Berhasil),772403705
TRX-20483,2021-02-13,Jawa,Logistik & Gudang,Genset (Generator Set),3,234275443,702826329,Lost (Gagal),0
TRX-20915,2022-04-30,Kalimantan,Perkebunan,Tractor Agrikultur,1,1094716321,1094716321,Won (Berhasil),1094716321
TRX-22642,2022-08-06,Jawa,Perkebunan,Excavator,1,2932190421,2932190421,Lost (Gagal),0
TRX-20277,2021-06-19,Sulawesi,Konstruksi,Forklift,2,456938214,913876428,Won (Berhasil),913876428
TRX-20988,2021-02-05,Sulawesi,Perkebunan,Genset (Generator Set),5,101038558,505192790,Won (Berhasil),505192790
TRX-22943,2023-06-12,Jawa,Pertambangan,Tractor Agrikultur,1,1480110013,1480110013,Won (Berhasil),1480110013
TRX-22215,2021-03-11,Kalimantan,Pertambangan,Excavator,1,1634494360,1634494360,In Progress,0
TRX-22626,2021-02-22,Sumatera,Pertambangan,Forklift,5,265256160,1326280800,Won (Berhasil),1326280800
TRX-20571,2022-03-30,Papua,Pertambangan,Excavator,1,1794453575,1794453575,Won (Berhasil),1794453575
TRX-21435,2023-07-13,Kalimantan,Pertambangan,Genset (Generator Set),2,308135605,616271210,Won (Berhasil),616271210
TRX-20993,2021-05-05,Jawa,Perkebunan,Forklift,2,321820674,643641348,Won (Berhasil),643641348
TRX-22355,2022-07-04,Jawa,Pertambangan,Excavator,2,2980262488,5960524976,Lost (Gagal),0
TRX-21684,2021-07-09,Jawa,Pertambangan,Genset (Generator Set),5,288751834,1443759170,Lost (Gagal),0
TRX-20585,2021-08-07,Jawa,Logistik & Gudang,Forklift,4,402192486,1608769944,Won (Berhasil),1608769944
TRX-22063,2021-12-04,Papua,Pertambangan,Excavator,2,1596706871,3193413742,Won (Berhasil),3193413742
TRX-20727,2023-10-01,Sulawesi,Perkebunan,Genset (Generator Set),5,204247309,1021236545,Won (Berhasil),1021236545
TRX-21349,2021-07-11,Sulawesi,Manufaktur,Excavator,1,2786412057,2786412057,Won (Berhasil),2786412057
TRX-21007,2021-01-25,Papua,Pertambangan,Genset (Generator Set),2,494229408,988458816,Won (Berhasil),988458816
TRX-20674,2021-08-03,Jawa,Manufaktur,Excavator,2,1824325944,3648651888,Won (Berhasil),3648651888
TRX-22712,2022-08-22,Jawa,Manufaktur,Genset (Generator Set),5,433934806,2169674030,Won (Berhasil),2169674030
TRX-20855,2022-03-10,Jawa,Konstruksi,Tractor Agrikultur,3,1230409915,3691229745,Lost (Gagal),0
TRX-20447,2022-11-02,Jawa,Perkebunan,Tractor Agrikultur,5,969982583,4849912915,Won (Berhasil),4849912915
TRX-21487,2023-06-12,Jawa,Perkebunan,Excavator,1,2183351075,2183351075,Won (Berhasil),2183351075
TRX-21742,2023-05-02,Sulawesi,Logistik & Gudang,Forklift,3,500387021,1501161063,Won (Berhasil),1501161063
TRX-21690,2022-10-27,Jawa,Konstruksi,Excavator,1,2611109305,2611109305,Won (Berhasil),2611109305
TRX-22295,2023-03-22,Papua,Pertambangan,Forklift,5,464703372,2323516860,Won (Berhasil),2323516860
TRX-22719,2021-01-28,Sumatera,Pertambangan,Genset (Generator Set),4,322771923,1291087692,Won (Berhasil),1291087692
TRX-22422,2021-09-20,Sulawesi,Perkebunan,Genset (Generator Set),1,110992833,110992833,Won (Berhasil),110992833
TRX-22699,2023-02-06,Sulawesi,Pertambangan,Forklift,3,490585621,1471756863,In Progress,0
TRX-22715,2021-05-27,Kalimantan,Pertambangan,Tractor Agrikultur,4,965451219,3861804876,Won (Berhasil),3861804876
TRX-21247,2022-01-13,Sulawesi,Pertambangan,Tractor Agrikultur,3,1373952852,4121858556,Lost (Gagal),0
TRX-20294,2022-06-17,Jawa,Konstruksi,Forklift,1,534160080,534160080,Won (Berhasil),534160080
TRX-20588,2021-08-07,Kalimantan,Konstruksi,Genset (Generator Set),1,272406935,272406935,Lost (Gagal),0
TRX-21281,2023-06-29,Sulawesi,Logistik & Gudang,Excavator,1,2914053058,2914053058,In Progress,0
TRX-22245,2022-02-23,Papua,Manufaktur,Tractor Agrikultur,2,1337246654,2674493308,Won (Berhasil),2674493308
TRX-21902,2023-12-30,Papua,Pertambangan,Tractor Agrikultur,5,819378655,4096893275,Lost (Gagal),0
TRX-22211,2021-10-10,Sumatera,Perkebunan,Forklift,5,431664064,2158320320,Won (Berhasil),2158320320
TRX-21494,2021-02-11,Kalimantan,Pertambangan,Tractor Agrikultur,4,1411389904,5645559616,Won (Berhasil),5645559616
TRX-22289,2023-10-10,Kalimantan,Perkebunan,Genset (Generator Set),2,235967896,471935792,In Progress,0
TRX-21417,2021-05-04,Jawa,Logistik & Gudang,Excavator,2,1880513290,3761026580,Lost (Gagal),0
TRX-20425,2022-11-25,,,Excavator,2,1998402466,3996804932,Won (Berhasil),3996804932
TRX-20534,2021-01-23,Sulawesi,Manufaktur,Excavator,1,2787360509,2787360509,Won (Berhasil),2787360509
TRX-21054,2023-10-08,Jawa,Konstruksi,Forklift,5,407083694,2035418470,Lost (Gagal),0
TRX-22845,2022-12-06,Sumatera,Perkebunan,Forklift,2,458185012,916370024,In Progress,0
TRX-22545,2023-02-19,Papua,Perkebunan,Genset (Generator Set),2,342875519,685751038,Won (Berhasil),685751038
TRX-22221,2021-07-09,Kalimantan,Pertambangan,Forklift,2,391731531,783463062,Won (Berhasil),783463062
TRX-20132,2023-06-22,Sumatera,Manufaktur,Genset (Generator Set),3,474263913,1422791739,Won (Berhasil),1422791739
TRX-21915,2021-08-08,Kalimantan,Pertambangan,Tractor Agrikultur,4,848621579,3394486316,In Progress,0
TRX-22592,2022-11-03,Kalimantan,Pertambangan,Excavator,1,2430719872,2430719872,Won (Berhasil),2430719872
TRX-20421,2021-12-05,Papua,Konstruksi,Tractor Agrikultur,4,965390646,3861562584,In Progress,0
TRX-22702,2021-07-24,Kalimantan,Konstruksi,Excavator,1,2920587637,2920587637,Won (Berhasil),2920587637
TRX-22730,2022-03-23,Jawa,Manufaktur,Excavator,2,2378715099,4757430198,Won (Berhasil),4757430198
TRX-22144,2021-05-16,Jawa,Konstruksi,Tractor Agrikultur,4,1348420444,5393681776,Won (Berhasil),5393681776
TRX-21368,2022-09-17,Kalimantan,Konstruksi,Forklift,4,555849209,2223396836,Won (Berhasil),2223396836
TRX-20556,2022-08-03,Papua,Pertambangan,Forklift,5,344883407,1724417035,Won (Berhasil),1724417035
TRX-22078,2021-04-09,Sumatera,Pertambangan,Genset (Generator Set),3,460925867,1382777601,In Progress,0
TRX-22527,2021-06-10,Sumatera,Perkebunan,Excavator,2,1893858149,3787716298,Won (Berhasil),3787716298
TRX-22723,2021-06-08,Kalimantan,Perkebunan,Tractor Agrikultur,1,1229101682,1229101682,Won (Berhasil),1229101682
TRX-20570,2022-04-05,Jawa,Perkebunan,Excavator,2,2170809359,4341618718,Won (Berhasil),4341618718
TRX-20352,2021-06-10,Papua,Pertambangan,Forklift,2,288197959,576395918,Won (Berhasil),576395918
TRX-20091,2021-01-22,Jawa,Logistik & Gudang,Forklip,3,328969008,986907024,Won (Berhasil),986907024
TRX-22157,2021-05-01,Sulawesi,Konstruksi,Excavator,2,2606158673,5212317346,Won (Berhasil),5212317346
TRX-22575,2023-05-01,Jawa,Pertambangan,Forklift,4,424885155,1699540620,Lost (Gagal),0
TRX-21170,2021-09-01,Papua,Pertambangan,Excavator,2,2948389766,5896779532,Lost (Gagal),0
TRX-21558,2021-09-13,Papua,Konstruksi,Excavator,2,2592258748,5184517496,Lost (Gagal),0
TRX-21285,2021-05-25,Papua,Pertambangan,Tractor Agrikultur,1,1378918408,1378918408,In Progress,0
TRX-21778,2023-09-16,Papua,Pertambangan,Genset (Generator Set),3,385137027,1155411081,Lost (Gagal),0
TRX-21536,2023-10-16,Sumatera,Perkebunan,Genset (Generator Set),5,256929795,1284648975,In Progress,0
TRX-22851,2022-08-23,Papua,Manufaktur,Excavator,1,2214725279,2214725279,Won (Berhasil),2214725279
TRX-21898,2021-01-14,Sumatera,Logistik & Gudang,Forklift,3,518821341,1556464023,Lost (Gagal),0
TRX-20697,2022-01-23,Kalimantan,Manufaktur,Tractor Agrikultur,4,1281290695,5125162780,In Progress,0
TRX-22547,2023-11-22,Papua,Pertambangan,Tractor Agrikultur,3,1165800094,3497400282,Lost (Gagal),0
TRX-20348,2022-07-15,Sulawesi,Konstruksi,Forklift,3,549015550,1647046650,Won (Berhasil),1647046650
TRX-22374,2021-10-05,Papua,Konstruksi,Tractor Agrikultur,2,998172072,1996344144,Lost (Gagal),0
TRX-22383,2022-09-30,Sulawesi,Konstruksi,Tractor Agrikultur,-2,1428972630,-2857945260,Won (Berhasil),2857945260
TRX-22469,2021-10-12,Sumatera,Perkebunan,Excavator,2,2521486612,5042973224,Won (Berhasil),5042973224
TRX-22203,2023-02-01,Sumatera,Manufaktur,Excavator,1,2370992244,2370992244,Lost (Gagal),0
TRX-21137,2023-05-19,Papua,Pertambangan,Genset (Generator Set),5,372712671,1863563355,Won (Berhasil),1863563355
TRX-22309,2023-05-01,Sumatera,Pertambangan,Excavator,2,1876659952,3753319904,Won (Berhasil),3753319904
TRX-21732,2022-05-20,Sumatera,Pertambangan,Forklift,3,598156217,1794468651,Won (Berhasil),1794468651
TRX-22883,2023-02-02,Sulawesi,Konstruksi,Genset (Generator Set),5,372482265,1862411325,Won (Berhasil),1862411325
TRX-22867,2021-08-03,Jawa,Pertambangan,Excavator,1,2197507862,2197507862,Lost (Gagal),0
TRX-21339,2022-09-25,Sumatera,Pertambangan,Tractor Agrikultur,2,1137077068,2274154136,Won (Berhasil),2274154136
TRX-22530,2022-05-12,Sumatera,Perkebunan,Tractor Agrikultur,1,1018662625,1018662625,Won (Berhasil),1018662625
TRX-20453,2021-06-30,Kalimantan,Pertambangan,Excavator,2,2341381820,4682763640,Won (Berhasil),4682763640
TRX-20913,2022-10-11,Sulawesi,Konstruksi,Genset (Generator Set),3,495664753,1486994259,Won (Berhasil),1486994259
TRX-21199,2021-02-21,Jawa,Pertambangan,Excavator,1,2317427506,2317427506,Won (Berhasil),2317427506
TRX-21274,2021-11-07,Sumatera,Konstruksi,Excavator,1,2931608360,2931608360,Won (Berhasil),2931608360
TRX-22392,2023-10-09,,Pertambangan,Forklift,4,477829401,1911317604,Won (Berhasil),1911317604
TRX-20037,2023-04-24,Jawa,Konstruksi,Excavator,2,2854956467,5709912934,Won (Berhasil),5709912934
TRX-20974,2021-09-27,Sumatera,Pertambangan,Forklift,3,262065831,786197493,Won (Berhasil),786197493
TRX-22816,2023-04-27,Sumatera,Perkebunan,Excavator,1,2481035851,2481035851,Won (Berhasil),2481035851
TRX-20983,2022-02-12,Jawa,Manufaktur,Excavator,2,2137967256,4275934512,Won (Berhasil),4275934512
TRX-21883,2022-08-13,Kalimantan,Pertambangan,Genset (Generator Set),5,123643643,618218215,Won (Berhasil),618218215
TRX-22043,2021-08-10,Jawa,Manufaktur,Genset (Generator Set),4,196641782,786567128,Lost (Gagal),0
TRX-21418,2023-05-13,Jawa,Perkebunan,Excavator,1,2482219959,2482219959,In Progress,0
TRX-21284,2023-11-18,Sulawesi,Perkebunan,Tractor Agrikultur,4,1498068303,5992273212,Lost (Gagal),0
TRX-20039,2022-01-13,Sulawesi,Perkebunan,Excavator,2,2657234152,5314468304,Won (Berhasil),5314468304
TRX-21486,2021-05-04,Sumatera,Konstruksi,Forklift,3,399316718,1197950154,In Progress,0
TRX-22229,2021-06-18,Papua,Konstruksi,Excavator,2,2580568616,5161137232,In Progress,0
TRX-20169,2021-12-18,Jawa,Konstruksi,Tractor Agrikultur,2,1008842392,2017684784,Won (Berhasil),2017684784
TRX-21355,2023-12-30,Kalimantan,Pertambangan,Tractor Agrikultur,5,1103368645,5516843225,Lost (Gagal),0
TRX-20737,2022-03-01,Papua,Pertambangan,Genset (Generator Set),2,363071686,726143372,Won (Berhasil),726143372
TRX-21623,2023-01-20,Sulawesi,Pertambangan,Genset (Generator Set),1,173028256,173028256,Lost (Gagal),0
TRX-22744,2022-12-13,Jawa,Perkebunan,Excavator,2,2304433284,4608866568,In Progress,0
TRX-21978,2021-05-22,Sulawesi,Logistik & Gudang,Forklift,2,466798848,933597696,In Progress,0
TRX-20634,2021-09-27,Jawa,Logistik & Gudang,Genset (Generator Set),3,341471643,1024414929,Lost (Gagal),0
TRX-22691,2021-07-25,Kalimantan,Pertambangan,Tractor Agrikultur,1,1017687008,1017687008,Won (Berhasil),1017687008
TRX-21999,2021-07-06,Sumatera,Manufaktur,Forklift,5,280918019,1404590095,In Progress,0
TRX-21290,2021-06-11,Kalimantan,Perkebunan,Excavator,1,1793822825,1793822825,Won (Berhasil),1793822825
TRX-21380,2021-01-09,Kalimantan,Pertambangan,Genset (Generator Set),1,275932911,275932911,Won (Berhasil),275932911
TRX-20579,2022-01-23,Kalimantan,Manufaktur,Tractor Agrikultur,1,1309519560,1309519560,Lost (Gagal),0
TRX-20328,2021-08-06,Kalimantan,Pertambangan,Genset (Generator Set),4,360035320,1440141280,In Progress,0
TRX-21717,2021-12-25,Sulawesi,Manufaktur,Genset (Generator Set),5,463969903,2319849515,Lost (Gagal),0
TRX-20892,2023-04-14,Kalimantan,Manufaktur,Genset (Generator Set),3,210292529,630877587,Lost (Gagal),0
TRX-21927,2022-12-08,Kalimantan,Manufaktur,Genset (Generator Set),3,244687136,734061408,Won (Berhasil),734061408
TRX-20780,2022-07-18,Sulawesi,Pertambangan,Genset (Generator Set),3,155822888,467468664,Lost (Gagal),0
TRX-20159,2021-09-04,Sulawesi,Konstruksi,Genset (Generator Set),5,333519958,1667599790,Lost (Gagal),0
TRX-21618,2023-02-24,Sulawesi,Perkebunan,Genset (Generator Set),3,208265950,624797850,Won (Berhasil),624797850
TRX-21804,2023-02-18,Jawa,Logistik & Gudang,Tractor Agrikultur,4,1286046917,5144187668,Lost (Gagal),0
TRX-22654,2022-09-24,Jawa,Pertambangan,Tractor Agrikultur,4,1390060875,5560243500,Won (Berhasil),5560243500
TRX-20061,2023-07-21,Kalimantan,Konstruksi,Tractor Agrikultur,1,1444971046,1444971046,Won (Berhasil),1444971046
TRX-20849,2023-08-03,Sumatera,Perkebunan,Forklift,2,414482024,828964048,Lost (Gagal),0
TRX-22164,2022-09-11,Sumatera,Perkebunan,Tractor Agrikultur,4,895054001,3580216004,Won (Berhasil),3580216004
TRX-22939,2022-12-02,Jawa,Logistik & Gudang,Genset (Generator Set),5,258349419,1291747095,Lost (Gagal),0
TRX-22741,2023-01-03,Jawa,Konstruksi,Tractor Agrikultur,2,940449766,1880899532,Won (Berhasil),1880899532
TRX-21043,2023-03-24,Sumatera,Konstruksi,Forklift,5,471273627,2356368135,In Progress,0
TRX-22536,2023-12-29,Papua,Pertambangan,Genset (Generator Set),5,245418297,1227091485,Won (Berhasil),1227091485
TRX-21544,2021-05-04,Sumatera,Perkebunan,Tractor Agrikultur,1,1408011145,1408011145,Won (Berhasil),1408011145
TRX-22016,2022-12-29,Papua,Pertambangan,Excavator,2,2668398550,5336797100,Won (Berhasil),5336797100
TRX-22633,2023-02-03,Sumatera,Konstruksi,Excavator,1,2897573581,2897573581,Lost (Gagal),0
TRX-21070,2021-01-16,Jawa,Perkebunan,Excavator,2,2728473235,5456946470,Won (Berhasil),5456946470
TRX-20053,2021-06-24,Sulawesi,Logistik & Gudang,Genset (Generator Set),4,208798183,835192732,Won (Berhasil),835192732
TRX-22481,2022-03-26,Kalimantan,Pertambangan,Genset (Generator Set),3,337800579,1013401737,Won (Berhasil),1013401737
TRX-20258,2021-08-01,Jawa,Pertambangan,Forklift,2,597934006,1195868012,Won (Berhasil),1195868012
TRX-20505,2023-04-06,Sulawesi,Logistik & Gudang,Genset (Generator Set),1,164601259,164601259,Lost (Gagal),0
TRX-20752,2023-07-06,Jawa,Perkebunan,Forklift,1,207031060,207031060,Won (Berhasil),207031060
TRX-22054,2021-09-11,Jawa,Perkebunan,Excavator,1,2598155940,2598155940,In Progress,0
TRX-20217,2021-04-29,Papua,Perkebunan,Tractor Agrikultur,2,1166421637,2332843274,Won (Berhasil),2332843274
TRX-20824,2022-06-15,Jawa,Manufaktur,Genset (Generator Set),2,323995323,647990646,Won (Berhasil),647990646
TRX-21590,2022-03-23,Papua,Pertambangan,Genset (Generator Set),2,307662159,615324318,Won (Berhasil),615324318
TRX-20014,2022-06-05,Sulawesi,Perkebunan,Tractor Agrikultur,2,1229385656,2458771312,Won (Berhasil),2458771312
TRX-22310,2021-03-03,Kalimantan,Pertambangan,Excavator,2,2726663013,5453326026,Won (Berhasil),5453326026
TRX-21389,2022-07-24,Sulawesi,Perkebunan,Excavator,2,2215608666,4431217332,Lost (Gagal),0
TRX-22543,2022-05-09,Papua,Pertambangan,Excavator,1,2090555882,2090555882,Lost (Gagal),0
TRX-21266,2022-06-07,Kalimantan,Manufaktur,Tractor Agrikultur,2,1431806009,2863612018,In Progress,0
TRX-22538,2023-01-19,Sumatera,Pertambangan,Excavator,2,2468988403,4937976806,Won (Berhasil),4937976806
TRX-22789,2023-10-11,Sulawesi,Pertambangan,Forklift,5,468962308,2344811540,Won (Berhasil),2344811540
TRX-20771,2023-01-03,Kalimantan,Konstruksi,Excavator,2,2667610852,5335221704,Lost (Gagal),0
TRX-22849,2022-04-15,Jawa,Logistik & Gudang,Tractor Agrikultur,5,1023658801,5118294005,Won (Berhasil),5118294005
TRX-22086,2022-10-04,Sumatera,Perkebunan,Tractor Agrikultur,5,961499025,4807495125,In Progress,0
TRX-22887,2022-09-06,Papua,Pertambangan,Excavator,1,1729321621,1729321621,Won (Berhasil),1729321621
TRX-21085,2022-05-02,Kalimantan,Pertambangan,Forklift,5,493248952,2466244760,Lost (Gagal),0
TRX-21795,2021-01-05,Papua,Pertambangan,Forklift,3,516335408,1549006224,Won (Berhasil),1549006224
TRX-22209,2023-12-22,Sumatera,Perkebunan,Genset (Generator Set),4,398167766,1592671064,Won (Berhasil),1592671064
TRX-21325,2023-09-14,Jawa,Manufaktur,Tractor Agrikultur,1,846380268,846380268,Won (Berhasil),846380268
TRX-22154,2021-07-24,Sumatera,Perkebunan,Excavator,1,1789607648,1789607648,Won (Berhasil),1789607648
TRX-21628,2023-05-12,Sumatera,Perkebunan,Genset (Generator Set),1,428691204,428691204,Won (Berhasil),428691204
TRX-21945,2023-11-09,Sulawesi,Logistik & Gudang,Forklift,5,270944342,1354721710,Lost (Gagal),0
TRX-21721,2022-11-27,Kalimantan,Pertambangan,Excavator,1,2665852894,2665852894,Lost (Gagal),0
TRX-22801,2022-09-26,Sumatera,Pertambangan,Forklift,3,375924336,1127773008,Lost (Gagal),0
TRX-22655,2023-04-04,Sumatera,Manufaktur,Tractor Agrikultur,1,1210372392,1210372392,Won (Berhasil),1210372392
TRX-21756,2022-10-03,Sulawesi,Pertambangan,Forklift,1,288030873,288030873,Lost (Gagal),0
TRX-21791,2023-05-20,Kalimantan,Konstruksi,Forklift,3,390543771,1171631313,Won (Berhasil),1171631313
TRX-21163,2023-09-06,Sumatera,Logistik & Gudang,Tractor Agrikultur,4,1370281805,5481127220,In Progress,0
TRX-20963,2021-01-03,Jawa,Logistik & Gudang,Genset (Generator Set),2,448249934,896499868,Won (Berhasil),896499868
TRX-22949,2022-07-16,Kalimantan,Pertambangan,Forklip,1,1690640379,1690640379,Won (Berhasil),1690640379
TRX-21737,2023-02-28,Sumatera,Manufaktur,Excavator,1,2540378224,2540378224,In Progress,0
TRX-20398,2022-09-30,Kalimantan,Pertambangan,Forklift,5,500315178,2501575890,Won (Berhasil),2501575890
TRX-20584,2022-10-25,Papua,Pertambangan,Tractor Agrikultur,1,1415407025,1415407025,Won (Berhasil),1415407025
TRX-20948,2022-11-28,Jawa,Manufaktur,Genset (Generator Set),2,101337121,202674242,Won (Berhasil),202674242
TRX-20704,2021-09-10,Sulawesi,Perkebunan,Genset (Generator Set),1,161046086,161046086,Lost (Gagal),0
TRX-20431,2021-05-19,Sumatera,Perkebunan,Excavator,2,2169068792,4338137584,In Progress,0
TRX-20292,2023-05-18,Papua,Logistik & Gudang,Forklift,4,203467024,813868096,In Progress,0
TRX-20145,2021-01-27,Papua,Pertambangan,Forklift,1,530504259,530504259,Lost (Gagal),0
TRX-20323,2023-02-08,Jawa,Konstruksi,Excavator,1,2361929096,2361929096,Won (Berhasil),2361929096
TRX-22898,2023-08-08,Kalimantan,Perkebunan,Forklift,4,517411065,2069644260,Won (Berhasil),2069644260
TRX-21165,2021-06-17,Jawa,Logistik & Gudang,Genset (Generator Set),3,252588230,757764690,In Progress,0
TRX-21452,2021-12-22,Sumatera,Pertambangan,Tractor Agrikultur,2,1437858643,2875717286,Won (Berhasil),2875717286
TRX-20002,2021-08-15,Jawa,Konstruksi,Tractor Agrikultur,4,1452342115,5809368460,Won (Berhasil),5809368460
TRX-20576,2021-03-30,Jawa,Pertambangan,Genset (Generator Set),1,183583493,183583493,Lost (Gagal),0
TRX-22337,2021-06-26,Kalimantan,Pertambangan,Forklift,5,435216959,2176084795,Won (Berhasil),2176084795
TRX-20339,2023-09-01,Kalimantan,Perkebunan,Genset (Generator Set),2,299413062,598826124,Won (Berhasil),598826124
TRX-21859,2021-02-25,Sulawesi,Perkebunan,Genset (Generator Set),5,160282587,801412935,Won (Berhasil),801412935
TRX-21659,2022-01-17,Kalimantan,Pertambangan,Genset (Generator Set),4,294233443,1176933772,In Progress,0
TRX-20925,2023-08-16,Papua,Pertambangan,Excavator,2,2020455578,4040911156,Won (Berhasil),4040911156
TRX-20265,2023-06-14,Sumatera,Perkebunan,Genset (Generator Set),4,159622666,638490664,Lost (Gagal),0
TRX-20376,2022-04-25,Jawa,Manufaktur,Excavator,2,2900414415,5800828830,Lost (Gagal),0
TRX-21941,2021-06-06,Sumatera,Pertambangan,Tractor Agrikultur,1,1313192577,1313192577,In Progress,0
TRX-21463,2023-01-03,Sumatera,Perkebunan,Excavator,2,2940164732,5880329464,Lost (Gagal),0
TRX-20271,2022-11-26,Kalimantan,Konstruksi,Genset (Generator Set),4,427010790,1708043160,Won (Berhasil),1708043160
TRX-20696,2022-06-26,Papua,Logistik & Gudang,Genset (Generator Set),3,364280755,1092842265,Won (Berhasil),1092842265
TRX-22083,2023-04-11,Papua,Pertambangan,Genset (Generator Set),3,295741418,887224254,Won (Berhasil),887224254
TRX-20244,2021-11-02,Jawa,Manufaktur,Tractor Agrikultur,2,1129994978,2259989956,Lost (Gagal),0
TRX-22860,2023-05-10,Sulawesi,Konstruksi,Tractor Agrikultur,1,1277316121,1277316121,Lost (Gagal),0
TRX-20476,2022-05-16,Jawa,Logistik & Gudang,Excavator,2,1787904468,3575808936,Lost (Gagal),0
TRX-21770,2023-08-23,Papua,Pertambangan,Genset (Generator Set),5,172343267,861716335,Lost (Gagal),0
TRX-21798,2021-10-29,Papua,Pertambangan,Excavator,1,2379098435,2379098435,In Progress,0
TRX-21926,2022-10-16,Kalimantan,Pertambangan,Forklip,3,204279452,612838356,Lost (Gagal),0
TRX-22927,2022-05-25,Sulawesi,Logistik & Gudang,Genset (Generator Set),3,223976404,671929212,Lost (Gagal),0
TRX-22579,2021-01-12,Kalimantan,Pertambangan,Forklift,3,410168344,1230505032,Won (Berhasil),1230505032
TRX-22830,2023-05-15,Kalimantan,Manufaktur,Forklift,2,414414519,828829038,In Progress,0
TRX-21190,2021-10-14,,Logistik & Gudang,Excavator,2,2889328171,5778656342,Won (Berhasil),5778656342
TRX-22004,2022-09-01,Kalimantan,,Tractor Agrikultur,4,812534260,3250137040,Won (Berhasil),3250137040
TRX-21948,2021-04-10,Jawa,Logistik & Gudang,Genset (Generator Set),5,440258253,2201291265,Won (Berhasil),2201291265
TRX-20250,2023-10-08,Kalimantan,Pertambangan,Tractor Agrikultur,4,1147283227,4589132908,Won (Berhasil),4589132908
TRX-20413,2022-12-01,Jawa,Pertambangan,Forklift,5,479533979,2397669895,Won (Berhasil),2397669895
TRX-20545,2023-05-23,Jawa,Logistik & Gudang,Genset (Generator Set),2,183708695,367417390,Won (Berhasil),367417390
TRX-21193,2021-06-12,Sulawesi,Perkebunan,Forklift,4,377499997,1509999988,Won (Berhasil),1509999988
TRX-20738,2021-07-27,Sulawesi,Perkebunan,Forklift,3,446762919,1340288757,Won (Berhasil),1340288757
TRX-20310,2023-11-06,Papua,,Forklift,3,217449893,652349679,In Progress,0
TRX-21764,2023-09-10,Sumatera,Perkebunan,Genset (Generator Set),4,346369474,1385477896,Won (Berhasil),1385477896
TRX-20893,2023-10-13,Sumatera,Logistik & Gudang,Tractor Agrikultur,2,1054929253,2109858506,Won (Berhasil),2109858506
TRX-21131,2022-09-23,Papua,Logistik & Gudang,Tractor Agrikultur,1,1394548288,1394548288,Lost (Gagal),0
TRX-21449,2023-11-28,Kalimantan,Logistik & Gudang,Excavator,1,2330202392,2330202392,Won (Berhasil),2330202392
TRX-22954,2022-06-23,Sulawesi,Manufaktur,Tractor Agrikultur,2,980019050,1960038100,Won (Berhasil),1960038100
TRX-20015,2023-12-21,Kalimantan,Perkebunan,Excavator,2,2395833215,4791666430,Won (Berhasil),4791666430
TRX-22031,2022-04-18,Sumatera,Pertambangan,Tractor Agrikultur,4,1207565834,4830263336,Lost (Gagal),0
TRX-20721,2021-03-07,Jawa,Manufaktur,Genset (Generator Set),4,172555242,690220968,Lost (Gagal),0
TRX-21420,2022-04-22,Sumatera,Konstruksi,Forklip,3,546058059,1638174177,Won (Berhasil),1638174177
TRX-22677,2022-09-15,Sulawesi,Manufaktur,Forklift,5,425937147,2129685735,Won (Berhasil),2129685735
TRX-20981,2021-02-17,Sulawesi,Pertambangan,Genset (Generator Set),3,467675766,1403027298,Won (Berhasil),1403027298
TRX-21952,2023-07-16,Jawa,Manufaktur,Excavator,1,2805439958,2805439958,In Progress,0
TRX-21539,2022-05-24,Jawa,Konstruksi,Genset (Generator Set),-2,402317927,-804635854,Won (Berhasil),1206953781
TRX-22892,2021-12-28,Sulawesi,Pertambangan,Genset (Generator Set),1,220497843,220497843,Won (Berhasil),220497843
TRX-21550,2022-10-16,Sumatera,Perkebunan,Genset (Generator Set),2,303808728,607617456,Lost (Gagal),0
TRX-22460,2021-08-16,Jawa,Konstruksi,Tractor Agrikultur,2,1387051368,2774102736,Lost (Gagal),0
TRX-20363,2022-01-04,Jawa,Perkebunan,Excavator,2,1520767625,3041535250,In Progress,0
TRX-20982,2022-09-03,Kalimantan,Pertambangan,Tractor Agrikultur,4,852625191,3410500764,Won (Berhasil),3410500764
TRX-20182,2021-10-03,Papua,Konstruksi,Tractor Agrikultur,1,1326389875,1326389875,Won (Berhasil),1326389875
TRX-20985,2022-11-12,Sulawesi,Perkebunan,Excavator,2,2826781610,5653563220,Won (Berhasil),5653563220
TRX-22059,2021-10-02,Papua,Pertambangan,Excavator,2,2865005615,5730011230,Lost (Gagal),0
TRX-21194,2023-02-19,Sulawesi,Perkebunan,Genset (Generator Set),2,496652879,993305758,Lost (Gagal),0
TRX-21846,2022-04-17,Jawa,Manufaktur,Tractor Agrikultur,5,952639032,4763195160,Lost (Gagal),0
TRX-21847,2021-06-25,Sulawesi,Manufaktur,Excavator,2,1694029635,3388059270,Won (Berhasil),3388059270
TRX-21121,2023-08-01,Jawa,Pertambangan,Forklift,2,418419268,836838536,Lost (Gagal),0
TRX-20187,2022-01-25,Papua,Konstruksi,Tractor Agrikultur,5,1222191536,6110957680,In Progress,0
TRX-20619,2022-09-29,Sumatera,Perkebunan,Genset (Generator Set),1,389130774,389130774,Won (Berhasil),389130774
TRX-22688,2021-11-07,Jawa,Perkebunan,Forklift,5,448878876,2244394380,Won (Berhasil),2244394380
TRX-21175,2021-08-19,Jawa,Manufaktur,Tractor Agrikultur,1,1388113905,1388113905,Lost (Gagal),0
TRX-21182,2022-01-31,Jawa,Konstruksi,Excavator,1,2837168465,2837168465,Won (Berhasil),2837168465
TRX-22421,2021-01-24,Papua,Manufaktur,Genset (Generator Set),4,253268329,1013073316,Won (Berhasil),1013073316
TRX-22956,2022-07-01,Jawa,Logistik & Gudang,Excavator,1,1615141436,1615141436,In Progress,0
TRX-20614,2023-11-01,Papua,Konstruksi,Tractor Agrikultur,4,1277522980,5110091920,Won (Berhasil),5110091920
TRX-21513,2021-07-26,Sumatera,Konstruksi,Forklift,1,523153940,523153940,Won (Berhasil),523153940
TRX-21466,2022-05-28,Sumatera,Perkebunan,Genset (Generator Set),5,401944333,2009721665,In Progress,0
TRX-20401,2022-12-08,Jawa,Manufaktur,Excavator,2,2074200583,4148401166,Won (Berhasil),4148401166
TRX-20994,2022-12-07,Papua,Pertambangan,Genset (Generator Set),4,450457091,1801828364,Lost (Gagal),0
TRX-20934,2022-05-10,Kalimantan,Konstruksi,Tractor Agrikultur,4,972384717,3889538868,Lost (Gagal),0
TRX-20371,2023-04-04,Kalimantan,Logistik & Gudang,Excavator,1,2377115173,2377115173,Lost (Gagal),0
TRX-22003,2022-08-27,Kalimantan,Konstruksi,Genset (Generator Set),4,492981123,1971924492,Lost (Gagal),0
TRX-22760,2021-07-19,Sumatera,Perkebunan,Forklift,3,522173348,1566520044,Won (Berhasil),1566520044
TRX-20593,2022-07-04,Sumatera,Logistik & Gudang,Forklift,2,235093128,470186256,Won (Berhasil),470186256
TRX-21991,2021-07-10,Sumatera,Perkebunan,Tractor Agrikultur,1,1453509381,1453509381,Won (Berhasil),1453509381
TRX-20726,2022-11-03,Papua,Manufaktur,Genset (Generator Set),3,268141959,804425877,Won (Berhasil),804425877
TRX-20826,2023-12-01,Sulawesi,Perkebunan,Genset (Generator Set),4,154371778,617487112,Won (Berhasil),617487112
TRX-21749,2022-02-04,Jawa,Manufaktur,Tractor Agrikultur,5,1258854715,6294273575,Lost (Gagal),0
TRX-20687,2021-10-13,Jawa,Perkebunan,Forklift,4,320888909,1283555636,Won (Berhasil),1283555636
TRX-22250,2023-08-05,Sumatera,Perkebunan,Tractor Agrikultur,3,1173172702,3519518106,Won (Berhasil),3519518106
TRX-20136,2021-04-03,Jawa,Pertambangan,Genset (Generator Set),1,231495500,231495500,Lost (Gagal),0
TRX-22488,2021-08-21,Papua,Perkebunan,Forklift,5,272902126,1364510630,Lost (Gagal),0
TRX-20628,2021-03-07,Kalimantan,Konstruksi,Tractor Agrikultur,1,0,0,Won (Berhasil),1154877478
TRX-20334,2022-10-05,Jawa,Konstruksi,Tractor Agrikultur,1,829638355,829638355,Won (Berhasil),829638355
TRX-20390,2022-07-22,Papua,Manufaktur,Genset (Generator Set),5,142421985,712109925,Lost (Gagal),0
TRX-22346,2021-09-10,Kalimantan,Pertambangan,Tractor Agrikultur,2,1463431915,2926863830,Lost (Gagal),0
TRX-21109,2023-07-24,Jawa,Konstruksi,Forklift,5,547162915,2735814575,Won (Berhasil),2735814575
TRX-21813,2023-05-02,Sulawesi,Logistik & Gudang,Genset (Generator Set),4,434136065,1736544260,Won (Berhasil),1736544260
TRX-22743,2022-05-02,Sulawesi,Logistik & Gudang,Forklift,4,530591703,2122366812,Won (Berhasil),2122366812
TRX-20710,2022-11-04,Kalimantan,Konstruksi,Excavator,1,1861642022,1861642022,In Progress,0
TRX-21039,2023-07-04,Sumatera,Konstruksi,Tractor Agrikultur,5,1194741604,5973708020,Lost (Gagal),0
TRX-21963,2021-01-17,Sulawesi,Logistik & Gudang,Tractor Agrikultur,5,1299530497,6497652485,Won (Berhasil),6497652485
TRX-22069,2021-03-21,Kalimantan,Pertambangan,Tractor Agrikultur,4,844954492,3379817968,Won (Berhasil),3379817968
TRX-22638,2021-03-08,Papua,Pertambangan,Tractor Agrikultur,3,1079081810,3237245430,Won (Berhasil),3237245430
TRX-21561,2023-11-05,Kalimantan,Manufaktur,Genset (Generator Set),2,172621205,345242410,Lost (Gagal),0
TRX-22802,2022-09-21,Sumatera,Perkebunan,Forklift,3,437539612,1312618836,Won (Berhasil),1312618836
TRX-21594,2021-03-17,Sulawesi,Manufaktur,Excavator,2,2449244057,4898488114,Lost (Gagal),0
TRX-22895,2021-07-17,Kalimantan,Pertambangan,Genset (Generator Set),4,263067253,1052269012,Won (Berhasil),1052269012
TRX-22562,2022-07-11,Sumatera,,Forklift,5,522579818,2612899090,Won (Berhasil),2612899090
TRX-21112,2023-05-12,Sulawesi,Perkebunan,Excavator,1,2223809860,2223809860,Won (Berhasil),2223809860
TRX-20465,2023-12-13,Kalimantan,Pertambangan,Tractor Agrikultur,-2,1135296056,-2270592112,Lost (Gagal),0
TRX-21560,2023-02-20,Papua,Konstruksi,Excavator,2,1754195004,3508390008,Won (Berhasil),3508390008
TRX-21223,2023-09-04,Jawa,Logistik & Gudang,Excavator,2,2522388810,5044777620,In Progress,0
TRX-22034,2023-11-16,Sulawesi,Manufaktur,Genset (Generator Set),5,496191212,2480956060,Lost (Gagal),0
TRX-21073,2023-02-16,Papua,Logistik & Gudang,Forklift,5,325033259,1625166295,Lost (Gagal),0
TRX-22798,2023-07-07,Sulawesi,Logistik & Gudang,Excavator,2,1518929167,3037858334,Won (Berhasil),3037858334
TRX-21508,2021-03-25,Sumatera,Pertambangan,Forklift,1,351392653,351392653,Lost (Gagal),0
TRX-21104,2023-06-28,Jawa,Pertambangan,Forklift,2,327448984,654897968,Lost (Gagal),0
TRX-20660,2023-09-29,Papua,Perkebunan,Excavator,1,1781681116,1781681116,Won (Berhasil),1781681116
TRX-20338,2023-02-08,Kalimantan,Pertambangan,Tractor Agrikultur,3,1195328481,3585985443,Won (Berhasil),3585985443
TRX-20215,2021-10-02,Sumatera,Perkebunan,Forklift,2,312957373,625914746,Lost (Gagal),0
TRX-21615,2021-11-15,Sumatera,Konstruksi,Genset (Generator Set),4,238141030,952564120,Won (Berhasil),952564120
TRX-22117,2022-03-18,Sumatera,Perkebunan,Genset (Generator Set),4,451922368,1807689472,Won (Berhasil),1807689472
TRX-22987,2023-02-02,Kalimantan,Konstruksi,Genset (Generator Set),4,486330222,1945320888,In Progress,0
TRX-22851,2022-08-23,Papua,Manufaktur,Excavator,1,2214725279,2214725279,Won (Berhasil),2214725279
TRX-21592,2023-02-02,Sulawesi,Konstruksi,Tractor Agrikultur,2,977032572,1954065144,Lost (Gagal),0
TRX-22367,2022-08-22,Jawa,Logistik & Gudang,Genset (Generator Set),2,244586443,489172886,Won (Berhasil),489172886
TRX-22005,2021-08-07,,Manufaktur,Excavator,2,2771482748,5542965496,Won (Berhasil),5542965496
TRX-22564,2021-08-03,Jawa,Manufaktur,Genset (Generator Set),4,280640486,1122561944,Won (Berhasil),1122561944
TRX-20816,2021-11-26,Jawa,Perkebunan,Genset (Generator Set),1,453683420,453683420,Won (Berhasil),453683420
TRX-21067,2022-01-23,Sulawesi,Logistik & Gudang,Excavator,1,1679936145,1679936145,Won (Berhasil),1679936145
TRX-22064,2021-02-28,Kalimantan,Perkebunan,Excavator,2,2739722779,5479445558,Lost (Gagal),0
TRX-20274,2023-02-19,Sumatera,Pertambangan,Tractor Agrikultur,3,1342054280,4026162840,Lost (Gagal),0
TRX-22281,2021-11-28,Jawa,Logistik & Gudang,Excavator,1,2115593565,2115593565,Won (Berhasil),2115593565
TRX-20865,2022-03-26,Sumatera,Logistik & Gudang,Genset (Generator Set),5,422277152,2111385760,Lost (Gagal),0
TRX-20101,2021-01-11,Jawa,Logistik & Gudang,Forklift,5,226544319,1132721595,Lost (Gagal),0
TRX-21501,2021-07-22,Kalimantan,Pertambangan,Excavator,2,2593759405,5187518810,Won (Berhasil),5187518810
TRX-22184,2023-02-06,Kalimantan,Pertambangan,Excavator,1,2515756311,2515756311,Lost (Gagal),0
TRX-20171,2021-08-10,Sumatera,Konstruksi,Genset (Generator Set),4,254307707,1017230828,Lost (Gagal),0
TRX-20107,2022-10-02,Sulawesi,Pertambangan,Forklift,3,420147037,1260441111,Won (Berhasil),1260441111
TRX-21940,2023-02-14,Jawa,Pertambangan,Forklift,3,266864545,800593635,Won (Berhasil),800593635
TRX-21521,2022-11-16,Papua,Pertambangan,Forklift,3,301415886,904247658,Lost (Gagal),0
TRX-20322,2022-11-25,Sulawesi,Konstruksi,Excavator,1,2511816241,2511816241,Won (Berhasil),2511816241
TRX-22873,2021-10-25,Sumatera,Perkebunan,Genset (Generator Set),5,326028556,1630142780,Won (Berhasil),1630142780
TRX-22037,2022-11-02,Kalimantan,Konstruksi,Genset (Generator Set),3,383535809,1150607427,Won (Berhasil),1150607427
TRX-22678,2023-05-12,Jawa,Konstruksi,Ekskavator,4,1352104561,5408418244,Lost (Gagal),0
TRX-22480,2022-12-21,Sumatera,Konstruksi,Tractor Agrikultur,3,1345668927,4037006781,Won (Berhasil),4037006781
TRX-22044,2023-09-22,Papua,Manufaktur,Forklift,1,255245528,255245528,Won (Berhasil),255245528
TRX-22287,2021-03-17,Sumatera,Perkebunan,Tractor Agrikultur,5,1246016032,6230080160,Won (Berhasil),6230080160
TRX-22377,2022-11-11,Papua,Pertambangan,Forklift,5,311144919,1555724595,Lost (Gagal),0
TRX-22618,2022-11-11,Papua,Pertambangan,Excavator,2,2174288143,4348576286,Lost (Gagal),0
TRX-22276,2023-04-12,Sumatera,Perkebunan,Excavator,1,2437277307,2437277307,Won (Berhasil),2437277307
TRX-20295,2021-03-09,Sulawesi,Perkebunan,Forklift,2,301876973,603753946,Won (Berhasil),603753946
TRX-20712,2021-11-14,Kalimantan,Pertambangan,Forklift,4,589320399,2357281596,Won (Berhasil),2357281596
TRX-20072,2023-12-27,Kalimantan,Pertambangan,Forklift,2,585966626,1171933252,Won (Berhasil),1171933252
TRX-22033,2023-10-04,Sumatera,Perkebunan,Excavator,1,2970487015,2970487015,Lost (Gagal),0
TRX-22306,2021-06-19,Papua,Perkebunan,Forklift,3,535736277,1607208831,Won (Berhasil),1607208831
TRX-22886,2021-03-02,Papua,Pertambangan,Forklift,1,365917652,365917652,Won (Berhasil),365917652
TRX-22932,2021-11-19,Kalimantan,Pertambangan,Excavator,1,2808342752,2808342752,Won (Berhasil),2808342752
TRX-20481,2021-11-30,Papua,Pertambangan,Genset (Generator Set),2,438002761,876005522,Lost (Gagal),0
TRX-22984,2022-07-09,Sulawesi,Konstruksi,Excavator,1,2541734127,2541734127,Lost (Gagal),0
TRX-21530,2023-03-20,Kalimantan,Logistik & Gudang,Tractor Agrikultur,3,1402106603,4206319809,Won (Berhasil),4206319809
TRX-22596,2021-01-18,Sumatera,Pertambangan,Excavator,2,2605444719,5210889438,Lost (Gagal),0
TRX-21514,2021-10-31,Sulawesi,Pertambangan,Excavator,2,2806320730,5612641460,Won (Berhasil),5612641460
TRX-20408,2021-09-08,Papua,Pertambangan,Genset (Generator Set),1,161879239,161879239,Won (Berhasil),161879239
TRX-21762,2023-01-20,Sumatera,Perkebunan,Genset (Generator Set),4,130950895,523803580,Lost (Gagal),0
TRX-21490,2023-01-10,,Pertambangan,Forklift,2,508512306,1017024612,Won (Berhasil),1017024612
TRX-21171,2021-07-22,Papua,Manufaktur,Forklift,5,395851398,1979256990,Won (Berhasil),1979256990
TRX-22490,2022-01-01,Jawa,Manufaktur,Tractor Agrikultur,5,1171013258,5855066290,Lost (Gagal),0
TRX-22023,2022-09-02,Kalimantan,Konstruksi,Forklift,1,313741060,313741060,Won (Berhasil),313741060
TRX-22108,2022-07-30,Kalimantan,Pertambangan,Tractor Agrikultur,2,1306998833,2613997666,Won (Berhasil),2613997666
TRX-22251,2021-12-31,Sulawesi,Logistik & Gudang,Genset (Generator Set),2,348511459,697022918,Lost (Gagal),0
TRX-22308,2021-09-19,Kalimantan,Pertambangan,Genset (Generator Set),4,455686680,1822746720,In Progress,0
TRX-20405,2023-10-24,Sulawesi,Pertambangan,Forklift,5,493202914,2466014570,Lost (Gagal),0
TRX-20757,2023-08-07,Sulawesi,Perkebunan,Excavator,1,2708341271,2708341271,Won (Berhasil),2708341271
TRX-22329,2022-07-26,Papua,Logistik & Gudang,Tractor Agrikultur,1,1472289935,1472289935,Won (Berhasil),1472289935
TRX-22219,2022-11-16,Jawa,Pertambangan,Genset (Generator Set),2,494633045,989266090,Won (Berhasil),989266090
TRX-21957,2022-02-06,Jawa,Pertambangan,Excavator,1,2871253257,2871253257,Lost (Gagal),0
TRX-20097,2022-04-01,Kalimantan,Pertambangan,Tractor Agrikultur,2,1269706702,2539413404,Won (Berhasil),2539413404
TRX-21333,2021-09-22,Sumatera,Manufaktur,Forklift,5,515300219,2576501095,Lost (Gagal),0
TRX-22426,2022-10-12,Sulawesi,Pertambangan,Forklift,5,328333510,1641667550,Won (Berhasil),1641667550
TRX-20743,2022-09-09,Sulawesi,Logistik & Gudang,Tractor Agrikultur,3,1097787185,3293361555,Won (Berhasil),3293361555
TRX-20806,2022-09-23,Sumatera,Perkebunan,Tractor Agrikultur,1,834033522,834033522,Won (Berhasil),834033522
TRX-22815,2021-06-30,Kalimantan,Manufaktur,Forklift,3,447472000,1342416000,Lost (Gagal),0
TRX-21977,2023-10-10,Sulawesi,Logistik & Gudang,Forklift,2,357015522,714031044,Lost (Gagal),0
TRX-22540,2022-11-11,Jawa,Konstruksi,Genset (Generator Set),3,425846497,1277539491,Won (Berhasil),1277539491
TRX-21535,2022-07-25,Sulawesi,Logistik & Gudang,Excavator,2,2421386428,4842772856,In Progress,0
TRX-22084,2022-01-29,Sumatera,Perkebunan,Excavator,2,2601852232,5203704464,In Progress,0
TRX-22140,2021-08-03,Sulawesi,Manufaktur,Genset (Generator Set),3,196489116,589467348,Won (Berhasil),589467348
TRX-20148,2021-04-22,Kalimantan,Konstruksi,Genset (Generator Set),1,466000864,466000864,In Progress,0
TRX-21850,2021-12-02,Papua,Pertambangan,Genset (Generator Set),5,305394539,1526972695,Lost (Gagal),0
TRX-22087,2022-03-04,Sumatera,Perkebunan,Tractor Agrikultur,5,999044796,4995223980,Won (Berhasil),4995223980
TRX-21983,2022-06-17,Sumatera,Perkebunan,Forklift,1,329197902,329197902,Won (Berhasil),329197902
TRX-21315,2022-04-07,Jawa,Pertambangan,Tractor Agrikultur,3,933104247,2799312741,Won (Berhasil),2799312741
TRX-20692,2023-04-13,Jawa,Logistik & Gudang,Tractor Agrikultur,1,1241686925,1241686925,Lost (Gagal),0
TRX-20818,2023-01-16,Kalimantan,Logistik & Gudang,Excavator,2,2437123261,4874246522,Lost (Gagal),0
TRX-21728,2023-07-09,Sulawesi,Konstruksi,Forklift,2,348965298,697930596,Lost (Gagal),0
TRX-21386,2022-05-22,Sumatera,Manufaktur,Genset (Generator Set),4,406025803,1624103212,Lost (Gagal),0
TRX-22318,2022-02-10,Jawa,Konstruksi,Excavator,2,2127899412,4255798824,Won (Berhasil),4255798824
TRX-22090,2021-07-19,Sumatera,Perkebunan,Tractor Agrikultur,5,1001965342,5009826710,Won (Berhasil),5009826710
TRX-21599,2023-04-08,Sulawesi,Pertambangan,Tractor Agrikultur,5,1093197010,5465985050,Lost (Gagal),0
TRX-22398,2023-12-11,Kalimantan,Pertambangan,Forklift,5,347332541,1736662705,Won (Berhasil),1736662705
TRX-22495,2021-01-19,Jawa,Konstruksi,Forklift,1,359929897,359929897,Won (Berhasil),359929897
TRX-20701,2021-04-08,Sumatera,Pertambangan,Forklift,2,272198765,544397530,Lost (Gagal),0
TRX-21956,2023-04-24,Jawa,Konstruksi,Forklift,2,202786251,405572502,Won (Berhasil),405572502
TRX-22700,2022-08-29,Sumatera,Perkebunan,Excavator,1,2393848618,2393848618,Lost (Gagal),0
TRX-20921,2023-12-12,Jawa,Konstruksi,Forklift,1,507746201,507746201,Won (Berhasil),507746201
TRX-21424,2022-09-10,Kalimantan,Pertambangan,Forklift,3,453743994,1361231982,Won (Berhasil),1361231982
TRX-21708,2023-09-20,Kalimantan,Pertambangan,Genset (Generator Set),5,291295688,1456478440,Lost (Gagal),0
TRX-20905,2022-04-16,Kalimantan,Pertambangan,Forklift,2,473226794,946453588,Won (Berhasil),946453588
TRX-20454,2023-11-01,Papua,Konstruksi,Genset (Generator Set),3,301779147,905337441,Lost (Gagal),0
TRX-22116,2022-11-26,,Pertambangan,Genset (Generator Set),3,253287905,759863715,Won (Berhasil),759863715
TRX-22315,2022-04-10,Papua,Konstruksi,Forklift,2,486785813,973571626,Lost (Gagal),0
TRX-22341,2022-12-20,Jawa,Pertambangan,Forklift,3,432118225,1296354675,Won (Berhasil),1296354675
TRX-22335,2021-03-05,Sulawesi,Pertambangan,Excavator,1,1549516428,1549516428,Lost (Gagal),0
TRX-20167,2022-10-17,Kalimantan,Pertambangan,Tractor Agrikultur,3,813973923,2441921769,Won (Berhasil),2441921769
TRX-20730,2023-07-07,Jawa,Manufaktur,Tractor Agrikultur,1,1388000493,1388000493,Lost (Gagal),0
TRX-22384,2022-04-13,Jawa,Perkebunan,Excavator,1,2586204139,2586204139,In Progress,0
TRX-21310,2023-02-26,Sulawesi,Pertambangan,Forklift,1,277950099,277950099,Lost (Gagal),0
TRX-20026,2023-05-12,,Pertambangan,Tractor Agrikultur,2,994260746,1988521492,Lost (Gagal),0
TRX-22013,2022-12-21,Sulawesi,Konstruksi,Forklift,2,505005976,1010011952,Lost (Gagal),0
TRX-21652,2021-02-19,Sulawesi,Konstruksi,Excavator,1,2626798538,2626798538,Won (Berhasil),2626798538
TRX-21622,2021-02-23,Papua,Pertambangan,Excavator,2,2300607505,4601215010,Lost (Gagal),0
TRX-20587,2022-06-21,Sulawesi,Konstruksi,Genset (Generator Set),3,0,0,In Progress,0
TRX-21401,2021-05-19,Sumatera,Logistik & Gudang,Tractor Agrikultur,5,955393240,4776966200,Won (Berhasil),4776966200
TRX-20997,2021-01-11,Papua,Konstruksi,Tractor Agrikultur,3,1128785951,3386357853,Won (Berhasil),3386357853
TRX-21176,2021-08-15,Papua,Pertambangan,Genset (Generator Set),5,113506306,567531530,Won (Berhasil),567531530
TRX-21700,2023-04-27,Sulawesi,Manufaktur,Forklift,1,486117313,486117313,Won (Berhasil),486117313
TRX-21040,2022-03-20,Jawa,Logistik & Gudang,Tractor Agrikultur,2,966961490,1933922980,Won (Berhasil),1933922980
TRX-20033,2022-06-16,Jawa,Pertambangan,Excavator,1,1546307484,1546307484,Lost (Gagal),0
TRX-22292,2023-12-21,Jawa,Perkebunan,Excavator,1,1805397079,1805397079,Won (Berhasil),1805397079
TRX-22405,2021-06-09,Papua,Konstruksi,Forklift,5,360681676,1803408380,Won (Berhasil),1803408380
TRX-21379,2022-07-03,Jawa,Perkebunan,Excavator,2,2346709420,4693418840,Won (Berhasil),4693418840
TRX-20041,2022-04-28,Sulawesi,Perkebunan,Forklift,2,481861285,963722570,Lost (Gagal),0
TRX-21869,2022-03-01,Jawa,Perkebunan,Excavator,2,2715102348,5430204696,Won (Berhasil),5430204696
TRX-22381,2021-05-17,Sulawesi,Manufaktur,Forklift,2,264695017,529390034,Lost (Gagal),0
TRX-22649,2022-02-26,Sumatera,Pertambangan,Tractor Agrikultur,2,1117442742,2234885484,Won (Berhasil),2234885484
TRX-22196,2021-10-13,Papua,Perkebunan,Tractor Agrikultur,4,1158958180,4635832720,Won (Berhasil),4635832720
TRX-22123,2022-08-10,Papua,Pertambangan,Forklift,3,422383269,1267149807,Won (Berhasil),1267149807
TRX-22194,2022-06-23,Sumatera,Konstruksi,Tractor Agrikultur,1,1260526574,1260526574,Lost (Gagal),0
TRX-20609,2022-10-12,Jawa,Perkebunan,Tractor Agrikultur,1,1435748334,1435748334,In Progress,0
TRX-21132,2022-03-06,Kalimantan,Logistik & Gudang,Tractor Agrikultur,1,882999225,882999225,In Progress,0
TRX-20028,2023-06-06,Jawa,Konstruksi,Forklift,4,435906902,1743627608,Lost (Gagal),0
TRX-20441,2023-11-26,Jawa,Konstruksi,Tractor Agrikultur,5,1128550047,5642750235,Won (Berhasil),5642750235
TRX-22025,2022-08-24,Papua,Pertambangan,Excavator,2,2245171212,4490342424,Lost (Gagal),0
TRX-22195,2021-10-09,Sulawesi,Pertambangan,Tractor Agrikultur,3,1040516294,3121548882,Won (Berhasil),3121548882
TRX-20493,2023-03-03,Jawa,Perkebunan,Genset (Generator Set),5,128235202,641176010,Won (Berhasil),641176010
TRX-21258,2021-07-30,Sumatera,Perkebunan,Forklift,4,466224216,1864896864,Won (Berhasil),1864896864
TRX-21301,2023-06-28,Sumatera,Manufaktur,Forklift,4,583461928,2333847712,Won (Berhasil),2333847712
TRX-22581,2023-10-27,Sumatera,Perkebunan,Forklift,5,249221049,1246105245,Won (Berhasil),1246105245
TRX-22402,2021-05-15,Jawa,Pertambangan,Excavator,2,1781435834,3562871668,Won (Berhasil),3562871668
TRX-21382,2021-11-06,Kalimantan,Pertambangan,Tractor Agrikultur,5,860697079,4303485395,Won (Berhasil),4303485395
TRX-21304,2022-02-25,Sumatera,Perkebunan,Forklift,4,434210256,1736841024,Won (Berhasil),1736841024
TRX-20236,2022-03-01,Jawa,Manufaktur,Forklift,1,429429309,429429309,Won (Berhasil),429429309
TRX-20551,2023-11-14,Kalimantan,Pertambangan,Forklift,4,491556732,1966226928,In Progress,0
TRX-20520,2023-11-28,Sulawesi,Logistik & Gudang,Genset (Generator Set),1,352115493,352115493,Won (Berhasil),352115493
TRX-22252,2021-04-30,Sumatera,Perkebunan,Forklift,5,284232247,1421161235,Won (Berhasil),1421161235
TRX-21232,2021-02-09,Kalimantan,Pertambangan,Forklift,1,382638814,382638814,Won (Berhasil),382638814
TRX-21138,2022-10-23,Sumatera,Manufaktur,Genset (Generator Set),1,437724366,437724366,Won (Berhasil),437724366
TRX-20720,2021-09-08,Jawa,Pertambangan,Excavator,2,2156570976,4313141952,Won (Berhasil),4313141952
TRX-20735,2021-04-28,Kalimantan,Pertambangan,Forklift,4,490567315,1962269260,Won (Berhasil),1962269260
TRX-22697,2021-12-24,Sulawesi,Perkebunan,Genset (Generator Set),3,352404643,1057213929,In Progress,0
TRX-21750,2023-01-14,Sumatera,Perkebunan,Genset (Generator Set),1,409324942,409324942,Won (Berhasil),409324942
TRX-20058,2023-11-25,Kalimantan,Konstruksi,Tractor Agrikultur,3,1153923236,3461769708,Won (Berhasil),3461769708
TRX-20631,2021-08-26,Papua,Pertambangan,Excavator,1,1883906081,1883906081,In Progress,0
TRX-21181,2022-01-15,Sulawesi,Logistik & Gudang,Excavator,2,2188894859,4377789718,Won (Berhasil),4377789718
TRX-22238,2021-04-27,Papua,Konstruksi,Excavator,2,2820915109,5641830218,Lost (Gagal),0
TRX-20592,2023-11-22,Papua,Konstruksi,Forklift,2,509580953,1019161906,In Progress,0
TRX-21303,2023-08-06,Sumatera,Perkebunan,Forklift,2,539640380,1079280760,Won (Berhasil),1079280760
TRX-21387,2022-09-18,Sumatera,Manufaktur,Tractor Agrikultur,3,878079561,2634238683,Won (Berhasil),2634238683
TRX-22659,2022-12-11,Jawa,Logistik & Gudang,Forklift,4,284244311,1136977244,Won (Berhasil),1136977244
TRX-22674,2022-10-08,Sumatera,Konstruksi,Excavator,1,2468612590,2468612590,Won (Berhasil),2468612590
TRX-22900,2022-04-21,Sulawesi,Manufaktur,Forklift,2,204661036,409322072,Won (Berhasil),409322072
TRX-20939,2023-11-17,Jawa,Logistik & Gudang,Genset (Generator Set),5,219900076,1099500380,Won (Berhasil),1099500380
TRX-22835,2021-03-22,Papua,Perkebunan,Excavator,1,2036793010,2036793010,Won (Berhasil),2036793010
TRX-21249,2023-05-30,Sulawesi,Logistik & Gudang,Excavator,2,2970309962,5940619924,In Progress,0
TRX-20904,2021-04-28,Sumatera,Pertambangan,Genset (Generator Set),2,456603673,913207346,Won (Berhasil),913207346
TRX-22586,2023-11-17,Sumatera,Manufaktur,Excavator,1,1557350838,1557350838,Won (Berhasil),1557350838
TRX-21279,2023-07-22,Kalimantan,Logistik & Gudang,Genset (Generator Set),2,159391273,318782546,Lost (Gagal),0
TRX-22439,2023-12-24,Kalimantan,Pertambangan,Genset (Generator Set),4,194844920,779379680,Lost (Gagal),0
TRX-22926,2022-01-30,Papua,Konstruksi,Excavator,2,1686692823,3373385646,Lost (Gagal),0
TRX-22161,2021-02-01,Jawa,Perkebunan,Genset (Generator Set),5,478845561,2394227805,In Progress,0
TRX-22424,2022-01-08,Sumatera,Konstruksi,Excavator,2,2344614709,4689229418,Won (Berhasil),4689229418
TRX-22503,2021-11-18,Sulawesi,Manufaktur,Forklift,3,407549723,1222649169,Lost (Gagal),0
TRX-21142,2023-12-20,Papua,Pertambangan,Tractor Agrikultur,1,1365820464,1365820464,Lost (Gagal),0
TRX-22418,2021-11-22,Sumatera,Pertambangan,Forklift,3,474068526,1422205578,Lost (Gagal),0
TRX-20706,2023-11-21,Sumatera,Perkebunan,Genset (Generator Set),4,326103433,1304413732,Won (Berhasil),1304413732
TRX-22685,2022-09-13,Jawa,Perkebunan,Excavator,1,2184060388,2184060388,Won (Berhasil),2184060388
TRX-21022,2022-12-05,Papua,Pertambangan,Forklip,2,106223605,212447210,Won (Berhasil),212447210
TRX-20745,2023-08-04,Sumatera,Perkebunan,Forklift,3,224437454,673312362,Won (Berhasil),673312362
TRX-21546,2022-12-14,Sumatera,Perkebunan,Tractor Agrikultur,5,833135812,4165679060,Lost (Gagal),0
TRX-22394,2023-11-07,Papua,Perkebunan,Tractor Agrikultur,5,907927674,4539638370,Won (Berhasil),4539638370
TRX-22080,2022-11-03,Papua,Pertambangan,Excavator,1,1727942624,1727942624,Won (Berhasil),1727942624
TRX-20513,2022-09-30,Sulawesi,Perkebunan,Genset (Generator Set),3,136486271,409458813,Won (Berhasil),409458813
TRX-20081,2022-08-20,Jawa,Perkebunan,Excavator,2,1552437301,3104874602,In Progress,0
TRX-22705,2023-08-15,Kalimantan,Konstruksi,Genset (Generator Set),4,303349509,1213398036,Won (Berhasil),1213398036
TRX-21308,2022-10-12,Papua,Pertambangan,Excavator,2,1944642631,3889285262,Won (Berhasil),3889285262
TRX-22535,2021-09-10,Sumatera,Manufaktur,Excavator,2,2685866503,5371733006,Lost (Gagal),0
TRX-20914,2021-12-20,Sumatera,Pertambangan,Genset (Generator Set),1,208137264,208137264,Lost (Gagal),0
TRX-21404,2022-02-27,Sulawesi,Logistik & Gudang,Tractor Agrikultur,4,1147730901,4590923604,Won (Berhasil),4590923604
TRX-21647,2022-03-29,Papua,Pertambangan,Forklift,5,464114268,2320571340,Lost (Gagal),0
TRX-22805,2021-01-30,Papua,Konstruksi,Genset (Generator Set),5,422204829,2111024145,Won (Berhasil),2111024145
TRX-21108,2022-03-28,Kalimantan,Konstruksi,Excavator,2,2023293791,4046587582,Won (Berhasil),4046587582
TRX-20150,2021-04-12,Papua,Konstruksi,Excavator,2,2372336437,4744672874,Lost (Gagal),0
TRX-22771,2022-02-16,Sulawesi,Manufaktur,Genset (Generator Set),2,210980640,421961280,In Progress,0
TRX-20774,2022-11-22,Kalimantan,Konstruksi,Excavator,1,1731614410,1731614410,Won (Berhasil),1731614410
TRX-20329,2023-06-09,Sulawesi,Pertambangan,Forklift,3,344074534,1032223602,Won (Berhasil),1032223602
TRX-20006,2022-02-13,Papua,Perkebunan,Tractor Agrikultur,3,980852445,2942557335,Lost (Gagal),0
TRX-20943,2023-12-31,Jawa,Pertambangan,Tractor Agrikultur,2,1023271335,2046542670,Lost (Gagal),0
TRX-20822,2023-03-30,Kalimantan,Perkebunan,Forklift,3,372826810,1118480430,Lost (Gagal),0
TRX-20734,2023-07-14,Papua,Pertambangan,Genset (Generator Set),3,162593751,487781253,Lost (Gagal),0
TRX-20909,2023-02-01,Papua,Pertambangan,Tractor Agrikultur,2,916286762,1832573524,Won (Berhasil),1832573524
TRX-20468,2022-10-05,Sulawesi,Logistik & Gudang,Genset (Generator Set),4,452078931,1808315724,Won (Berhasil),1808315724
TRX-20181,2021-02-12,Sulawesi,Pertambangan,Forklift,3,405659694,1216979082,Won (Berhasil),1216979082
TRX-20164,2023-02-20,Kalimantan,Logistik & Gudang,Excavator,1,1764411140,1764411140,Won (Berhasil),1764411140
TRX-21523,2023-10-04,Papua,Manufaktur,Tractor Agrikultur,1,969186598,969186598,Lost (Gagal),0
TRX-20451,2022-04-25,Sulawesi,Pertambangan,Tractor Agrikultur,3,1174744243,3524232729,Won (Berhasil),3524232729
TRX-20490,2022-01-03,Kalimantan,Pertambangan,Genset (Generator Set),2,407198635,814397270,Won (Berhasil),814397270
TRX-20813,2022-07-02,Jawa,Pertambangan,Forklift,4,242489014,969956056,Won (Berhasil),969956056
TRX-21143,2022-08-23,Jawa,Konstruksi,Forklift,3,567698762,1703096286,In Progress,0
TRX-21311,2022-06-12,Papua,Manufaktur,Excavator,2,1714208111,3428416222,Won (Berhasil),3428416222
TRX-22897,2021-01-12,Sulawesi,,Excavator,2,2899986209,5799972418,Won (Berhasil),5799972418
TRX-21111,2023-02-07,Kalimantan,,Forklift,3,372277781,1116833343,Lost (Gagal),0
TRX-22901,2023-02-07,Sulawesi,Konstruksi,Excavator,2,1823802459,3647604918,Won (Berhasil),3647604918
TRX-21826,2022-08-15,Sulawesi,Pertambangan,Forklift,1,402581175,402581175,Won (Berhasil),402581175
TRX-21441,2023-01-31,Sulawesi,Perkebunan,Tractor Agrikultur,5,1445106022,7225530110,Won (Berhasil),7225530110
TRX-22713,2021-07-16,Jawa,Perkebunan,Tractor Agrikultur,2,1027374945,2054749890,Won (Berhasil),2054749890
TRX-21006,2022-10-02,Kalimantan,Pertambangan,Genset (Generator Set),5,392654302,1963271510,Lost (Gagal),0
TRX-21627,2022-03-18,Papua,Pertambangan,Tractor Agrikultur,1,1237477217,1237477217,In Progress,0
TRX-21632,2021-09-26,Sumatera,Pertambangan,Tractor Agrikultur,1,1134053376,1134053376,Lost (Gagal),0
TRX-21074,2022-10-02,Papua,Pertambangan,Genset (Generator Set),1,386613381,386613381,Lost (Gagal),0
TRX-20578,2023-09-26,Jawa,Perkebunan,Forklift,1,550195415,550195415,Won (Berhasil),550195415
TRX-22136,2022-08-25,Sulawesi,Konstruksi,Ekskavator,2,214016333,428032666,Won (Berhasil),428032666
TRX-22382,2023-12-27,Papua,Pertambangan,Excavator,2,2319543068,4639086136,Won (Berhasil),4639086136
TRX-22701,2021-12-22,Jawa,Perkebunan,Excavator,1,2557303402,2557303402,Lost (Gagal),0
TRX-22339,2022-09-20,Kalimantan,Pertambangan,Excavator,2,2615482990,5230965980,Won (Berhasil),5230965980
TRX-20327,2023-12-03,Kalimantan,Konstruksi,Genset (Generator Set),1,478642639,478642639,Won (Berhasil),478642639
TRX-21790,2022-10-29,Sumatera,Perkebunan,Excavator,2,1862328475,3724656950,Lost (Gagal),0
TRX-20442,2023-05-16,Sulawesi,Manufaktur,Excavator,1,2457953308,2457953308,Lost (Gagal),0
TRX-21858,2024-01-01,Sumatera,Logistik & Gudang,Tractor Agrikultur,5,820722466,4103612330,Won (Berhasil),4103612330
TRX-22717,2023-08-19,Sumatera,Perkebunan,Genset (Generator Set),2,208095877,416191754,Won (Berhasil),416191754
TRX-20312,2021-08-02,Kalimantan,Manufaktur,Excavator,2,1574851967,3149703934,Won (Berhasil),3149703934
TRX-20832,2023-08-16,Sulawesi,Perkebunan,Forklift,5,323439208,1617196040,Won (Berhasil),1617196040
TRX-22411,2022-06-06,Papua,Pertambangan,Excavator,1,2897342542,2897342542,Lost (Gagal),0
TRX-22138,2023-01-05,Sulawesi,Konstruksi,Forklift,2,514421168,1028842336,Won (Berhasil),1028842336
TRX-21414,2022-09-27,Papua,Perkebunan,Forklift,3,281315977,843947931,Lost (Gagal),0
TRX-21201,2022-11-13,Jawa,Pertambangan,Tractor Agrikultur,3,1437004557,4311013671,Won (Berhasil),4311013671
TRX-22351,2021-02-10,Sulawesi,Manufaktur,Forklift,2,201889433,403778866,Won (Berhasil),403778866
TRX-21499,2021-11-08,Sumatera,Perkebunan,Genset (Generator Set),2,214950136,429900272,Won (Berhasil),429900272
TRX-21967,2022-05-08,Papua,Pertambangan,Forklift,4,202676638,810706552,Lost (Gagal),0
TRX-20086,2021-02-23,Kalimantan,Konstruksi,Excavator,2,2251777622,4503555244,Won (Berhasil),4503555244
TRX-21403,2023-11-22,Jawa,Konstruksi,Genset (Generator Set),5,396889689,1984448445,Won (Berhasil),1984448445
TRX-22973,2022-09-02,Papua,Perkebunan,Genset (Generator Set),4,246247715,984990860,Won (Berhasil),984990860
TRX-22360,2022-07-31,Jawa,Konstruksi,Forklift,1,447333148,447333148,Won (Berhasil),447333148
TRX-21481,2023-05-26,Sumatera,Perkebunan,Genset (Generator Set),5,388697267,1943486335,In Progress,0
TRX-20777,2021-07-12,Kalimantan,Konstruksi,Forklift,2,523933619,1047867238,Won (Berhasil),1047867238
TRX-20799,2023-02-18,Sulawesi,Manufaktur,Tractor Agrikultur,2,885785810,1771571620,Won (Berhasil),1771571620
TRX-21666,2021-01-12,Jawa,Konstruksi,Genset (Generator Set),1,420190203,420190203,Won (Berhasil),420190203
TRX-21894,2021-02-03,Kalimantan,Perkebunan,Forklift,3,267596217,802788651,Won (Berhasil),802788651
TRX-20054,2023-06-23,Sumatera,Manufaktur,Genset (Generator Set),5,256916102,1284580510,In Progress,0
TRX-22399,2022-09-18,Sumatera,Pertambangan,Forklift,4,218598183,874392732,Won (Berhasil),874392732
TRX-21287,2021-08-28,Papua,Pertambangan,Genset (Generator Set),4,187047330,748189320,Lost (Gagal),0
TRX-21920,2022-07-05,Jawa,Pertambangan,Forklift,5,420738586,2103692930,Won (Berhasil),2103692930
TRX-21667,2021-05-09,Jawa,Manufaktur,Genset (Generator Set),4,325799225,1303196900,Lost (Gagal),0
TRX-22629,2023-09-29,Sumatera,Perkebunan,Forklift,2,480134059,960268118,Lost (Gagal),0
TRX-22189,2021-11-15,Papua,Pertambangan,Forklift,1,279604683,279604683,Won (Berhasil),279604683
TRX-21701,2022-04-08,Kalimantan,Pertambangan,Tractor Agrikultur,2,1349643917,2699287834,Lost (Gagal),0
TRX-21245,2022-07-05,Papua,Konstruksi,Genset (Generator Set),4,135942820,543771280,Won (Berhasil),543771280
TRX-20113,2022-05-26,Papua,Logistik & Gudang,Forklift,5,581110449,2905552245,Lost (Gagal),0
TRX-20746,2021-03-25,Papua,Manufaktur,Forklift,4,501069465,2004277860,Won (Berhasil),2004277860
TRX-20987,2021-08-25,Papua,Pertambangan,Excavator,1,2612185952,2612185952,Won (Berhasil),2612185952
TRX-20501,2023-09-25,Papua,Pertambangan,Excavator,2,1713592054,3427184108,Won (Berhasil),3427184108
TRX-22187,2023-04-08,Sumatera,Perkebunan,Forklift,3,423046611,1269139833,Won (Berhasil),1269139833
TRX-21009,2022-12-16,Kalimantan,Pertambangan,Forklift,5,509648280,2548241400,Won (Berhasil),2548241400
TRX-21198,2022-11-20,Sumatera,Perkebunan,Genset (Generator Set),5,450650037,2253250185,In Progress,0
TRX-21394,2023-06-26,,Konstruksi,Excavator,2,2616269438,5232538876,Won (Berhasil),5232538876
TRX-20589,2022-11-01,Papua,,Excavator,1,2958109142,2958109142,Won (Berhasil),2958109142
TRX-20768,2021-06-02,Sulawesi,Manufaktur,Forklift,1,264790245,264790245,Won (Berhasil),264790245
TRX-20017,2021-11-02,Sulawesi,Pertambangan,Tractor Agrikultur,4,1214612871,4858451484,Lost (Gagal),0
TRX-21042,2022-02-23,Jawa,Perkebunan,Tractor Agrikultur,3,1214931310,3644793930,Won (Berhasil),3644793930
TRX-21447,2023-07-02,Sumatera,Perkebunan,Genset (Generator Set),2,104722946,209445892,In Progress,0
TRX-22501,2023-01-26,Jawa,Perkebunan,Genset (Generator Set),4,218763616,875054464,Lost (Gagal),0
TRX-20285,2021-11-16,Kalimantan,Konstruksi,Genset (Generator Set),2,117226183,234452366,Won (Berhasil),234452366
TRX-22682,2023-10-28,Jawa,Perkebunan,Tractor Agrikultur,1,902804726,902804726,Won (Berhasil),902804726
TRX-20428,2022-06-05,Sulawesi,Konstruksi,Excavator,2,2906826110,5813652220,Won (Berhasil),5813652220
TRX-21328,2021-07-18,Sulawesi,Pertambangan,Excavator,1,2644188680,2644188680,Won (Berhasil),2644188680
TRX-22029,2023-04-21,Sumatera,Konstruksi,Excavator,2,1594269975,3188539950,Won (Berhasil),3188539950
TRX-20669,2022-07-10,Kalimantan,Perkebunan,Tractor Agrikultur,2,1302902824,2605805648,Won (Berhasil),2605805648
TRX-20031,2021-11-11,Jawa,Manufaktur,Tractor Agrikultur,2,1449424605,2898849210,Lost (Gagal),0
TRX-21341,2021-01-11,Sumatera,Konstruksi,Excavator,2,2692854188,5385708376,Won (Berhasil),5385708376
TRX-20722,2021-09-03,Sulawesi,Konstruksi,Forklift,5,598824502,2994122510,Won (Berhasil),2994122510
TRX-20951,2022-08-17,Papua,Pertambangan,Excavator,1,2637069326,2637069326,Lost (Gagal),0
TRX-21914,2023-10-27,Kalimantan,Perkebunan,Genset (Generator Set),3,149768315,449304945,Won (Berhasil),449304945
TRX-22330,2022-02-01,Sumatera,Logistik & Gudang,Forklift,2,575523833,1151047666,Won (Berhasil),1151047666
TRX-20214,2021-01-05,Papua,Pertambangan,Tractor Agrikultur,1,1315500269,1315500269,Won (Berhasil),1315500269
TRX-20989,2021-01-23,Papua,Perkebunan,Excavator,1,1902222264,1902222264,Lost (Gagal),0
TRX-21164,2023-09-24,Jawa,Manufaktur,Genset (Generator Set),2,246565103,493130206,Won (Berhasil),493130206
TRX-22839,2023-03-29,Sumatera,Konstruksi,Tractor Agrikultur,4,1415496575,5661986300,Lost (Gagal),0
TRX-22696,2022-09-10,Jawa,Konstruksi,Forklift,2,254872039,509744078,Lost (Gagal),0
TRX-20326,2023-06-22,Sumatera,Perkebunan,Genset (Generator Set),4,223397785,893591140,Won (Berhasil),893591140
TRX-20560,2021-11-23,Sulawesi,Konstruksi,Genset (Generator Set),2,300386147,600772294,Won (Berhasil),600772294
TRX-21383,2021-03-31,Jawa,Perkebunan,Tractor Agrikultur,4,1174208038,4696832152,Won (Berhasil),4696832152
TRX-21724,2023-03-25,Papua,Perkebunan,Forklift,1,445653993,445653993,Won (Berhasil),445653993
TRX-21086,2021-10-25,Kalimantan,Pertambangan,Tractor Agrikultur,3,1331358712,3994076136,Won (Berhasil),3994076136
TRX-22670,2023-05-26,Sumatera,Logistik & Gudang,Tractor Agrikultur,5,921201789,4606008945,Won (Berhasil),4606008945
TRX-20341,2021-07-12,Sulawesi,Perkebunan,Forklift,5,378125212,1890626060,Lost (Gagal),0
TRX-21653,2023-08-11,Sulawesi,Konstruksi,Excavator,2,2125821588,4251643176,Won (Berhasil),4251643176
TRX-20147,2023-06-18,Jawa,Manufaktur,Genset (Generator Set),3,102553551,307660653,Lost (Gagal),0
TRX-22376,2023-08-26,Jawa,Perkebunan,Excavator,2,2625627831,5251255662,Won (Berhasil),5251255662
TRX-22809,2022-09-06,Sulawesi,Pertambangan,Tractor Agrikultur,4,913545581,3654182324,Won (Berhasil),3654182324
TRX-21107,2023-09-28,Papua,Pertambangan,Genset (Generator Set),2,467571571,935143142,Won (Berhasil),935143142
TRX-20848,2022-06-12,Sulawesi,Pertambangan,Forklift,1,457690971,457690971,Won (Berhasil),457690971
TRX-20966,2023-03-26,Jawa,Pertambangan,Tractor Agrikultur,3,1151569113,3454707339,Won (Berhasil),3454707339
TRX-21072,2021-10-17,Sumatera,Konstruksi,Tractor Agrikultur,5,1406091019,7030455095,Won (Berhasil),7030455095
TRX-22510,2022-11-28,,Pertambangan,Tractor Agrikultur,4,1095996208,4383984832,Won (Berhasil),4383984832
TRX-21905,2021-07-19,Papua,Pertambangan,Genset (Generator Set),3,284726279,854178837,Won (Berhasil),854178837
TRX-20155,2023-02-09,Kalimantan,Konstruksi,Forklift,5,269704432,1348522160,Won (Berhasil),1348522160
TRX-20665,2023-07-25,Kalimantan,Logistik & Gudang,Genset (Generator Set),5,139281113,696405565,Lost (Gagal),0
TRX-20661,2023-01-08,Sumatera,Perkebunan,Forklift,1,325818708,325818708,Won (Berhasil),325818708
TRX-21002,2021-11-28,Papua,Pertambangan,Excavator,1,1950548154,1950548154,Won (Berhasil),1950548154
TRX-22378,2023-03-17,Papua,Manufaktur,Forklift,3,509735957,1529207871,Won (Berhasil),1529207871
TRX-22546,2022-07-30,Sulawesi,Logistik & Gudang,Forklift,5,444182162,2220910810,Won (Berhasil),2220910810
TRX-20176,2022-04-21,Papua,Logistik & Gudang,Genset (Generator Set),1,362558022,362558022,Won (Berhasil),362558022
TRX-22698,2022-07-10,Jawa,Perkebunan,Forklift,3,246087274,738261822,In Progress,0
TRX-21879,2021-09-20,Sumatera,Perkebunan,Excavator,1,2538868325,2538868325,Won (Berhasil),2538868325
TRX-21524,2022-08-24,Kalimantan,Konstruksi,Tractor Agrikultur,3,1044099272,3132297816,Lost (Gagal),0
TRX-22864,2023-12-07,Sumatera,Manufaktur,Genset (Generator Set),4,414004272,1656017088,Won (Berhasil),1656017088
TRX-21203,2023-05-23,Kalimantan,Konstruksi,Tractor Agrikultur,5,905357796,4526788980,Won (Berhasil),4526788980
TRX-21990,2022-10-05,Sumatera,Logistik & Gudang,Tractor Agrikultur,2,1165404749,2330809498,In Progress,0
TRX-20024,2022-11-22,Kalimantan,Konstruksi,Excavator,1,1901494256,1901494256,Won (Berhasil),1901494256
TRX-22857,2021-01-24,Kalimantan,Pertambangan,Excavator,2,2160803194,4321606388,Won (Berhasil),4321606388
TRX-22091,2023-02-16,Sumatera,Pertambangan,Genset (Generator Set),2,345920906,691841812,Lost (Gagal),0
TRX-22112,2021-01-09,Sulawesi,Konstruksi,Genset (Generator Set),2,309339870,618679740,Won (Berhasil),618679740
TRX-22938,2022-02-05,Kalimantan,Perkebunan,Excavator,2,2048495185,4096990370,Won (Berhasil),4096990370
TRX-20875,2021-11-13,Sumatera,Perkebunan,Genset (Generator Set),5,129694862,648474310,Won (Berhasil),648474310
TRX-22739,2023-09-27,Papua,Manufaktur,Forklift,4,269635591,1078542364,Won (Berhasil),1078542364
TRX-20938,2022-04-06,Jawa,Konstruksi,Forklift,4,411656675,1646626700,Won (Berhasil),1646626700
TRX-22742,2023-04-12,Papua,Pertambangan,Excavator,1,2506645119,2506645119,In Progress,0
TRX-21552,2021-08-23,Papua,Pertambangan,Tractor Agrikultur,4,1114776941,4459107764,Won (Berhasil),4459107764
TRX-20346,2023-06-22,Kalimantan,Pertambangan,Tractor Agrikultur,1,1499278947,1499278947,Won (Berhasil),1499278947
TRX-22548,2022-01-04,Jawa,Logistik & Gudang,Forklift,1,336020544,336020544,Lost (Gagal),0
TRX-20289,2022-09-25,Sulawesi,Perkebunan,Genset (Generator Set),5,148563234,742816170,Lost (Gagal),0
TRX-20385,2021-05-01,Sumatera,Pertambangan,Tractor Agrikultur,5,1231729168,6158645840,Won (Berhasil),6158645840
TRX-22549,2023-12-19,Papua,Pertambangan,Tractor Agrikultur,5,1386671509,6933357545,Won (Berhasil),6933357545
TRX-22646,2022-12-09,Sumatera,Manufaktur,Tractor Agrikultur,3,891695647,2675086941,Lost (Gagal),0
TRX-22121,2021-06-10,Papua,Pertambangan,Forklift,1,541633898,541633898,In Progress,0
TRX-20936,2022-12-14,Jawa,Pertambangan,Forklift,5,400318106,2001590530,Won (Berhasil),2001590530
TRX-22623,2022-11-13,Jawa,Pertambangan,Genset (Generator Set),5,115312243,576561215,Won (Berhasil),576561215
TRX-22972,2023-12-27,Kalimantan,Logistik & Gudang,Forklift,4,428628297,1714513188,Won (Berhasil),1714513188
TRX-21332,2021-11-02,Sumatera,Manufaktur,Tractor Agrikultur,4,1231576935,4926307740,Won (Berhasil),4926307740
TRX-21934,2021-10-18,Jawa,Pertambangan,Excavator,1,1812448601,1812448601,In Progress,0
TRX-20935,2023-01-22,Sumatera,Perkebunan,Genset (Generator Set),3,322790705,968372115,In Progress,0
TRX-20566,2021-11-09,Papua,Pertambangan,Forklift,5,491729479,2458647395,Won (Berhasil),2458647395
TRX-21854,2022-06-15,Jawa,Logistik & Gudang,Forklift,3,363469946,1090409838,Lost (Gagal),0
TRX-22465,2021-06-16,Sulawesi,Pertambangan,Excavator,1,1837106263,1837106263,Lost (Gagal),0
TRX-21645,2022-06-02,Papua,Pertambangan,Genset (Generator Set),5,177007775,885038875,Won (Berhasil),885038875
TRX-22153,2021-01-03,Jawa,Pertambangan,Forklift,-2,419337907,-838675814,Lost (Gagal),0
TRX-21792,2021-02-12,Sumatera,Perkebunan,Forklift,1,583900406,583900406,Won (Berhasil),583900406
TRX-21430,2021-11-30,Papua,Manufaktur,Forklift,4,228470061,913880244,Lost (Gagal),0
TRX-22358,2023-09-03,Jawa,Logistik & Gudang,Genset (Generator Set),4,319764242,1279056968,Won (Berhasil),1279056968
TRX-21013,2021-08-08,Jawa,Manufaktur,Genset (Generator Set),4,136562629,546250516,Lost (Gagal),0
TRX-21928,2023-08-09,Sumatera,Perkebunan,Forklift,3,583821374,1751464122,Lost (Gagal),0
TRX-22284,2022-12-08,Sulawesi,Manufaktur,Tractor Agrikultur,1,840450919,840450919,Won (Berhasil),840450919
TRX-20126,2021-11-08,Kalimantan,Manufaktur,Forklift,3,474263182,1422789546,Lost (Gagal),0
TRX-22126,2023-06-24,Sumatera,Pertambangan,Forklift,2,230748515,461497030,Lost (Gagal),0
TRX-21347,2023-06-29,Papua,Manufaktur,Excavator,2,2984930665,5969861330,Lost (Gagal),0
TRX-20355,2023-05-30,Papua,Logistik & Gudang,Excavator,2,2620417165,5240834330,Won (Berhasil),5240834330
TRX-20827,2021-05-31,Sulawesi,Logistik & Gudang,Genset (Generator Set),3,408270295,1224810885,Lost (Gagal),0
TRX-21639,2021-04-24,Sumatera,Perkebunan,Forklift,3,315773559,947320677,Won (Berhasil),947320677
TRX-20984,2021-07-12,Sulawesi,Manufaktur,Forklift,1,321437155,321437155,Lost (Gagal),0
TRX-20362,2021-06-10,Sulawesi,Konstruksi,Forklift,4,347640062,1390560248,Lost (Gagal),0
TRX-20345,2021-12-11,Sulawesi,Logistik & Gudang,Genset (Generator Set),1,130935991,130935991,Won (Berhasil),130935991
TRX-22093,2022-07-20,Kalimantan,Pertambangan,Excavator,2,2940798682,5881597364,Won (Berhasil),5881597364
TRX-22584,2021-03-13,Sumatera,Logistik & Gudang,Genset (Generator Set),4,323117244,1292468976,Won (Berhasil),1292468976
TRX-20711,2022-06-15,Papua,Pertambangan,Forklift,2,315633188,631266376,Lost (Gagal),0
TRX-22096,2022-08-16,Papua,Pertambangan,Excavator,2,2934114028,5868228056,In Progress,0
TRX-20010,2023-01-07,Sulawesi,Pertambangan,Forklift,4,326157785,1304631140,In Progress,0
TRX-22928,2022-04-06,Sumatera,Pertambangan,Excavator,2,2507887516,5015775032,Won (Berhasil),5015775032
TRX-21834,2023-04-12,Papua,Pertambangan,Forklift,2,416860192,833720384,Won (Berhasil),833720384
TRX-20793,2023-11-27,Papua,Pertambangan,Forklip,5,879575072,4397875360,Won (Berhasil),4397875360
TRX-22810,2022-03-29,Sumatera,Perkebunan,Forklift,1,279172104,279172104,Won (Berhasil),279172104
TRX-20094,2022-07-30,Kalimantan,Konstruksi,Tractor Agrikultur,5,1331329511,6656647555,Won (Berhasil),6656647555
TRX-20129,2021-05-04,Sumatera,Perkebunan,Tractor Agrikultur,5,1339965957,6699829785,Lost (Gagal),0
TRX-22952,2022-09-14,Sulawesi,Perkebunan,Forklift,4,422673477,1690693908,Lost (Gagal),0
TRX-21900,2023-05-26,Jawa,Pertambangan,Excavator,1,2016007806,2016007806,Lost (Gagal),0
TRX-22838,2021-06-01,Jawa,Logistik & Gudang,Genset (Generator Set),4,197956329,791825316,Won (Berhasil),791825316
TRX-21932,2022-08-30,Sulawesi,Konstruksi,Genset (Generator Set),4,287727373,1150909492,Lost (Gagal),0
TRX-22181,2022-02-16,Papua,Pertambangan,Excavator,1,2367179529,2367179529,Won (Berhasil),2367179529
TRX-21865,2022-12-31,Jawa,Konstruksi,Forklift,3,594718037,1784154111,Won (Berhasil),1784154111
TRX-21658,2022-07-14,Jawa,Manufaktur,Tractor Agrikultur,-2,1274486246,-2548972492,Won (Berhasil),2548972492
TRX-20516,2023-09-17,Kalimantan,Manufaktur,Tractor Agrikultur,5,891452833,4457264165,Won (Berhasil),4457264165
TRX-21857,2021-11-18,Jawa,Logistik & Gudang,Tractor Agrikultur,3,1481200297,4443600891,Won (Berhasil),4443600891
TRX-21277,2021-06-24,Kalimantan,Konstruksi,Excavator,2,1836841316,3673682632,Won (Berhasil),3673682632
TRX-20950,2021-12-31,Papua,Konstruksi,Genset (Generator Set),5,151308052,756540260,Won (Berhasil),756540260
TRX-21120,2023-09-17,Papua,Logistik & Gudang,Tractor Agrikultur,4,1021161586,4084646344,Won (Berhasil),4084646344
TRX-20419,2022-07-18,Kalimantan,Manufaktur,Tractor Agrikultur,1,1264405359,1264405359,Won (Berhasil),1264405359
TRX-20922,2023-07-28,Jawa,Pertambangan,Excavator,1,2308395929,2308395929,Lost (Gagal),0
TRX-22234,2021-05-21,Kalimantan,Pertambangan,Tractor Agrikultur,4,854674496,3418697984,Won (Berhasil),3418697984
TRX-20477,2023-06-21,Jawa,Konstruksi,Forklift,5,201705506,1008527530,Lost (Gagal),0
TRX-22035,2022-08-02,Jawa,Pertambangan,Excavator,2,2262384380,4524768760,Lost (Gagal),0
TRX-22212,2022-03-29,Sulawesi,Manufaktur,Excavator,1,2978715692,2978715692,Lost (Gagal),0
TRX-21692,2023-08-18,Kalimantan,Pertambangan,Tractor Agrikultur,4,999982650,3999930600,Won (Berhasil),3999930600
TRX-22247,2021-11-29,Sulawesi,Perkebunan,Excavator,1,2662832985,2662832985,Won (Berhasil),2662832985
TRX-21471,2023-08-18,Sulawesi,Pertambangan,Forklift,3,396669141,1190007423,Won (Berhasil),1190007423
TRX-21202,2022-02-28,Jawa,Pertambangan,Genset (Generator Set),4,367523860,1470095440,Lost (Gagal),0
TRX-21669,2021-02-10,Kalimantan,Pertambangan,Forklift,3,296240892,888722676,Won (Berhasil),888722676
TRX-22821,2021-10-06,Kalimantan,Perkebunan,Genset (Generator Set),3,327087358,981262074,Won (Berhasil),981262074
TRX-21970,2022-11-27,Sulawesi,Logistik & Gudang,Tractor Agrikultur,1,1437497831,1437497831,Lost (Gagal),0
TRX-20820,2023-04-25,Papua,Pertambangan,Tractor Agrikultur,1,886605076,886605076,Won (Berhasil),886605076
TRX-21997,2022-12-31,Papua,Logistik & Gudang,Genset (Generator Set),1,352108936,352108936,Lost (Gagal),0
TRX-22915,2022-10-29,Sumatera,Perkebunan,Forklift,5,588095273,2940476365,Won (Berhasil),2940476365
TRX-21248,2023-05-30,Jawa,Konstruksi,Excavator,1,1543061126,1543061126,Lost (Gagal),0
TRX-22704,2023-12-27,Sulawesi,Manufaktur,Genset (Generator Set),2,257626831,515253662,Won (Berhasil),515253662
TRX-22657,2021-02-08,Sumatera,Perkebunan,Excavator,1,2796291279,2796291279,Won (Berhasil),2796291279
TRX-21046,2023-08-27,Sumatera,Konstruksi,Genset (Generator Set),3,233700403,701101209,Won (Berhasil),701101209
TRX-21888,2022-11-25,Sumatera,Perkebunan,Genset (Generator Set),4,210982282,843929128,Won (Berhasil),843929128
TRX-20615,2022-03-30,Kalimantan,Pertambangan,Tractor Agrikultur,3,1362560033,4087680099,Lost (Gagal),0
TRX-21318,2021-10-05,Papua,Pertambangan,Excavator,2,2504691634,5009383268,Lost (Gagal),0
TRX-22931,2022-04-01,Papua,Konstruksi,Tractor Agrikultur,4,1047876847,4191507388,Lost (Gagal),0
TRX-22498,2021-12-15,Kalimantan,Perkebunan,Excavator,1,2806846952,2806846952,Lost (Gagal),0
TRX-21772,2022-12-20,Kalimantan,Pertambangan,Excavator,2,2522088494,5044176988,Won (Berhasil),5044176988
TRX-22999,2021-08-02,Sumatera,Perkebunan,Excavator,1,2848545833,2848545833,Won (Berhasil),2848545833
TRX-20131,2023-04-12,Sulawesi,Pertambangan,Tractor Agrikultur,2,987969538,1975939076,Lost (Gagal),0
TRX-20077,2022-12-27,Sulawesi,Pertambangan,Excavator,1,1731748681,1731748681,In Progress,0
TRX-22052,2023-10-12,Jawa,Manufaktur,Genset (Generator Set),3,212761716,638285148,Lost (Gagal),0
TRX-20724,2021-06-08,Papua,Pertambangan,Forklift,4,595810836,2383243344,Won (Berhasil),2383243344
TRX-21314,2022-10-29,Sulawesi,Pertambangan,Genset (Generator Set),4,162971056,651884224,Won (Berhasil),651884224
TRX-21851,2022-08-18,Papua,Manufaktur,Excavator,2,1595789179,3191578358,Lost (Gagal),0
TRX-22333,2022-04-21,Jawa,Pertambangan,Forklift,5,352190565,1760952825,Lost (Gagal),0
TRX-22526,2023-06-18,Kalimantan,Pertambangan,Tractor Agrikultur,3,861762978,2585288934,Lost (Gagal),0
TRX-21372,2022-11-15,Kalimantan,Pertambangan,Forklift,2,382940128,765880256,In Progress,0
TRX-21855,2021-09-18,Sumatera,Perkebunan,Tractor Agrikultur,1,1367590236,1367590236,Won (Berhasil),1367590236
TRX-21319,2021-09-15,Kalimantan,Pertambangan,Excavator,1,2947761179,2947761179,Won (Berhasil),2947761179
TRX-22921,2021-06-10,Kalimantan,Pertambangan,Forklift,3,389604369,1168813107,Won (Berhasil),1168813107
TRX-22206,2022-07-22,Papua,Manufaktur,Genset (Generator Set),5,487745888,2438729440,Lost (Gagal),0
TRX-20375,2023-09-22,Papua,Pertambangan,Forklift,1,595954442,595954442,Won (Berhasil),595954442
TRX-21908,2023-11-15,Papua,Pertambangan,Excavator,1,2430139115,2430139115,Lost (Gagal),0
TRX-20333,2021-04-12,Sulawesi,Konstruksi,Forklift,4,211629356,846517424,Won (Berhasil),846517424
TRX-22288,2022-05-05,Sumatera,Pertambangan,Genset (Generator Set),4,138854640,555418560,Lost (Gagal),0
TRX-22338,2023-06-08,Jawa,Konstruksi,Tractor Agrikultur,1,833024957,833024957,Won (Berhasil),833024957
TRX-21604,2023-11-12,Papua,Logistik & Gudang,Forklift,3,424194146,1272582438,Lost (Gagal),0
TRX-21118,2023-06-13,Sulawesi,Perkebunan,Forklift,5,278935375,1394676875,Won (Berhasil),1394676875
TRX-22875,2021-08-20,Kalimantan,Pertambangan,Tractor Agrikultur,4,1175628790,4702515160,Won (Berhasil),4702515160
TRX-21943,2021-07-23,Sulawesi,Manufaktur,Forklift,1,579811107,579811107,Won (Berhasil),579811107
TRX-22298,2021-09-01,Sumatera,Pertambangan,Forklift,5,366999064,1834995320,Lost (Gagal),0
TRX-22563,2022-05-31,Sumatera,Pertambangan,Genset (Generator Set),1,358648723,358648723,In Progress,0
TRX-21342,2021-05-03,Sulawesi,Perkebunan,Excavator,2,2216828872,4433657744,Won (Berhasil),4433657744
TRX-20320,2023-04-05,Kalimantan,Pertambangan,Genset (Generator Set),5,282444207,1412221035,Lost (Gagal),0
TRX-21619,2021-10-05,Papua,Konstruksi,Tractor Agrikultur,5,1238382362,6191911810,Won (Berhasil),6191911810
TRX-22732,2023-11-28,Sumatera,Pertambangan,Genset (Generator Set),3,192797673,578393019,Won (Berhasil),578393019
TRX-22060,2021-05-07,Kalimantan,Logistik & Gudang,Genset (Generator Set),3,338262123,1014786369,Won (Berhasil),1014786369
TRX-21673,2021-09-30,Jawa,Perkebunan,Forklift,2,521351761,1042703522,Lost (Gagal),0
TRX-21942,2023-08-04,Kalimantan,Konstruksi,Tractor Agrikultur,4,1336211623,5344846492,Lost (Gagal),0
TRX-20260,2023-01-18,Jawa,Manufaktur,Excavator,2,2166778541,4333557082,Won (Berhasil),4333557082
TRX-20291,2021-06-06,Papua,Manufaktur,Forklift,5,206120193,1030600965,Won (Berhasil),1030600965
TRX-22039,2022-06-09,Sumatera,Perkebunan,Forklift,3,464113970,1392341910,Won (Berhasil),1392341910
TRX-20689,2022-04-08,Kalimantan,Logistik & Gudang,Genset (Generator Set),1,425154189,425154189,Lost (Gagal),0
TRX-20901,2021-03-18,Sumatera,Perkebunan,Tractor Agrikultur,5,1210477372,6052386860,Won (Berhasil),6052386860
TRX-22026,2022-12-30,Sulawesi,Perkebunan,Excavator,2,2446005322,4892010644,Lost (Gagal),0
TRX-20138,2022-06-13,Papua,Pertambangan,Tractor Agrikultur,5,911210497,4556052485,Won (Berhasil),4556052485
TRX-21917,2021-04-30,Sulawesi,Perkebunan,Ekskavator,-2,594650202,-1189300404,Won (Berhasil),594650202
TRX-21828,2021-08-04,Sumatera,Perkebunan,Genset (Generator Set),3,220615798,661847394,Won (Berhasil),661847394
TRX-21573,2021-08-26,Kalimantan,Pertambangan,Forklift,3,392307561,1176922683,Won (Berhasil),1176922683
TRX-20319,2022-02-02,Kalimantan,Konstruksi,Tractor Agrikultur,5,1324313663,6621568315,Won (Berhasil),6621568315
TRX-20653,2023-11-26,Kalimantan,Pertambangan,Forklift,4,386914900,1547659600,Lost (Gagal),0
TRX-22137,2023-10-31,Sulawesi,Perkebunan,Forklift,3,518420915,1555262745,Won (Berhasil),1555262745
TRX-22359,2023-04-16,Kalimantan,Pertambangan,Tractor Agrikultur,4,1156254378,4625017512,In Progress,0
TRX-20558,2021-09-09,Sumatera,Logistik & Gudang,Excavator,2,2700552046,5401104092,Lost (Gagal),0
TRX-20112,2022-05-18,Jawa,Pertambangan,Excavator,2,2688640928,5377281856,Won (Berhasil),5377281856
TRX-20531,2023-12-22,Kalimantan,Konstruksi,Forklip,4,1134853585,4539414340,Lost (Gagal),0
TRX-20224,2023-08-03,Sulawesi,Konstruksi,Forklift,2,253209070,506418140,Lost (Gagal),0
TRX-20723,2023-05-18,Papua,Pertambangan,Excavator,2,1597745117,3195490234,Lost (Gagal),0
TRX-22466,2022-09-10,Jawa,Pertambangan,Genset (Generator Set),5,187229877,936149385,Won (Berhasil),936149385
TRX-22884,2021-01-19,Papua,Pertambangan,Excavator,2,2256153701,4512307402,Won (Berhasil),4512307402
TRX-21433,2023-09-18,Sulawesi,Manufaktur,Tractor Agrikultur,1,830627309,830627309,Won (Berhasil),830627309
TRX-22366,2023-07-30,Papua,Pertambangan,Genset (Generator Set),3,171476158,514428474,Won (Berhasil),514428474
TRX-21458,2021-03-19,Sulawesi,Manufaktur,Excavator,2,2685742265,5371484530,Lost (Gagal),0
TRX-22746,2023-02-17,Papua,Manufaktur,Excavator,1,2349814349,2349814349,Lost (Gagal),0
TRX-20846,2021-12-02,Sulawesi,Konstruksi,Forklift,4,240660493,962641972,Won (Berhasil),962641972
TRX-20193,2023-06-24,Kalimantan,Pertambangan,Excavator,1,2699420724,2699420724,Won (Berhasil),2699420724
TRX-21464,2023-02-10,Sumatera,Pertambangan,Forklift,5,571754552,2858772760,Lost (Gagal),0
TRX-20946,2023-05-29,Sumatera,Konstruksi,Forklift,2,598451768,1196903536,Won (Berhasil),1196903536
TRX-22021,2022-05-10,Papua,Pertambangan,Genset (Generator Set),4,451687623,1806750492,Lost (Gagal),0
TRX-21629,2023-02-17,Sumatera,Logistik & Gudang,Genset (Generator Set),2,377967394,755934788,Won (Berhasil),755934788
TRX-20117,2022-03-24,Jawa,Pertambangan,Genset (Generator Set),5,169139369,845696845,Lost (Gagal),0
TRX-20645,2022-03-18,Papua,Pertambangan,Genset (Generator Set),2,462088990,924177980,Lost (Gagal),0
TRX-21870,2022-07-20,Papua,Pertambangan,Forklift,1,408822201,408822201,Lost (Gagal),0
TRX-20003,2022-03-09,Jawa,,Tractor Agrikultur,3,1133990056,3401970168,Won (Berhasil),3401970168
TRX-20074,2022-01-11,Jawa,Konstruksi,Genset (Generator Set),5,226510629,1132553145,Won (Berhasil),1132553145
TRX-21755,2023-03-30,Jawa,Logistik & Gudang,Excavator,2,1864131884,3728263768,Won (Berhasil),3728263768
TRX-20467,2023-02-14,Papua,Pertambangan,Tractor Agrikultur,2,899021531,1798043062,Lost (Gagal),0
TRX-20005,2023-11-29,Papua,Manufaktur,Forklift,4,342523308,1370093232,Lost (Gagal),0
TRX-21246,2023-06-01,Sumatera,Perkebunan,Forklift,2,460437836,920875672,In Progress,0
TRX-20919,2022-06-25,Kalimantan,Manufaktur,Tractor Agrikultur,1,1015319934,1015319934,Lost (Gagal),0
TRX-20228,2023-02-04,,Perkebunan,Genset (Generator Set),2,374056912,748113824,Lost (Gagal),0
TRX-21063,2021-05-28,Jawa,Pertambangan,Tractor Agrikultur,5,1038560654,5192803270,Lost (Gagal),0
TRX-20242,2021-08-19,Jawa,Pertambangan,Tractor Agrikultur,4,1455536771,5822147084,Lost (Gagal),0
TRX-22316,2022-02-21,Sumatera,Perkebunan,Genset (Generator Set),5,426194903,2130974515,In Progress,0
TRX-21160,2023-05-03,Sulawesi,Logistik & Gudang,Forklift,4,532673526,2130694104,Lost (Gagal),0
TRX-22555,2021-02-14,Papua,Logistik & Gudang,Excavator,2,2762446226,5524892452,Lost (Gagal),0
TRX-21526,2023-03-24,Sumatera,Manufaktur,Forklift,5,226351764,1131758820,Won (Berhasil),1131758820
TRX-21605,2022-09-12,Sumatera,Konstruksi,Forklift,4,440895529,1763582116,Lost (Gagal),0
TRX-22831,2021-01-22,Sumatera,Perkebunan,Excavator,2,1964545000,3929090000,Lost (Gagal),0
TRX-22364,2022-09-13,Papua,Manufaktur,Genset (Generator Set),5,413230161,2066150805,Won (Berhasil),2066150805
TRX-22587,2022-12-14,Sumatera,Konstruksi,Forklift,2,305071957,610143914,Lost (Gagal),0
TRX-21989,2021-10-30,Kalimantan,Pertambangan,Forklift,4,248502432,994009728,Lost (Gagal),0
TRX-22389,2021-11-01,Papua,Konstruksi,Forklift,5,362753571,1813767855,In Progress,0
TRX-21975,2023-08-04,Papua,Perkebunan,Genset (Generator Set),1,394121199,394121199,Won (Berhasil),394121199
TRX-21761,2021-04-04,Sumatera,Perkebunan,Excavator,2,2856329706,5712659412,Won (Berhasil),5712659412
TRX-21305,2023-01-27,Sulawesi,,Genset (Generator Set),2,398569337,797138674,Won (Berhasil),797138674
TRX-21541,2022-08-12,Papua,Logistik & Gudang,Forklift,5,387203576,1936017880,Lost (Gagal),0
TRX-20622,2022-04-02,Jawa,Manufaktur,Genset (Generator Set),2,124018989,248037978,Lost (Gagal),0
TRX-22350,2021-03-23,Kalimantan,Manufaktur,Tractor Agrikultur,3,1413130345,4239391035,Lost (Gagal),0
TRX-21493,2021-05-02,Kalimantan,Logistik & Gudang,Forklift,3,274733195,824199585,Lost (Gagal),0
TRX-20110,2022-04-02,Kalimantan,Manufaktur,Excavator,2,2911055254,5822110508,In Progress,0
TRX-22781,2023-02-25,Sumatera,Perkebunan,Forklift,1,402121970,402121970,Won (Berhasil),402121970
TRX-21169,2022-03-03,Sumatera,Konstruksi,Tractor Agrikultur,3,815621561,2446864683,Lost (Gagal),0
TRX-22499,2022-02-28,Kalimantan,Pertambangan,Excavator,2,2625756101,5251512202,Won (Berhasil),5251512202
TRX-20232,2021-05-17,Jawa,Manufaktur,Excavator,1,2334117231,2334117231,Won (Berhasil),2334117231
TRX-20066,2023-01-11,Jawa,Manufaktur,Excavator,2,2408631780,4817263560,Won (Berhasil),4817263560
TRX-22752,2021-06-05,Kalimantan,Pertambangan,Genset (Generator Set),3,274868822,824606466,Lost (Gagal),0
TRX-22072,2021-10-16,Jawa,Perkebunan,Forklift,1,437012031,437012031,Won (Berhasil),437012031
TRX-22192,2022-12-23,Kalimantan,Logistik & Gudang,Tractor Agrikultur,2,1363549627,2727099254,Won (Berhasil),2727099254
TRX-20536,2022-01-10,Jawa,Pertambangan,Genset (Generator Set),3,113616830,340850490,Won (Berhasil),340850490
TRX-20125,2023-11-08,Kalimantan,Pertambangan,Genset (Generator Set),5,471740094,2358700470,Won (Berhasil),2358700470
TRX-22133,2022-10-21,Jawa,Pertambangan,Tractor Agrikultur,3,1337502085,4012506255,Won (Berhasil),4012506255
TRX-21254,2022-02-02,Papua,Konstruksi,Tractor Agrikultur,4,1377054692,5508218768,Won (Berhasil),5508218768
TRX-22716,2023-05-07,Papua,,Tractor Agrikultur,5,970226688,4851133440,Won (Berhasil),4851133440
TRX-21976,2021-05-04,Jawa,Pertambangan,Forklift,5,587561635,2937808175,Won (Berhasil),2937808175
TRX-22500,2021-06-07,Sumatera,Perkebunan,Tractor Agrikultur,4,1472346202,5889384808,Won (Berhasil),5889384808
TRX-22998,2022-10-14,Papua,Manufaktur,Forklift,1,532419150,532419150,Lost (Gagal),0
TRX-22075,2022-10-15,Sumatera,Pertambangan,Tractor Agrikultur,5,871684083,4358420415,Won (Berhasil),4358420415
TRX-20484,2023-03-17,Kalimantan,Logistik & Gudang,Forklift,5,239941314,1199706570,Won (Berhasil),1199706570
TRX-21654,2023-08-17,Kalimantan,Pertambangan,Genset (Generator Set),2,236837705,473675410,Lost (Gagal),0
TRX-22720,2021-12-14,Kalimantan,Pertambangan,Genset (Generator Set),5,164656065,823280325,Won (Berhasil),823280325
TRX-22302,2021-08-29,Sumatera,Perkebunan,Excavator,1,2469077216,2469077216,Won (Berhasil),2469077216
TRX-22442,2023-04-10,Kalimantan,Pertambangan,Tractor Agrikultur,5,1369719278,6848596390,Lost (Gagal),0
TRX-21774,2022-02-11,Sumatera,Pertambangan,Excavator,2,2580299628,5160599256,Won (Berhasil),5160599256
TRX-20918,2022-04-25,Sumatera,Logistik & Gudang,Excavator,2,2765018772,5530037544,Lost (Gagal),0
TRX-21646,2022-03-07,Jawa,Manufaktur,Forklift,5,447393074,2236965370,Won (Berhasil),2236965370
TRX-21026,2023-08-24,Sulawesi,Perkebunan,Genset (Generator Set),5,345113737,1725568685,Won (Berhasil),1725568685
TRX-21030,2023-11-05,Sulawesi,Pertambangan,Genset (Generator Set),2,121463812,242927624,In Progress,0
TRX-20882,2023-06-29,Kalimantan,Manufaktur,Forklift,5,267604333,1338021665,Won (Berhasil),1338021665
TRX-21335,2021-06-10,Papua,Manufaktur,Forklift,3,422272428,1266817284,Lost (Gagal),0
TRX-22257,2021-08-10,Jawa,Manufaktur,Excavator,1,2735555443,2735555443,Won (Berhasil),2735555443
TRX-20364,2021-10-30,Sumatera,Perkebunan,Forklift,3,545103032,1635309096,Won (Berhasil),1635309096
TRX-22125,2021-10-13,Kalimantan,Manufaktur,Excavator,1,2439845850,2439845850,Won (Berhasil),2439845850
TRX-20027,2021-04-06,Papua,Logistik & Gudang,Tractor Agrikultur,5,1279060607,6395303035,Lost (Gagal),0
TRX-20473,2023-09-06,Sumatera,Perkebunan,Excavator,1,2854124058,2854124058,Won (Berhasil),2854124058
TRX-20525,2021-11-24,Kalimantan,Pertambangan,Tractor Agrikultur,2,1317456266,2634912532,Lost (Gagal),0
TRX-20725,2023-11-03,Sumatera,Perkebunan,Genset (Generator Set),1,126450889,126450889,Lost (Gagal),0
TRX-20055,2023-06-17,Sulawesi,Perkebunan,Excavator,1,1869062961,1869062961,Lost (Gagal),0
TRX-20638,2022-06-10,Jawa,Pertambangan,Tractor Agrikultur,2,1244898413,2489796826,Won (Berhasil),2489796826
TRX-20302,2023-11-08,Papua,Pertambangan,Forklift,3,429014189,1287042567,Won (Berhasil),1287042567
TRX-22651,2022-08-01,Jawa,Perkebunan,Excavator,1,1953198605,1953198605,Lost (Gagal),0
TRX-21276,2022-07-12,Sulawesi,Logistik & Gudang,Forklift,4,239476160,957904640,Won (Berhasil),957904640
TRX-22679,2022-02-18,Papua,Pertambangan,Excavator,1,1529217113,1529217113,Lost (Gagal),0
TRX-20624,2022-12-21,Jawa,Perkebunan,Tractor Agrikultur,2,1111894639,2223789278,In Progress,0
TRX-22055,2021-07-29,Kalimantan,Pertambangan,Excavator,2,1749096488,3498192976,Lost (Gagal),0
TRX-21280,2023-08-02,Kalimantan,Pertambangan,Forklift,3,410231310,1230693930,Lost (Gagal),0
TRX-21049,2023-08-27,Jawa,Logistik & Gudang,Tractor Agrikultur,5,818924000,4094620000,Won (Berhasil),4094620000
TRX-20336,2023-01-15,Sulawesi,Logistik & Gudang,Tractor Agrikultur,4,1036233712,4144934848,Lost (Gagal),0
TRX-20047,2022-03-15,Sulawesi,Perkebunan,Tractor Agrikultur,2,841024526,1682049052,Lost (Gagal),0
TRX-20106,2023-09-26,Jawa,Perkebunan,Ekskavator,5,448714196,2243570980,Won (Berhasil),2243570980
TRX-21079,2023-11-05,Kalimantan,Pertambangan,Genset (Generator Set),4,262675985,1050703940,Won (Berhasil),1050703940
TRX-22261,2022-04-26,Papua,Perkebunan,Genset (Generator Set),2,480026370,960052740,Won (Berhasil),960052740
TRX-21144,2021-06-18,Jawa,Konstruksi,Tractor Agrikultur,3,1099726234,3299178702,Lost (Gagal),0
TRX-22423,2021-04-14,Kalimantan,Pertambangan,Forklift,1,493429845,493429845,Won (Berhasil),493429845
TRX-21836,2021-01-03,Kalimantan,Logistik & Gudang,Genset (Generator Set),2,107260033,214520066,Won (Berhasil),214520066
TRX-21753,2021-12-30,Jawa,Perkebunan,Forklift,4,200557190,802228760,Lost (Gagal),0
TRX-21101,2023-05-02,Jawa,Konstruksi,Genset (Generator Set),4,310460733,1241842932,Lost (Gagal),0
TRX-21968,2023-06-25,Sulawesi,Pertambangan,Tractor Agrikultur,4,1386440770,5545763080,In Progress,0
TRX-20523,2021-02-20,Sulawesi,Logistik & Gudang,Forklift,4,309108868,1236435472,Won (Berhasil),1236435472
TRX-22280,2023-12-23,Kalimantan,Pertambangan,Genset (Generator Set),2,163514361,327028722,Won (Berhasil),327028722
TRX-21428,2023-05-05,Papua,Pertambangan,Forklip,2,2897192084,5794384168,In Progress,0
TRX-22650,2023-02-15,Papua,Perkebunan,Forklift,1,232908017,232908017,Won (Berhasil),232908017
TRX-20603,2021-07-31,Kalimantan,Pertambangan,Genset (Generator Set),1,400632728,400632728,Won (Berhasil),400632728
TRX-21489,2021-06-25,Sulawesi,Perkebunan,Tractor Agrikultur,2,1281375386,2562750772,Lost (Gagal),0
TRX-22590,2022-08-18,,Perkebunan,Genset (Generator Set),4,225239629,900958516,In Progress,0
TRX-20060,2021-08-18,,Pertambangan,Genset (Generator Set),4,335842532,1343370128,Won (Berhasil),1343370128
TRX-22794,2022-07-25,Sumatera,Logistik & Gudang,Tractor Agrikultur,1,966558095,966558095,Won (Berhasil),966558095
TRX-20671,2022-10-20,Sulawesi,Perkebunan,Tractor Agrikultur,5,1444847005,7224235025,Won (Berhasil),7224235025
TRX-20092,2023-03-24,Papua,Pertambangan,Excavator,1,2770472281,2770472281,Lost (Gagal),0
TRX-20666,2023-11-04,Sulawesi,Konstruksi,Forklift,5,561244090,2806220450,Won (Berhasil),2806220450
TRX-21887,2023-12-07,Sumatera,Konstruksi,Genset (Generator Set),3,325151225,975453675,Won (Berhasil),975453675
TRX-20280,2021-02-22,Sumatera,Konstruksi,Genset (Generator Set),1,479753105,479753105,Won (Berhasil),479753105
TRX-21719,2023-01-20,Papua,Konstruksi,Forklift,5,491324247,2456621235,Won (Berhasil),2456621235
TRX-20359,2023-06-05,Sumatera,Perkebunan,Forklift,3,462655548,1387966644,In Progress,0
TRX-20899,2021-09-03,Jawa,Konstruksi,Forklift,3,407520122,1222560366,Won (Berhasil),1222560366
TRX-21935,2023-04-09,Jawa,Perkebunan,Tractor Agrikultur,5,1078113937,5390569685,Lost (Gagal),0
TRX-21994,2023-05-31,Sulawesi,Logistik & Gudang,Excavator,2,2144809539,4289619078,Won (Berhasil),4289619078
TRX-22349,2023-03-18,Jawa,Pertambangan,Excavator,1,2169202602,2169202602,Won (Berhasil),2169202602
TRX-20760,2022-09-11,Papua,Konstruksi,Forklift,2,423125738,846251476,Won (Berhasil),846251476
TRX-22158,2022-08-16,Jawa,Konstruksi,Forklift,2,599335888,1198671776,Won (Berhasil),1198671776
TRX-22666,2023-05-15,Sulawesi,Manufaktur,Genset (Generator Set),2,143359331,286718662,Lost (Gagal),0
TRX-20042,2021-10-04,Kalimantan,Perkebunan,Forklift,1,427732264,427732264,Lost (Gagal),0
TRX-22173,2023-07-21,Sulawesi,Manufaktur,Excavator,1,1991131691,1991131691,Lost (Gagal),0
TRX-20204,2023-12-12,Papua,Pertambangan,Forklift,5,410387445,2051937225,Won (Berhasil),2051937225
TRX-21473,2021-10-31,Papua,Logistik & Gudang,Genset (Generator Set),1,326158614,326158614,Won (Berhasil),326158614
TRX-22100,2023-12-12,Jawa,Logistik & Gudang,Genset (Generator Set),2,471510537,943021074,Won (Berhasil),943021074
TRX-20068,2021-04-25,Sulawesi,Perkebunan,Forklift,2,574220748,1148441496,Lost (Gagal),0
TRX-21875,2022-12-24,Jawa,Perkebunan,Tractor Agrikultur,3,952797749,2858393247,Won (Berhasil),2858393247
TRX-22416,2023-01-16,Jawa,Perkebunan,Forklift,2,239693411,479386822,Lost (Gagal),0
TRX-22231,2021-10-22,Sumatera,Pertambangan,Forklift,3,468907633,1406722899,Won (Berhasil),1406722899
TRX-20137,2021-01-17,Sulawesi,Logistik & Gudang,Genset (Generator Set),4,481239796,1924959184,Won (Berhasil),1924959184
TRX-20796,2021-10-28,Kalimantan,Konstruksi,Excavator,1,2300587262,2300587262,Won (Berhasil),2300587262
TRX-22180,2021-10-07,Jawa,Pertambangan,Forklift,3,219292110,657876330,Won (Berhasil),657876330
TRX-22128,2023-02-03,Sumatera,Logistik & Gudang,Excavator,1,1819451107,1819451107,Lost (Gagal),0
TRX-20758,2022-09-30,Kalimantan,Pertambangan,Forklift,1,255013831,255013831,Lost (Gagal),0
TRX-20541,2023-09-21,Sumatera,Pertambangan,Genset (Generator Set),1,204709119,204709119,In Progress,0
TRX-21019,2023-12-10,Sulawesi,Manufaktur,Excavator,1,2038415513,2038415513,Lost (Gagal),0
TRX-22325,2023-05-28,Jawa,Logistik & Gudang,Forklift,1,512696749,512696749,Won (Berhasil),512696749
TRX-20165,2022-01-10,Sumatera,Pertambangan,Genset (Generator Set),4,177127461,708509844,Won (Berhasil),708509844
TRX-20248,2021-11-27,Papua,Pertambangan,Genset (Generator Set),1,305522208,305522208,Won (Berhasil),305522208
TRX-21331,2023-03-01,Kalimantan,Pertambangan,Excavator,2,1514003673,3028007346,Won (Berhasil),3028007346
TRX-22017,2021-03-30,Jawa,Manufaktur,Excavator,2,2231378206,4462756412,Lost (Gagal),0
TRX-20446,2021-09-29,Papua,Konstruksi,Forklift,3,283805123,851415369,Won (Berhasil),851415369
TRX-21358,2022-10-27,Sulawesi,Manufaktur,Genset (Generator Set),5,176687042,883435210,In Progress,0
TRX-22145,2021-05-28,Sulawesi,,Tractor Agrikultur,1,1030712750,1030712750,Lost (Gagal),0
TRX-21329,2022-09-26,Jawa,,Genset (Generator Set),5,337169181,1685845905,Lost (Gagal),0
TRX-22957,2022-01-30,Papua,Pertambangan,Tractor Agrikultur,5,957425719,4787128595,Won (Berhasil),4787128595
TRX-22150,2021-12-09,Jawa,Logistik & Gudang,Excavator,1,2164945894,2164945894,Lost (Gagal),0
TRX-20434,2021-04-01,Jawa,Konstruksi,Tractor Agrikultur,1,969003603,969003603,In Progress,0
TRX-22122,2022-11-26,Sumatera,Konstruksi,Genset (Generator Set),3,296547030,889641090,Won (Berhasil),889641090
TRX-20577,2021-01-11,Jawa,Pertambangan,Tractor Agrikultur,3,1370862545,4112587635,Won (Berhasil),4112587635
TRX-22428,2023-09-29,Kalimantan,Pertambangan,Excavator,2,2832152303,5664304606,Lost (Gagal),0
TRX-22786,2023-06-14,Sulawesi,Konstruksi,Tractor Agrikultur,1,834741644,834741644,In Progress,0
TRX-21848,2021-06-02,Papua,Konstruksi,Genset (Generator Set),1,389704744,389704744,Won (Berhasil),389704744
TRX-20762,2023-04-28,Sumatera,Perkebunan,Tractor Agrikultur,3,1044612973,3133838919,Lost (Gagal),0
TRX-20388,2022-06-08,Kalimantan,Pertambangan,Tractor Agrikultur,1,935920241,935920241,Won (Berhasil),935920241
TRX-20235,2021-12-05,Papua,Konstruksi,Forklift,2,577179661,1154359322,Lost (Gagal),0
TRX-22648,2021-12-22,Kalimantan,Pertambangan,Forklift,4,326049882,1304199528,Won (Berhasil),1304199528
TRX-21984,2021-05-13,Kalimantan,,Forklift,2,389067323,778134646,Won (Berhasil),778134646
TRX-20267,2022-04-16,Sumatera,Perkebunan,Tractor Agrikultur,5,1179550156,5897750780,Lost (Gagal),0
TRX-20770,2023-08-28,Jawa,Logistik & Gudang,Forklip,4,235036145,940144580,Lost (Gagal),0
TRX-22165,2021-03-22,Kalimantan,Konstruksi,Genset (Generator Set),5,173890576,869452880,Won (Berhasil),869452880
TRX-20437,2021-06-27,Kalimantan,Pertambangan,Forklift,2,256405957,512811914,Won (Berhasil),512811914
TRX-20673,2022-10-03,Sumatera,Perkebunan,Genset (Generator Set),2,195710128,391420256,Won (Berhasil),391420256
TRX-20249,2021-05-19,Sumatera,Perkebunan,Tractor Agrikultur,5,1197870024,5989350120,Won (Berhasil),5989350120
TRX-22201,2022-03-02,Papua,Pertambangan,Tractor Agrikultur,1,1459944789,1459944789,Lost (Gagal),0
TRX-21574,2022-03-16,Papua,Pertambangan,Tractor Agrikultur,2,1016739580,2033479160,Lost (Gagal),0
TRX-22142,2023-06-03,Sulawesi,Perkebunan,Tractor Agrikultur,3,1260235110,3780705330,Won (Berhasil),3780705330
TRX-22081,2023-03-14,Kalimantan,Pertambangan,Genset (Generator Set),5,304786207,1523931035,Won (Berhasil),1523931035
TRX-22661,2022-01-11,Sulawesi,Perkebunan,Excavator,2,1971188581,3942377162,Lost (Gagal),0
TRX-22611,2023-12-21,Sumatera,Perkebunan,Tractor Agrikultur,2,1450707332,2901414664,Lost (Gagal),0
TRX-22784,2023-12-21,Jawa,Konstruksi,Excavator,1,2256796595,2256796595,Won (Berhasil),2256796595
TRX-20448,2021-09-21,Kalimantan,Pertambangan,Tractor Agrikultur,2,901298557,1802597114,Won (Berhasil),1802597114
TRX-21469,2023-09-03,Kalimantan,Konstruksi,Excavator,1,1934700320,1934700320,Lost (Gagal),0
TRX-20716,2021-02-23,Sulawesi,Konstruksi,Excavator,1,2059472838,2059472838,Won (Berhasil),2059472838
TRX-21801,2023-05-24,Kalimantan,Pertambangan,Tractor Agrikultur,4,1253707352,5014829408,Lost (Gagal),0
TRX-22658,2023-12-07,Kalimantan,Pertambangan,Tractor Agrikultur,2,903848485,1807696970,Lost (Gagal),0
TRX-22048,2023-10-28,Papua,Pertambangan,Excavator,1,1586992654,1586992654,Won (Berhasil),1586992654
TRX-21901,2022-12-30,Sumatera,Logistik & Gudang,Forklift,3,400580228,1201740684,Won (Berhasil),1201740684
TRX-21168,2023-05-09,Kalimantan,Pertambangan,Excavator,2,2959118203,5918236406,In Progress,0
TRX-20082,2022-02-10,Kalimantan,Pertambangan,Forklift,2,424319836,848639672,In Progress,0
TRX-22462,2022-12-11,Papua,Pertambangan,Tractor Agrikultur,5,956887909,4784439545,Won (Berhasil),4784439545
TRX-21460,2022-09-05,Sulawesi,Perkebunan,Forklift,3,266668301,800004903,Lost (Gagal),0
TRX-21893,2022-05-19,Sumatera,Perkebunan,Forklift,5,376742448,1883712240,Won (Berhasil),1883712240
TRX-21668,2023-08-25,Sumatera,Perkebunan,Tractor Agrikultur,4,1195498978,4781995912,Won (Berhasil),4781995912
TRX-22000,2021-06-14,Sumatera,Perkebunan,Tractor Agrikultur,5,1480547102,7402735510,Won (Berhasil),7402735510
TRX-20475,2021-04-11,Sumatera,Konstruksi,Tractor Agrikultur,2,1034093750,2068187500,Lost (Gagal),0
TRX-20517,2021-02-01,Sumatera,Perkebunan,Excavator,2,1738946109,3477892218,Won (Berhasil),3477892218
TRX-20404,2023-10-06,Papua,Logistik & Gudang,Excavator,2,2505538090,5011076180,Lost (Gagal),0
TRX-20384,2022-04-29,Sulawesi,Konstruksi,Genset (Generator Set),2,314576811,629153622,Won (Berhasil),629153622
TRX-22471,2022-04-24,Jawa,Manufaktur,Excavator,1,2504265560,2504265560,Lost (Gagal),0
TRX-22152,2022-06-10,Papua,Manufaktur,Tractor Agrikultur,2,1394410918,2788821836,Won (Berhasil),2788821836
TRX-21633,2023-11-08,Papua,Pertambangan,Tractor Agrikultur,1,800730964,800730964,Won (Berhasil),800730964
TRX-22906,2021-04-07,Jawa,Logistik & Gudang,Ekskavator,2,491307149,982614298,Lost (Gagal),0
TRX-20688,2021-01-02,Papua,Pertambangan,Genset (Generator Set),2,259347300,518694600,In Progress,0
TRX-21240,2022-10-23,Papua,Pertambangan,Tractor Agrikultur,4,1234358214,4937432856,Lost (Gagal),0
TRX-20062,2023-11-02,Sulawesi,Perkebunan,Excavator,2,2057791808,4115583616,Won (Berhasil),4115583616
TRX-20852,2021-10-19,Jawa,Perkebunan,Tractor Agrikultur,2,1087462043,2174924086,Won (Berhasil),2174924086
TRX-22896,2021-07-12,Sumatera,Konstruksi,Forklift,5,409664562,2048322810,Won (Berhasil),2048322810
TRX-22516,2023-03-24,Sulawesi,Pertambangan,Genset (Generator Set),2,279027885,558055770,Lost (Gagal),0
TRX-21262,2023-01-06,Papua,Pertambangan,Forklip,1,422933993,422933993,Won (Berhasil),422933993
TRX-20223,2021-11-20,Sulawesi,Perkebunan,Genset (Generator Set),4,301879527,1207518108,Won (Berhasil),1207518108
TRX-22193,2021-05-08,Papua,Pertambangan,Excavator,1,2613432272,2613432272,Won (Berhasil),2613432272
TRX-20373,2022-02-04,Papua,Konstruksi,Genset (Generator Set),2,245105209,490210418,Lost (Gagal),0
TRX-21824,2022-05-12,Sumatera,Logistik & Gudang,Genset (Generator Set),5,401774303,2008871515,In Progress,0
TRX-22578,2021-06-19,Papua,Konstruksi,Excavator,2,2944736917,5889473834,Won (Berhasil),5889473834
TRX-22916,2023-03-03,Kalimantan,Konstruksi,Tractor Agrikultur,3,1147992017,3443976051,Won (Berhasil),3443976051
TRX-22942,2022-08-30,Sumatera,Konstruksi,Excavator,2,1727725044,3455450088,Won (Berhasil),3455450088
TRX-22728,2022-03-25,Sulawesi,Manufaktur,Excavator,2,1583459731,3166919462,Won (Berhasil),3166919462
TRX-20009,2023-12-30,Sulawesi,Perkebunan,Genset (Generator Set),1,461281389,461281389,Won (Berhasil),461281389
TRX-21944,2022-02-20,Papua,Logistik & Gudang,Forklift,3,297697791,893093373,Won (Berhasil),893093373
TRX-21838,2022-05-26,Papua,Pertambangan,Excavator,2,1989797211,3979594422,Won (Berhasil),3979594422
TRX-20708,2023-09-23,Kalimantan,Pertambangan,Forklift,4,363767441,1455069764,Lost (Gagal),0
TRX-20255,2021-05-25,Papua,Konstruksi,Forklift,4,527255481,2109021924,Won (Berhasil),2109021924
TRX-21617,2023-03-12,Jawa,Pertambangan,Tractor Agrikultur,2,1435315852,2870631704,Won (Berhasil),2870631704
TRX-20389,2023-02-24,Kalimantan,Pertambangan,Genset (Generator Set),4,295901728,1183606912,Lost (Gagal),0
TRX-21581,2023-08-22,Sulawesi,Perkebunan,Tractor Agrikultur,4,808539642,3234158568,Won (Berhasil),3234158568
TRX-20924,2021-05-13,Papua,Manufaktur,Excavator,2,2245122801,4490245602,Lost (Gagal),0
TRX-22036,2021-04-13,Papua,Konstruksi,Forklift,4,200557977,802231908,Lost (Gagal),0
TRX-22440,2022-07-23,Sulawesi,Perkebunan,Excavator,2,1699127330,3398254660,Lost (Gagal),0
TRX-21224,2023-02-14,Papua,Konstruksi,Tractor Agrikultur,5,0,0,Won (Berhasil),4118632895
TRX-21946,2021-09-07,Kalimantan,Pertambangan,Excavator,1,1561585108,1561585108,Won (Berhasil),1561585108
TRX-20739,2022-07-10,Papua,Pertambangan,Forklift,3,201844050,605532150,Won (Berhasil),605532150
TRX-20040,2021-11-24,Jawa,Pertambangan,Genset (Generator Set),4,264142744,1056570976,Won (Berhasil),1056570976
TRX-20868,2021-09-19,Kalimantan,Pertambangan,Genset (Generator Set),2,475265412,950530824,Lost (Gagal),0
TRX-20539,2022-05-18,Papua,Konstruksi,Excavator,2,1907549369,3815098738,In Progress,0
TRX-22551,2022-04-23,Kalimantan,Pertambangan,Forklift,2,210604383,421208766,Lost (Gagal),0
TRX-21371,2022-10-06,Papua,Pertambangan,Tractor Agrikultur,3,917703621,2753110863,Won (Berhasil),2753110863
TRX-21145,2023-05-02,Sumatera,Perkebunan,Forklift,3,304622183,913866549,Won (Berhasil),913866549
TRX-21031,2021-04-09,Kalimantan,Perkebunan,Excavator,2,1714322025,3428644050,Won (Berhasil),3428644050
TRX-20372,2021-07-26,Sumatera,Perkebunan,Genset (Generator Set),4,135713770,542855080,Won (Berhasil),542855080
TRX-20667,2022-03-02,Kalimantan,Pertambangan,Excavator,2,1601809368,3203618736,Lost (Gagal),0
TRX-20357,2023-10-28,Kalimantan,Pertambangan,Tractor Agrikultur,5,1093715453,5468577265,Won (Berhasil),5468577265
TRX-20967,2022-08-04,Sulawesi,Konstruksi,Excavator,1,1666699698,1666699698,Won (Berhasil),1666699698
TRX-21353,2023-10-20,Jawa,Konstruksi,Forklift,4,486981875,1947927500,Lost (Gagal),0
TRX-21035,2023-06-04,Papua,Pertambangan,Excavator,2,2389453457,4778906914,Lost (Gagal),0
TRX-20470,2022-11-20,Kalimantan,Pertambangan,Genset (Generator Set),5,393329064,1966645320,Lost (Gagal),0
TRX-21396,2022-01-30,Sulawesi,Logistik & Gudang,Genset (Generator Set),4,152728211,610912844,Won (Berhasil),610912844
TRX-22664,2021-06-03,Kalimantan,Konstruksi,Tractor Agrikultur,1,1011293160,1011293160,Won (Berhasil),1011293160
TRX-21549,2023-04-06,Kalimantan,Perkebunan,Tractor Agrikultur,4,887960043,3551840172,Won (Berhasil),3551840172
TRX-21256,2023-09-03,Sumatera,Logistik & Gudang,Excavator,1,2449975865,2449975865,Won (Berhasil),2449975865
TRX-22094,2022-07-27,Jawa,Pertambangan,Tractor Agrikultur,2,1168930333,2337860666,Won (Berhasil),2337860666
TRX-21555,2022-12-22,Kalimantan,Pertambangan,Forklift,2,258032747,516065494,Won (Berhasil),516065494
TRX-22632,2021-04-26,Jawa,Logistik & Gudang,Forklift,1,243266207,243266207,Won (Berhasil),243266207
TRX-21250,2023-07-01,Jawa,Manufaktur,Tractor Agrikultur,2,1296741029,2593482058,Won (Berhasil),2593482058
TRX-21699,2022-12-16,Kalimantan,Pertambangan,Forklift,4,236690749,946762996,Lost (Gagal),0
TRX-21252,2021-11-22,Sumatera,Konstruksi,Genset (Generator Set),2,352263301,704526602,Won (Berhasil),704526602
TRX-22827,2022-02-26,Jawa,Logistik & Gudang,Excavator,1,1675911693,1675911693,Lost (Gagal),0
TRX-20079,2021-01-06,Papua,Konstruksi,Forklift,1,477848027,477848027,Won (Berhasil),477848027
TRX-21172,2021-08-20,Jawa,Logistik & Gudang,Forklift,5,281721046,1408605230,Lost (Gagal),0
TRX-20814,2023-03-09,Kalimantan,Pertambangan,Forklift,4,0,0,In Progress,0
TRX-21852,2023-08-22,Sulawesi,Konstruksi,Forklift,1,558178203,558178203,In Progress,0
TRX-22220,2022-10-16,Sumatera,Perkebunan,Genset (Generator Set),2,333384033,666768066,Lost (Gagal),0
TRX-22672,2023-11-14,Jawa,Manufaktur,Tractor Agrikultur,5,846687048,4233435240,Won (Berhasil),4233435240
TRX-22105,2023-12-24,Sulawesi,Konstruksi,Tractor Agrikultur,5,1434132361,7170661805,Won (Berhasil),7170661805
TRX-20133,2022-10-16,Kalimantan,Pertambangan,Forklip,4,358266762,1433067048,Won (Berhasil),1433067048
TRX-21140,2023-02-01,Sumatera,Manufaktur,Forklift,1,331838350,331838350,Lost (Gagal),0
TRX-20933,2021-09-14,Papua,Konstruksi,Forklift,5,545629766,2728148830,Won (Berhasil),2728148830
TRX-20928,2023-03-18,Papua,Konstruksi,Genset (Generator Set),3,465456202,1396368606,Won (Berhasil),1396368606
TRX-20823,2021-01-15,Sulawesi,Manufaktur,Genset (Generator Set),1,328190719,328190719,Won (Berhasil),328190719
TRX-21531,2021-06-03,Sulawesi,Manufaktur,Genset (Generator Set),4,278607521,1114430084,Lost (Gagal),0
TRX-21214,2021-02-01,Papua,Pertambangan,Forklift,5,413177208,2065886040,Won (Berhasil),2065886040
TRX-20504,2022-06-08,Kalimantan,Logistik & Gudang,Excavator,1,2668052918,2668052918,Lost (Gagal),0
TRX-22776,2021-06-13,Sumatera,Perkebunan,Excavator,2,2887797178,5775594356,Lost (Gagal),0
TRX-22395,2022-05-26,Kalimantan,Pertambangan,Genset (Generator Set),3,137633494,412900482,Won (Berhasil),412900482
TRX-21996,2023-03-08,Sumatera,Pertambangan,Forklift,1,476767541,476767541,Won (Berhasil),476767541
TRX-22434,2021-09-16,Sumatera,Konstruksi,Forklift,2,380176954,760353908,Won (Berhasil),760353908
TRX-21958,2021-03-07,Jawa,Pertambangan,Excavator,1,2733387070,2733387070,Won (Berhasil),2733387070
TRX-21384,2021-12-25,Jawa,Konstruksi,Forklift,3,224301123,672903369,Won (Berhasil),672903369
TRX-20894,2023-02-07,Jawa,Konstruksi,Excavator,1,2813033567,2813033567,Won (Berhasil),2813033567
TRX-20828,2021-12-07,Kalimantan,Logistik & Gudang,Forklift,3,577164707,1731494121,Won (Berhasil),1731494121
TRX-22967,2023-09-10,Jawa,Konstruksi,Tractor Agrikultur,1,939108706,939108706,Lost (Gagal),0
TRX-21683,2022-12-20,Sulawesi,Konstruksi,Forklift,1,290770427,290770427,Won (Berhasil),290770427
TRX-22653,2023-03-26,Sulawesi,Konstruksi,Genset (Generator Set),3,426860855,1280582565,Won (Berhasil),1280582565
TRX-22601,2023-06-23,Kalimantan,Manufaktur,Genset (Generator Set),1,163540238,163540238,Won (Berhasil),163540238
TRX-22553,2021-07-23,Sumatera,Manufaktur,Genset (Generator Set),3,428053249,1284159747,Lost (Gagal),0
TRX-20652,2023-01-23,Kalimantan,Pertambangan,Forklift,4,211324488,845297952,Lost (Gagal),0
TRX-20172,2023-11-09,Jawa,Manufaktur,Forklift,1,388694281,388694281,Won (Berhasil),388694281
TRX-20038,2021-07-23,,Manufaktur,Excavator,2,2068530564,4137061128,In Progress,0
TRX-22907,2022-10-05,Jawa,Manufaktur,Genset (Generator Set),2,393772985,787545970,Won (Berhasil),787545970
TRX-20713,2022-10-18,Jawa,Perkebunan,Forklift,5,254747533,1273737665,In Progress,0
TRX-20090,2022-05-02,Jawa,Manufaktur,Forklip,2,934182158,1868364316,Won (Berhasil),1868364316
TRX-21817,2023-12-29,Papua,Pertambangan,Forklift,3,283736825,851210475,Won (Berhasil),851210475
TRX-21205,2022-02-08,Jawa,Manufaktur,Tractor Agrikultur,3,1075872072,3227616216,Won (Berhasil),3227616216
TRX-22628,2023-09-21,Jawa,Manufaktur,Tractor Agrikultur,1,1247081785,1247081785,Lost (Gagal),0
TRX-21827,2021-02-07,Papua,Perkebunan,Forklift,5,396543325,1982716625,Lost (Gagal),0
TRX-21155,2022-07-28,Jawa,Perkebunan,Tractor Agrikultur,2,1194747590,2389495180,Lost (Gagal),0
TRX-21324,2021-08-30,Sulawesi,Pertambangan,Genset (Generator Set),5,437983414,2189917070,Won (Berhasil),2189917070
TRX-20216,2021-11-23,Sumatera,Logistik & Gudang,Forklift,5,343323875,1716619375,Won (Berhasil),1716619375
TRX-20510,2023-06-21,Papua,Manufaktur,Tractor Agrikultur,3,1362218334,4086655002,Won (Berhasil),4086655002
TRX-21680,2023-02-07,Kalimantan,Pertambangan,Tractor Agrikultur,1,1224224438,1224224438,Won (Berhasil),1224224438
TRX-20499,2023-10-18,Sulawesi,Logistik & Gudang,Excavator,2,1920222736,3840445472,Lost (Gagal),0
TRX-22519,2021-12-18,Sumatera,Manufaktur,Tractor Agrikultur,1,876559039,876559039,Won (Berhasil),876559039
TRX-21856,2023-01-06,Sulawesi,Manufaktur,Forklift,5,406007808,2030039040,Won (Berhasil),2030039040
TRX-21388,2023-07-23,Sulawesi,Perkebunan,Excavator,1,2915133969,2915133969,Lost (Gagal),0
TRX-21519,2021-10-21,Jawa,Konstruksi,Genset (Generator Set),3,433800211,1301400633,In Progress,0
TRX-22386,2023-08-21,Kalimantan,Pertambangan,Tractor Agrikultur,4,938859500,3755438000,Lost (Gagal),0
TRX-22766,2022-02-07,Jawa,Konstruksi,Tractor Agrikultur,3,1387788344,4163365032,In Progress,0
TRX-22076,2022-07-29,Papua,Pertambangan,Excavator,1,2231446398,2231446398,Lost (Gagal),0
TRX-21540,2023-05-22,Sumatera,Manufaktur,Excavator,2,1982122198,3964244396,Won (Berhasil),3964244396
TRX-21217,2021-07-12,Jawa,Logistik & Gudang,Genset (Generator Set),4,175180276,700721104,Won (Berhasil),700721104
TRX-21416,2022-07-13,Jawa,Pertambangan,Genset (Generator Set),5,296787324,1483936620,In Progress,0
TRX-22217,2022-01-16,Jawa,Manufaktur,Genset (Generator Set),4,373537856,1494151424,Won (Berhasil),1494151424
TRX-22560,2023-01-12,Kalimantan,Pertambangan,Tractor Agrikultur,1,984086605,984086605,Won (Berhasil),984086605
TRX-21676,2023-10-08,Sulawesi,Logistik & Gudang,Forklift,1,582033456,582033456,Lost (Gagal),0
TRX-21197,2023-04-13,Sumatera,Pertambangan,Genset (Generator Set),1,116678167,116678167,Won (Berhasil),116678167
TRX-21542,2023-09-24,Sulawesi,Logistik & Gudang,Ekskavator,5,866102895,4330514475,Won (Berhasil),4330514475
TRX-20953,2023-09-01,Sulawesi,Logistik & Gudang,Tractor Agrikultur,3,1415599470,4246798410,Lost (Gagal),0
TRX-20750,2022-08-02,Sulawesi,Pertambangan,Forklift,3,200697962,602093886,Won (Berhasil),602093886
TRX-20234,2022-09-08,Jawa,Logistik & Gudang,Forklift,4,236487792,945951168,Lost (Gagal),0
TRX-20732,2021-10-05,Sulawesi,Manufaktur,Excavator,1,2752790477,2752790477,Lost (Gagal),0
TRX-20393,2022-12-29,Jawa,Logistik & Gudang,Excavator,1,1808048529,1808048529,Won (Berhasil),1808048529
TRX-21156,2021-11-09,Papua,Pertambangan,Tractor Agrikultur,5,847661522,4238307610,Won (Berhasil),4238307610
TRX-22616,2023-08-30,Papua,Manufaktur,Excavator,2,1741216119,3482432238,Won (Berhasil),3482432238
TRX-22445,2022-07-25,Kalimantan,Perkebunan,Genset (Generator Set),5,113616105,568080525,Won (Berhasil),568080525
TRX-21209,2021-05-14,Kalimantan,Konstruksi,Forklift,2,521794988,1043589976,Lost (Gagal),0
TRX-21065,2021-09-19,Papua,Konstruksi,Forklift,5,499327945,2496639725,In Progress,0
TRX-22156,2022-07-07,Sumatera,Logistik & Gudang,Forklift,2,338394293,676788586,Won (Berhasil),676788586
TRX-21062,2021-08-05,Sulawesi,Pertambangan,Genset (Generator Set),2,438610255,877220510,Won (Berhasil),877220510
TRX-21167,2022-05-18,Kalimantan,Konstruksi,Genset (Generator Set),3,477452305,1432356915,Won (Berhasil),1432356915
TRX-21492,2022-02-26,Kalimantan,Pertambangan,Excavator,2,1682418083,3364836166,In Progress,0
TRX-22514,2022-04-03,Sumatera,Perkebunan,Genset (Generator Set),5,145650372,728251860,Lost (Gagal),0
TRX-20884,2022-01-11,Sulawesi,Perkebunan,Genset (Generator Set),1,183406924,183406924,Won (Berhasil),183406924
TRX-20143,2022-06-12,Sumatera,Manufaktur,Excavator,1,2790207740,2790207740,Won (Berhasil),2790207740
TRX-22989,2023-01-23,Papua,Konstruksi,Tractor Agrikultur,4,1300416410,5201665640,Lost (Gagal),0
TRX-20850,2021-04-17,Sulawesi,Manufaktur,Tractor Agrikultur,5,971986495,4859932475,Won (Berhasil),4859932475
TRX-20717,2023-11-28,Sumatera,Perkebunan,Forklift,5,410647928,2053239640,Won (Berhasil),2053239640
TRX-22889,2022-05-04,Sumatera,Konstruksi,Forklift,3,293284512,879853536,Won (Berhasil),879853536
TRX-22502,2021-11-30,Sumatera,Perkebunan,Excavator,2,2983827721,5967655442,Lost (Gagal),0
TRX-20264,2023-03-03,Papua,Pertambangan,Tractor Agrikultur,4,1128957579,4515830316,In Progress,0
TRX-20075,2022-01-13,Sumatera,Perkebunan,Forklift,4,233357595,933430380,Lost (Gagal),0
TRX-22492,2023-03-21,Jawa,Manufaktur,Tractor Agrikultur,5,1070325512,5351627560,Won (Berhasil),5351627560
TRX-20395,2022-12-15,Sumatera,Perkebunan,Tractor Agrikultur,2,994934684,1989869368,Won (Berhasil),1989869368
TRX-22588,2021-05-29,Jawa,Konstruksi,Genset (Generator Set),3,243166921,729500763,Won (Berhasil),729500763
TRX-22224,2021-05-28,Jawa,Konstruksi,Ekskavator,4,400306254,1601225016,Lost (Gagal),0
TRX-22846,2022-07-02,Jawa,Konstruksi,Tractor Agrikultur,4,1208816202,4835264808,Won (Berhasil),4835264808
TRX-20396,2022-08-19,Kalimantan,Manufaktur,Forklift,4,587520318,2350081272,Won (Berhasil),2350081272
TRX-21365,2021-05-29,Jawa,Logistik & Gudang,Genset (Generator Set),5,432518045,2162590225,Won (Berhasil),2162590225
TRX-22541,2022-04-04,Jawa,Manufaktur,Forklift,5,552549808,2762749040,Lost (Gagal),0
TRX-21903,2023-05-11,Sulawesi,Manufaktur,Tractor Agrikultur,1,1118151177,1118151177,Won (Berhasil),1118151177
TRX-20595,2021-02-18,Papua,Pertambangan,Forklift,4,477906409,1911625636,In Progress,0
TRX-22109,2023-06-23,Sumatera,Konstruksi,Genset (Generator Set),5,124093006,620465030,Lost (Gagal),0
TRX-21296,2022-03-21,Jawa,Perkebunan,Excavator,2,2462164623,4924329246,Won (Berhasil),4924329246
TRX-21821,2023-12-26,Sulawesi,Pertambangan,Forklift,2,500934804,1001869608,Lost (Gagal),0
TRX-20872,2023-06-22,Papua,Perkebunan,Excavator,2,1667816092,3335632184,In Progress,0
TRX-22958,2022-11-30,Papua,Pertambangan,Genset (Generator Set),2,493482036,986964072,Won (Berhasil),986964072
TRX-22326,2022-02-14,Sumatera,Konstruksi,Forklift,5,518754206,2593771030,In Progress,0
TRX-21548,2021-11-07,Papua,Logistik & Gudang,Forklift,4,411454808,1645819232,Won (Berhasil),1645819232
TRX-20036,2023-11-23,Papua,Pertambangan,Tractor Agrikultur,5,825474640,4127373200,Won (Berhasil),4127373200
TRX-22950,2021-06-05,Sulawesi,Konstruksi,Excavator,1,2751679504,2751679504,Lost (Gagal),0
TRX-22143,2023-01-18,Papua,Pertambangan,Forklift,3,513519928,1540559784,Lost (Gagal),0
TRX-22599,2022-11-22,Sumatera,Manufaktur,Forklift,2,324501683,649003366,In Progress,0
TRX-20977,2022-06-22,Sumatera,Perkebunan,Genset (Generator Set),1,293044544,293044544,Lost (Gagal),0
TRX-21571,2021-01-19,Sumatera,Manufaktur,Excavator,2,1595663801,3191327602,Lost (Gagal),0
TRX-21122,2023-06-26,Kalimantan,Logistik & Gudang,Genset (Generator Set),4,163150879,652603516,Won (Berhasil),652603516
TRX-22239,2021-08-14,Sulawesi,Konstruksi,Genset (Generator Set),4,492169146,1968676584,In Progress,0
TRX-22504,2021-04-17,Papua,Perkebunan,Forklift,1,447694269,447694269,Won (Berhasil),447694269
TRX-21892,2021-11-27,Sulawesi,Konstruksi,Forklift,2,599858893,1199717786,Won (Berhasil),1199717786
TRX-20675,2021-07-15,Sumatera,Logistik & Gudang,Forklift,3,580174657,1740523971,Won (Berhasil),1740523971
TRX-20728,2023-12-19,Sulawesi,Manufaktur,Tractor Agrikultur,4,1218171000,4872684000,Lost (Gagal),0
TRX-20412,2023-05-12,Jawa,Manufaktur,Genset (Generator Set),5,430060788,2150303940,In Progress,0
TRX-21516,2021-01-30,Papua,Konstruksi,Forklift,3,373594873,1120784619,Won (Berhasil),1120784619
TRX-21649,2021-11-07,Jawa,Konstruksi,Forklift,4,294225896,1176903584,Won (Berhasil),1176903584
TRX-20825,2021-09-27,Papua,Pertambangan,Tractor Agrikultur,2,1228207504,2456415008,Won (Berhasil),2456415008
TRX-20616,2023-02-02,Jawa,Pertambangan,Forklift,4,352740280,1410961120,Won (Berhasil),1410961120
TRX-20114,2022-01-03,Papua,Pertambangan,Genset (Generator Set),3,236921941,710765823,Lost (Gagal),0
TRX-20417,2023-07-25,Sumatera,Perkebunan,Tractor Agrikultur,1,1365400461,1365400461,Won (Berhasil),1365400461
TRX-21625,2021-09-27,Papua,Konstruksi,Excavator,2,1816863986,3633727972,Won (Berhasil),3633727972
TRX-22986,2021-07-29,Kalimantan,Konstruksi,Genset (Generator Set),4,327089670,1308358680,Won (Berhasil),1308358680
TRX-20089,2023-11-27,Jawa,Manufaktur,Genset (Generator Set),5,187400392,937001960,Lost (Gagal),0
TRX-22082,2022-06-24,Kalimantan,Konstruksi,Excavator,1,1768191109,1768191109,Won (Berhasil),1768191109
TRX-20753,2023-01-02,Jawa,Konstruksi,Forklift,3,452999798,1358999394,Won (Berhasil),1358999394
TRX-22546,2022-07-30,Sulawesi,Logistik & Gudang,Forklift,5,444182162,2220910810,Won (Berhasil),2220910810
TRX-21630,2021-02-28,Papua,Pertambangan,Genset (Generator Set),4,273511704,1094046816,Won (Berhasil),1094046816
TRX-20011,2023-04-02,Papua,Konstruksi,Forklift,5,332902761,1664513805,Won (Berhasil),1664513805
TRX-22444,2021-01-01,Papua,Pertambangan,Tractor Agrikultur,5,1074224908,5371124540,Won (Berhasil),5371124540
TRX-20284,2023-03-23,Kalimantan,Manufaktur,Excavator,2,1686711090,3373422180,Won (Berhasil),3373422180
TRX-21066,2021-03-05,Sulawesi,Manufaktur,Tractor Agrikultur,4,1166113389,4664453556,Lost (Gagal),0
TRX-21191,2022-05-10,Jawa,Manufaktur,Genset (Generator Set),4,285801882,1143207528,In Progress,0
TRX-21440,2023-01-27,Papua,Manufaktur,Excavator,1,2630200235,2630200235,Won (Berhasil),2630200235
TRX-22848,2023-02-27,Kalimantan,Manufaktur,Tractor Agrikultur,4,857353129,3429412516,Won (Berhasil),3429412516
TRX-22847,2021-09-01,Sulawesi,Konstruksi,Genset (Generator Set),4,177446414,709785656,Lost (Gagal),0
TRX-22755,2021-11-12,Papua,Manufaktur,Tractor Agrikultur,4,874325556,3497302224,Won (Berhasil),3497302224
TRX-21568,2021-07-11,Jawa,Pertambangan,Excavator,2,2122439683,4244879366,Won (Berhasil),4244879366
TRX-22427,2021-07-07,Sulawesi,Konstruksi,Genset (Generator Set),1,439067495,439067495,Lost (Gagal),0
TRX-22620,2022-08-18,Papua,Manufaktur,Tractor Agrikultur,1,1456013997,1456013997,Won (Berhasil),1456013997
TRX-21687,2022-10-05,Sulawesi,Manufaktur,Tractor Agrikultur,1,1393483446,1393483446,Won (Berhasil),1393483446
TRX-20851,2023-01-13,Papua,Perkebunan,Excavator,1,2596790606,2596790606,Lost (Gagal),0
TRX-22207,2022-07-28,Papua,Manufaktur,Tractor Agrikultur,3,819252293,2457756879,Won (Berhasil),2457756879
TRX-20895,2021-01-19,Sumatera,Konstruksi,Tractor Agrikultur,5,1193393569,5966967845,Won (Berhasil),5966967845
TRX-20496,2021-02-13,Papua,Perkebunan,Forklift,4,310162167,1240648668,Won (Berhasil),1240648668
TRX-22305,2023-05-10,,Logistik & Gudang,Genset (Generator Set),4,484376878,1937507512,Lost (Gagal),0
TRX-21782,2021-01-27,Sumatera,Pertambangan,Genset (Generator Set),2,358732722,717465444,Won (Berhasil),717465444
TRX-20335,2021-09-07,Jawa,Pertambangan,Excavator,1,2995916365,2995916365,Won (Berhasil),2995916365
TRX-20515,2022-07-02,Kalimantan,Manufaktur,Forklift,1,399030193,399030193,Won (Berhasil),399030193
TRX-21348,2022-07-14,Papua,Konstruksi,Forklift,2,518518957,1037037914,Won (Berhasil),1037037914
TRX-21015,2021-05-24,Sumatera,Logistik & Gudang,Genset (Generator Set),2,132414520,264829040,Won (Berhasil),264829040
TRX-22855,2021-08-26,Papua,Pertambangan,Forklift,5,515696744,2578483720,Won (Berhasil),2578483720
TRX-22850,2023-12-03,Sumatera,Pertambangan,Tractor Agrikultur,1,1134250228,1134250228,Won (Berhasil),1134250228
TRX-21781,2021-06-12,Papua,Pertambangan,Forklift,1,268499792,268499792,Lost (Gagal),0
TRX-22569,2022-01-06,Jawa,Logistik & Gudang,Genset (Generator Set),4,369089504,1476358016,Lost (Gagal),0
TRX-21785,2023-11-09,Sumatera,Manufaktur,Genset (Generator Set),4,105120416,420481664,Won (Berhasil),420481664
TRX-22070,2023-09-24,Jawa,Perkebunan,Forklift,4,475104374,1900417496,In Progress,0
TRX-20356,2023-09-03,Sumatera,Konstruksi,Tractor Agrikultur,2,930240892,1860481784,Won (Berhasil),1860481784
TRX-22899,2021-07-26,Kalimantan,,Excavator,1,2109104472,2109104472,Won (Berhasil),2109104472
TRX-21312,2023-06-22,Jawa,Perkebunan,Excavator,2,1783955272,3567910544,Won (Berhasil),3567910544
TRX-21635,2023-10-13,Jawa,Manufaktur,Excavator,2,1767906710,3535813420,Won (Berhasil),3535813420
TRX-20550,2021-11-26,Sulawesi,Pertambangan,Tractor Agrikultur,3,1167256444,3501769332,Won (Berhasil),3501769332
TRX-22388,2023-01-14,Sumatera,Perkebunan,Forklift,2,309225785,618451570,Won (Berhasil),618451570
TRX-22479,2022-10-10,Jawa,Logistik & Gudang,Excavator,2,2680874727,5361749454,Lost (Gagal),0
TRX-22521,2023-08-04,Sulawesi,Manufaktur,Genset (Generator Set),5,214943373,1074716865,Lost (Gagal),0
TRX-22265,2022-04-15,Jawa,Konstruksi,Excavator,1,2410654582,2410654582,Won (Berhasil),2410654582
TRX-21227,2022-01-02,Papua,Perkebunan,Excavator,1,2690537895,2690537895,In Progress,0
TRX-22724,2021-02-02,Papua,Pertambangan,Genset (Generator Set),1,453156409,453156409,Lost (Gagal),0
TRX-20957,2022-12-03,Jawa,Konstruksi,Genset (Generator Set),4,115060850,460243400,Won (Berhasil),460243400
TRX-21773,2023-10-28,Papua,Pertambangan,Excavator,2,2057608885,4115217770,Won (Berhasil),4115217770
TRX-22141,2023-04-11,Sulawesi,Logistik & Gudang,Forklift,5,265044998,1325224990,Lost (Gagal),0
TRX-21008,2023-05-30,Papua,Pertambangan,Forklift,2,569140156,1138280312,Lost (Gagal),0
TRX-21092,2021-04-05,Papua,Konstruksi,Tractor Agrikultur,3,941849402,2825548206,Won (Berhasil),2825548206
TRX-22718,2023-10-19,Jawa,Pertambangan,Tractor Agrikultur,2,1478779311,2957558622,Lost (Gagal),0
TRX-20996,2023-06-03,Papua,Perkebunan,Ekskavator,1,572029100,572029100,Won (Berhasil),572029100
TRX-21679,2023-05-23,Sulawesi,Manufaktur,Tractor Agrikultur,1,1229427820,1229427820,Won (Berhasil),1229427820
TRX-20153,2022-08-15,Kalimantan,Perkebunan,Genset (Generator Set),1,102631075,102631075,Won (Berhasil),102631075
TRX-22829,2021-03-06,Sumatera,Perkebunan,Tractor Agrikultur,5,804019300,4020096500,Won (Berhasil),4020096500
TRX-20580,2023-09-11,Kalimantan,Manufaktur,Tractor Agrikultur,4,1134381676,4537526704,Won (Berhasil),4537526704
TRX-21470,2023-06-27,Jawa,Logistik & Gudang,Tractor Agrikultur,5,1250330028,6251650140,Won (Berhasil),6251650140
TRX-20703,2023-08-27,Sumatera,Perkebunan,Tractor Agrikultur,1,1286308104,1286308104,Won (Berhasil),1286308104
TRX-21212,2022-07-26,Sumatera,Konstruksi,Excavator,2,2392799145,4785598290,Won (Berhasil),4785598290
TRX-20896,2022-11-14,Papua,Perkebunan,Tractor Agrikultur,4,815021181,3260084724,Won (Berhasil),3260084724
TRX-20487,2021-05-19,Sulawesi,Perkebunan,Tractor Agrikultur,1,1030669069,1030669069,Won (Berhasil),1030669069
TRX-20559,2021-01-18,Jawa,Manufaktur,Genset (Generator Set),3,410566297,1231698891,Won (Berhasil),1231698891
TRX-21141,2022-11-21,Papua,Konstruksi,Genset (Generator Set),5,204665056,1023325280,Lost (Gagal),0
TRX-21119,2021-08-24,Papua,Konstruksi,Genset (Generator Set),5,429421695,2147108475,Won (Berhasil),2147108475
TRX-20512,2023-12-08,Jawa,Konstruksi,Tractor Agrikultur,2,810532214,1621064428,Won (Berhasil),1621064428
TRX-20633,2021-12-20,Sulawesi,Manufaktur,Genset (Generator Set),4,314112372,1256449488,Won (Berhasil),1256449488
TRX-22627,2021-01-02,Jawa,Perkebunan,Tractor Agrikultur,4,1339006538,5356026152,Won (Berhasil),5356026152
TRX-21664,2021-02-06,Sumatera,Konstruksi,Tractor Agrikultur,1,995605583,995605583,In Progress,0
TRX-21012,2021-05-26,Jawa,Konstruksi,Excavator,1,1670895748,1670895748,Won (Berhasil),1670895748
TRX-21931,2023-01-08,Sumatera,Perkebunan,Forklip,2,490999513,981999026,Won (Berhasil),981999026
TRX-21150,2021-07-10,Sulawesi,Logistik & Gudang,Excavator,2,1514860923,3029721846,Won (Berhasil),3029721846
TRX-22852,2021-06-19,Jawa,Pertambangan,Genset (Generator Set),4,166539043,666156172,Won (Berhasil),666156172
TRX-20116,2023-07-18,Sulawesi,Pertambangan,Genset (Generator Set),2,409582679,819165358,Won (Berhasil),819165358
TRX-20740,2023-01-03,Papua,Konstruksi,Forklift,4,323494698,1293978792,Won (Berhasil),1293978792
TRX-22808,2023-05-07,Sulawesi,Pertambangan,Forklift,5,389461697,1947308485,Won (Berhasil),1947308485
TRX-21974,2021-09-06,Kalimantan,Perkebunan,Excavator,1,2238375044,2238375044,Won (Berhasil),2238375044
TRX-21081,2021-02-09,Sulawesi,Perkebunan,Excavator,1,2127325370,2127325370,Won (Berhasil),2127325370
TRX-21810,2022-04-26,Kalimantan,,Genset (Generator Set),5,175612108,878060540,Won (Berhasil),878060540
TRX-20830,2023-02-01,Papua,Konstruksi,Genset (Generator Set),3,403944988,1211834964,Lost (Gagal),0
TRX-20119,2022-09-11,Sulawesi,Perkebunan,Genset (Generator Set),4,210973290,843893160,In Progress,0
TRX-20656,2022-04-15,Kalimantan,Pertambangan,Tractor Agrikultur,1,922562420,922562420,Won (Berhasil),922562420
TRX-22833,2021-05-23,Papua,Pertambangan,Genset (Generator Set),4,445605119,1782420476,Lost (Gagal),0
TRX-22736,2023-06-20,Jawa,Perkebunan,Excavator,2,2594644589,5189289178,Lost (Gagal),0
TRX-22979,2022-07-21,Sumatera,Perkebunan,Excavator,1,1785366269,1785366269,Won (Berhasil),1785366269
TRX-20635,2023-04-01,Papua,Perkebunan,Excavator,2,2374027690,4748055380,Lost (Gagal),0
TRX-20369,2021-03-24,Jawa,,Excavator,2,2902780558,5805561116,Won (Berhasil),5805561116
TRX-20268,2023-09-02,Sumatera,Manufaktur,Forklift,3,412626604,1237879812,Won (Berhasil),1237879812
TRX-20046,2022-04-04,Kalimantan,Konstruksi,Genset (Generator Set),4,489756319,1959025276,Lost (Gagal),0
TRX-20991,2022-02-25,Jawa,Manufaktur,Forklift,5,464145850,2320729250,In Progress,0
TRX-20876,2021-09-04,Kalimantan,Logistik & Gudang,Tractor Agrikultur,3,1192690567,3578071701,In Progress,0
TRX-20773,2023-06-28,Jawa,Perkebunan,Tractor Agrikultur,5,1326488918,6632444590,Lost (Gagal),0
TRX-21219,2022-02-17,Jawa,Manufaktur,Tractor Agrikultur,2,1488291985,2976583970,Won (Berhasil),2976583970
TRX-21126,2021-01-01,Sumatera,Perkebunan,Tractor Agrikultur,1,1476678736,1476678736,In Progress,0
TRX-20004,2023-01-26,Sulawesi,Manufaktur,Forklift,2,357488538,714977076,Won (Berhasil),714977076
TRX-21595,2021-07-05,Jawa,Manufaktur,Tractor Agrikultur,4,807165370,3228661480,Won (Berhasil),3228661480
TRX-22311,2021-12-24,Jawa,Pertambangan,Genset (Generator Set),1,147312152,147312152,Won (Berhasil),147312152
TRX-22491,2023-09-05,Sumatera,Perkebunan,Tractor Agrikultur,5,1460915499,7304577495,In Progress,0
TRX-21077,2022-03-18,Kalimantan,Konstruksi,Genset (Generator Set),3,463775375,1391326125,Lost (Gagal),0
TRX-20837,2022-07-15,Kalimantan,Konstruksi,Forklift,2,577442963,1154885926,Won (Berhasil),1154885926
TRX-20681,2023-04-07,Sumatera,Pertambangan,Tractor Agrikultur,3,1322618297,3967854891,Won (Berhasil),3967854891
TRX-21715,2021-01-15,Jawa,Manufaktur,Tractor Agrikultur,3,901517883,2704553649,Won (Berhasil),2704553649
TRX-22352,2023-01-26,Jawa,Perkebunan,Genset (Generator Set),5,112924874,564624370,Won (Berhasil),564624370
TRX-22617,2022-04-25,Sumatera,Manufaktur,Ekskavator,5,912627166,4563135830,Won (Berhasil),4563135830
TRX-22361,2023-01-03,Sulawesi,Logistik & Gudang,Tractor Agrikultur,2,1404217998,2808435996,Won (Berhasil),2808435996
TRX-22197,2021-03-02,Jawa,Logistik & Gudang,Genset (Generator Set),1,289881698,289881698,Won (Berhasil),289881698
TRX-21148,2023-09-08,Sulawesi,Konstruksi,Forklift,1,497854926,497854926,Won (Berhasil),497854926
TRX-20574,2022-08-28,Papua,Pertambangan,Excavator,1,2807505620,2807505620,Won (Berhasil),2807505620
TRX-20050,2022-01-16,Sumatera,Perkebunan,Excavator,1,1752263691,1752263691,Won (Berhasil),1752263691
TRX-20853,2022-02-08,Jawa,Konstruksi,Forklift,3,255139275,765417825,Won (Berhasil),765417825
TRX-21982,2023-05-31,Sulawesi,Konstruksi,Excavator,1,2784378808,2784378808,Won (Berhasil),2784378808
TRX-21823,2023-09-06,Jawa,Konstruksi,Excavator,1,2787343086,2787343086,Lost (Gagal),0
TRX-20833,2022-06-13,Sumatera,Konstruksi,Forklift,2,589046824,1178093648,Lost (Gagal),0
TRX-21115,2023-04-19,Jawa,Konstruksi,Genset (Generator Set),1,248065253,248065253,Won (Berhasil),248065253
TRX-21166,2021-05-14,Sumatera,Perkebunan,Tractor Agrikultur,5,1039956089,5199780445,In Progress,0
TRX-22518,2022-12-13,Sulawesi,Konstruksi,Excavator,1,1560151618,1560151618,Lost (Gagal),0
TRX-21906,2022-03-18,Kalimantan,Konstruksi,Excavator,1,2234558655,2234558655,Won (Berhasil),2234558655
TRX-20971,2021-04-18,Sumatera,Perkebunan,Genset (Generator Set),4,431759706,1727038824,Won (Berhasil),1727038824
TRX-20399,2023-01-21,Jawa,Manufaktur,Forklift,2,446961795,893923590,Lost (Gagal),0
TRX-22559,2023-07-06,Jawa,Manufaktur,Tractor Agrikultur,3,1410717609,4232152827,Won (Berhasil),4232152827
TRX-22368,2021-03-24,Jawa,Logistik & Gudang,Excavator,1,1927882512,1927882512,Won (Berhasil),1927882512
TRX-20019,2021-08-29,Jawa,Logistik & Gudang,Forklift,1,300784543,300784543,Won (Berhasil),300784543
TRX-20684,2023-04-06,Kalimantan,Pertambangan,Genset (Generator Set),1,245128210,245128210,Won (Berhasil),245128210
TRX-20035,2022-08-21,Papua,Konstruksi,Excavator,1,2064732692,2064732692,Won (Berhasil),2064732692
TRX-22876,2022-04-06,Kalimantan,Pertambangan,Genset (Generator Set),3,258447160,775341480,Won (Berhasil),775341480
TRX-20524,2021-07-17,Sumatera,Pertambangan,Excavator,2,2658006331,5316012662,Won (Berhasil),5316012662
TRX-22455,2022-06-29,Papua,Manufaktur,Tractor Agrikultur,5,1462692935,7313464675,Won (Berhasil),7313464675
TRX-20920,2022-09-12,Papua,Konstruksi,Excavator,1,1811820400,1811820400,Won (Berhasil),1811820400
TRX-21841,2021-08-24,Sulawesi,Perkebunan,Tractor Agrikultur,2,904998788,1809997576,Lost (Gagal),0
TRX-21890,2022-02-08,Sumatera,Perkebunan,Excavator,2,1999757615,3999515230,Won (Berhasil),3999515230
TRX-20537,2023-01-15,Kalimantan,Pertambangan,Genset (Generator Set),3,406110876,1218332628,Won (Berhasil),1218332628
TRX-21705,2023-03-13,Kalimantan,Perkebunan,Excavator,1,2077054513,2077054513,Lost (Gagal),0
TRX-22978,2023-06-18,Jawa,Konstruksi,Tractor Agrikultur,4,963295013,3853180052,In Progress,0
TRX-20245,2021-06-24,Jawa,Logistik & Gudang,Forklift,1,227939854,227939854,Won (Berhasil),227939854
TRX-20784,2023-03-25,Papua,Perkebunan,Tractor Agrikultur,2,1304343471,2608686942,Won (Berhasil),2608686942
TRX-21409,2022-08-27,Sumatera,Perkebunan,Excavator,2,1972942816,3945885632,Won (Berhasil),3945885632
TRX-22537,2023-06-23,Jawa,Konstruksi,Genset (Generator Set),5,426115554,2130577770,Won (Berhasil),2130577770
TRX-20154,2022-06-10,Papua,Pertambangan,Genset (Generator Set),2,154871506,309743012,Lost (Gagal),0
TRX-21686,2021-02-10,Sulawesi,Pertambangan,Forklift,5,464494258,2322471290,Won (Berhasil),2322471290
TRX-20625,2021-09-16,Papua,Pertambangan,Genset (Generator Set),1,491670823,491670823,Lost (Gagal),0
TRX-22923,2022-07-23,Sumatera,Konstruksi,Excavator,1,2396817683,2396817683,Won (Berhasil),2396817683
TRX-21346,2023-02-21,Papua,Konstruksi,Forklift,5,543681294,2718406470,Lost (Gagal),0
TRX-20569,2023-11-13,Sulawesi,Konstruksi,Excavator,2,2613766336,5227532672,Won (Berhasil),5227532672
TRX-22980,2022-03-21,Sumatera,Perkebunan,Excavator,2,1878553991,3757107982,Lost (Gagal),0
TRX-21758,2023-10-08,Sumatera,Pertambangan,Tractor Agrikultur,3,1283082020,3849246060,Lost (Gagal),0
TRX-21816,2023-07-19,Sumatera,Manufaktur,Excavator,2,2786736214,5573472428,Won (Berhasil),5573472428
TRX-22065,2023-01-23,Jawa,Manufaktur,Genset (Generator Set),1,256491673,256491673,In Progress,0
TRX-20127,2021-04-18,Sulawesi,Logistik & Gudang,Genset (Generator Set),1,133759868,133759868,In Progress,0
TRX-21226,2021-02-04,Papua,Logistik & Gudang,Excavator,2,2728346837,5456693674,Won (Berhasil),5456693674
TRX-22006,2023-10-26,Sulawesi,Pertambangan,Tractor Agrikultur,5,817131938,4085659690,Won (Berhasil),4085659690
TRX-20980,2022-05-08,Kalimantan,Pertambangan,Tractor Agrikultur,-2,1387167479,-2774334958,Won (Berhasil),5548669916
TRX-21360,2021-12-14,Jawa,Logistik & Gudang,Genset (Generator Set),2,495086889,990173778,Lost (Gagal),0
TRX-20190,2023-06-11,Sulawesi,Perkebunan,Genset (Generator Set),3,146065980,438197940,Won (Berhasil),438197940
TRX-21139,2022-03-03,Jawa,Logistik & Gudang,Excavator,2,2869347506,5738695012,Won (Berhasil),5738695012
TRX-20992,2023-06-25,Jawa,Pertambangan,Genset (Generator Set),2,326509256,653018512,Won (Berhasil),653018512
TRX-20699,2023-01-01,Kalimantan,Pertambangan,Genset (Generator Set),2,154887806,309775612,Won (Berhasil),309775612
TRX-20606,2022-08-01,Sumatera,Perkebunan,Excavator,2,2399782741,4799565482,Lost (Gagal),0
TRX-20180,2023-05-07,Sumatera,Manufaktur,Genset (Generator Set),3,259698515,779095545,In Progress,0
TRX-20301,2022-01-07,Kalimantan,Konstruksi,Genset (Generator Set),3,376939256,1130817768,Won (Berhasil),1130817768
TRX-22544,2021-09-19,Jawa,Pertambangan,Genset (Generator Set),5,386718649,1933593245,Lost (Gagal),0
TRX-22822,2021-11-02,Sulawesi,Konstruksi,Excavator,1,1541627725,1541627725,Won (Berhasil),1541627725
TRX-21060,2021-05-24,Jawa,Perkebunan,Forklift,4,438417901,1753671604,Lost (Gagal),0
TRX-22866,2023-05-03,Kalimantan,Manufaktur,Forklift,2,461172962,922345924,Lost (Gagal),0
TRX-22925,2022-06-15,Papua,Logistik & Gudang,Forklift,1,512289443,512289443,Won (Berhasil),512289443
TRX-22565,2022-08-12,Kalimantan,Perkebunan,Excavator,1,2934292141,2934292141,In Progress,0
TRX-21069,2023-08-11,Papua,Logistik & Gudang,Tractor Agrikultur,5,1109893735,5549468675,Lost (Gagal),0
TRX-22524,2023-08-02,Jawa,Konstruksi,Tractor Agrikultur,2,933649805,1867299610,Won (Berhasil),1867299610
TRX-22205,2021-07-06,Sumatera,Perkebunan,Tractor Agrikultur,5,959250197,4796250985,In Progress,0
TRX-21243,2023-11-29,Kalimantan,Pertambangan,Forklift,5,326816463,1634082315,Won (Berhasil),1634082315
TRX-20016,2022-07-24,Jawa,Logistik & Gudang,Excavator,1,1667711575,1667711575,Won (Berhasil),1667711575
TRX-21005,2022-03-22,Papua,Manufaktur,Excavator,2,1898802701,3797605402,Won (Berhasil),3797605402
TRX-20546,2023-11-18,Sumatera,Pertambangan,Genset (Generator Set),2,297384135,594768270,Won (Berhasil),594768270
TRX-20658,2023-11-25,Sumatera,Perkebunan,Excavator,1,1796000386,1796000386,Won (Berhasil),1796000386
TRX-22749,2022-02-06,Sulawesi,Logistik & Gudang,Forklift,5,545932476,2729662380,Won (Berhasil),2729662380
TRX-22780,2021-10-30,Kalimantan,Pertambangan,Tractor Agrikultur,2,1468275461,2936550922,Lost (Gagal),0
TRX-21504,2023-08-31,Sumatera,Perkebunan,Forklift,3,492979506,1478938518,Won (Berhasil),1478938518
TRX-20959,2021-09-09,Sumatera,Pertambangan,Tractor Agrikultur,2,1379298823,2758597646,In Progress,0
TRX-22331,2022-04-18,Kalimantan,Perkebunan,Tractor Agrikultur,1,873849435,873849435,Won (Berhasil),873849435
TRX-20797,2022-08-04,Jawa,Pertambangan,Excavator,2,2350499772,4700999544,Won (Berhasil),4700999544
TRX-20225,2021-01-04,Sulawesi,Konstruksi,Excavator,1,1963862284,1963862284,Won (Berhasil),1963862284
TRX-22074,2021-04-01,Jawa,Perkebunan,Excavator,2,1634801949,3269603898,Won (Berhasil),3269603898
TRX-21799,2022-10-10,Papua,Pertambangan,Forklift,2,464019440,928038880,Won (Berhasil),928038880
TRX-22485,2022-12-16,Papua,Pertambangan,Forklift,1,329573423,329573423,In Progress,0
TRX-22254,2023-05-11,Sulawesi,Konstruksi,Forklift,3,222620597,667861791,Won (Berhasil),667861791
TRX-22277,2023-05-13,Papua,Logistik & Gudang,Excavator,1,2355925952,2355925952,In Progress,0
TRX-22085,2021-03-04,Sumatera,Pertambangan,Excavator,2,2935907472,5871814944,Won (Berhasil),5871814944
TRX-21693,2021-07-08,Sumatera,Konstruksi,Tractor Agrikultur,3,1484431470,4453294410,Won (Berhasil),4453294410
TRX-21045,2023-08-13,Sulawesi,Konstruksi,Excavator,1,1698949670,1698949670,In Progress,0
TRX-20469,2024-01-01,Jawa,Manufaktur,Genset (Generator Set),4,404940249,1619760996,Lost (Gagal),0
TRX-20954,2021-05-01,Sumatera,Konstruksi,Genset (Generator Set),5,350492126,1752460630,Won (Berhasil),1752460630
TRX-22603,2023-11-27,Papua,Pertambangan,Excavator,1,2395669148,2395669148,Lost (Gagal),0
TRX-22735,2021-11-30,Sulawesi,Manufaktur,Excavator,1,2667790742,2667790742,Won (Berhasil),2667790742
TRX-20639,2021-02-25,Kalimantan,Perkebunan,Forklift,5,398318483,1991592415,Lost (Gagal),0
TRX-22825,2022-08-28,Sumatera,Perkebunan,Excavator,1,1611578243,1611578243,Won (Berhasil),1611578243
TRX-21218,2023-01-02,Papua,Pertambangan,Genset (Generator Set),1,420275780,420275780,Lost (Gagal),0
TRX-21158,2023-04-22,Kalimantan,Konstruksi,Forklift,1,299097296,299097296,Won (Berhasil),299097296
TRX-21415,2023-11-21,Papua,Perkebunan,Genset (Generator Set),2,127673409,255346818,In Progress,0
TRX-22758,2021-12-23,Sulawesi,Logistik & Gudang,Genset (Generator Set),5,273227360,1366136800,Lost (Gagal),0
TRX-21527,2022-07-22,Jawa,Manufaktur,Genset (Generator Set),1,394248974,394248974,Lost (Gagal),0
TRX-22968,2023-08-12,Papua,Pertambangan,Excavator,2,2547203178,5094406356,Won (Berhasil),5094406356
TRX-21300,2022-09-14,Papua,Pertambangan,Excavator,2,2360559566,4721119132,Won (Berhasil),4721119132
TRX-22913,2021-01-31,Sumatera,Perkebunan,Tractor Agrikultur,4,1256393525,5025574100,Won (Berhasil),5025574100
TRX-21603,2022-03-23,Sumatera,Perkebunan,Genset (Generator Set),5,308617947,1543089735,In Progress,0
TRX-20160,2023-04-29,Kalimantan,Pertambangan,Tractor Agrikultur,2,906146547,1812293094,Won (Berhasil),1812293094
TRX-21704,2021-04-05,Sulawesi,Perkebunan,Excavator,1,1871717275,1871717275,Won (Berhasil),1871717275
TRX-20956,2021-01-10,Kalimantan,Konstruksi,Excavator,2,1720683395,3441366790,Lost (Gagal),0
TRX-22962,2023-02-05,Sulawesi,Perkebunan,Excavator,1,1676665615,1676665615,In Progress,0
TRX-20877,2021-03-02,Sulawesi,Konstruksi,Forklift,3,481244710,1443734130,Lost (Gagal),0
TRX-21919,2022-07-23,Papua,Konstruksi,Tractor Agrikultur,1,825563169,825563169,In Progress,0
TRX-21884,2021-04-01,Papua,Manufaktur,Forklift,2,366752421,733504842,Lost (Gagal),0
TRX-22200,2022-08-27,Papua,Konstruksi,Excavator,1,2266367383,2266367383,Won (Berhasil),2266367383
TRX-20098,2023-09-11,Jawa,Manufaktur,Forklift,2,539167706,1078335412,Won (Berhasil),1078335412
TRX-22874,2021-12-28,Sulawesi,Konstruksi,Genset (Generator Set),1,193892910,193892910,Won (Berhasil),193892910
TRX-22557,2021-04-06,Sumatera,Pertambangan,Excavator,1,2859626333,2859626333,Won (Berhasil),2859626333
TRX-20253,2021-02-15,Jawa,Konstruksi,Forklift,5,209038465,1045192325,Won (Berhasil),1045192325
TRX-20103,2023-01-03,Papua,Perkebunan,Forklift,5,507746573,2538732865,Won (Berhasil),2538732865
TRX-21445,2021-01-23,Jawa,Pertambangan,Tractor Agrikultur,1,1041998763,1041998763,In Progress,0
TRX-21443,2021-06-15,Sulawesi,Perkebunan,Genset (Generator Set),2,143137032,286274064,Won (Berhasil),286274064
TRX-21648,2022-04-29,Sumatera,Pertambangan,Genset (Generator Set),5,386021768,1930108840,Won (Berhasil),1930108840
TRX-20586,2023-11-17,Sulawesi,Konstruksi,Tractor Agrikultur,4,1352641638,5410566552,Won (Berhasil),5410566552
TRX-20627,2022-03-15,Sulawesi,Logistik & Gudang,Tractor Agrikultur,4,847323586,3389294344,Won (Berhasil),3389294344
TRX-21696,2022-10-25,Kalimantan,,Excavator,2,2138557788,4277115576,Won (Berhasil),4277115576
TRX-22101,2022-06-13,Sulawesi,Logistik & Gudang,Forklift,4,264435394,1057741576,In Progress,0
TRX-22199,2023-01-12,Sulawesi,Pertambangan,Genset (Generator Set),4,453079081,1812316324,Lost (Gagal),0
TRX-20403,2021-07-03,Kalimantan,Perkebunan,Forklift,4,485360658,1941442632,Won (Berhasil),1941442632
TRX-21154,2021-01-01,Sumatera,Konstruksi,Genset (Generator Set),1,110626402,110626402,Lost (Gagal),0
TRX-22255,2023-02-22,Kalimantan,Logistik & Gudang,Excavator,1,2724404324,2724404324,Won (Berhasil),2724404324
TRX-21682,2022-05-31,Sulawesi,Logistik & Gudang,Tractor Agrikultur,3,1110142030,3330426090,Lost (Gagal),0
TRX-22056,2022-11-23,Sumatera,Perkebunan,Excavator,2,1786749207,3573498414,Lost (Gagal),0
TRX-22891,2022-06-23,Sumatera,Pertambangan,Forklip,5,1290654632,6453273160,Won (Berhasil),6453273160
TRX-20452,2021-05-07,Papua,Pertambangan,Forklift,5,480659402,2403297010,In Progress,0
TRX-22301,2022-08-24,Sumatera,Pertambangan,Forklift,4,530346235,2121384940,Lost (Gagal),0
TRX-21327,2022-01-03,Jawa,Logistik & Gudang,Tractor Agrikultur,4,1205473541,4821894164,Won (Berhasil),4821894164
TRX-22049,2021-01-20,Jawa,Logistik & Gudang,Tractor Agrikultur,4,909459114,3637836456,Won (Berhasil),3637836456
TRX-20880,2024-01-01,Sulawesi,Konstruksi,Forklift,4,208462156,833848624,Lost (Gagal),0
TRX-22965,2021-12-05,Sumatera,Perkebunan,Excavator,2,1777981164,3555962328,In Progress,0
TRX-20623,2023-11-16,Sumatera,Perkebunan,Excavator,2,1723862040,3447724080,Won (Berhasil),3447724080
TRX-22393,2021-08-10,Sumatera,Logistik & Gudang,Tractor Agrikultur,1,1124872680,1124872680,Won (Berhasil),1124872680
TRX-22818,2023-04-24,Kalimantan,Pertambangan,Tractor Agrikultur,5,1058914207,5294571035,Won (Berhasil),5294571035
TRX-21787,2021-01-18,,Konstruksi,Forklift,4,382032983,1528131932,Won (Berhasil),1528131932
TRX-20262,2022-06-09,Kalimantan,Pertambangan,Forklift,1,566754903,566754903,Lost (Gagal),0
TRX-21634,2022-07-10,Sulawesi,Perkebunan,Genset (Generator Set),3,121882842,365648526,In Progress,0
TRX-21438,2022-08-24,Kalimantan,Perkebunan,Genset (Generator Set),3,378867404,1136602212,Won (Berhasil),1136602212
TRX-22198,2023-08-03,Sulawesi,Pertambangan,Tractor Agrikultur,4,905744609,3622978436,Won (Berhasil),3622978436
TRX-21969,2023-05-02,Papua,Pertambangan,Excavator,1,2417571610,2417571610,Won (Berhasil),2417571610
TRX-22520,2022-12-20,Kalimantan,Konstruksi,Tractor Agrikultur,1,1367417072,1367417072,Won (Berhasil),1367417072
TRX-21802,2023-07-31,Sulawesi,Manufaktur,Forklift,5,305000440,1525002200,Lost (Gagal),0
TRX-20640,2022-09-18,Sulawesi,Manufaktur,Tractor Agrikultur,2,1112507395,2225014790,Lost (Gagal),0
TRX-22385,2021-05-07,Sumatera,Perkebunan,Genset (Generator Set),3,123692297,371076891,Lost (Gagal),0
TRX-22598,2021-12-25,Jawa,Manufaktur,Tractor Agrikultur,4,1396689953,5586759812,Lost (Gagal),0
TRX-22877,2021-04-30,Sulawesi,Konstruksi,Forklift,2,480756453,961512906,Won (Berhasil),961512906
TRX-21959,2023-06-29,Sumatera,Pertambangan,Genset (Generator Set),3,394420622,1183261866,Won (Berhasil),1183261866
TRX-20488,2021-08-04,Kalimantan,Manufaktur,Genset (Generator Set),2,321523806,643047612,Won (Berhasil),643047612
TRX-21843,2023-02-12,Kalimantan,Pertambangan,Forklift,3,437712374,1313137122,Won (Berhasil),1313137122
TRX-21734,2022-10-27,Sumatera,Pertambangan,Excavator,1,2270319863,2270319863,In Progress,0
TRX-20146,2022-08-17,Sulawesi,Konstruksi,Genset (Generator Set),1,492106335,492106335,Won (Berhasil),492106335
TRX-21534,2021-05-20,Papua,Pertambangan,Genset (Generator Set),4,269292582,1077170328,Won (Berhasil),1077170328
TRX-21986,2023-05-25,Papua,Pertambangan,Excavator,2,1669171863,3338343726,Won (Berhasil),3338343726
TRX-21369,2021-09-24,Papua,Manufaktur,Tractor Agrikultur,4,1113737980,4454951920,Won (Berhasil),4454951920
TRX-22450,2023-01-17,Sumatera,Perkebunan,Tractor Agrikultur,4,1165241625,4660966500,Won (Berhasil),4660966500
TRX-22983,2022-02-02,Sumatera,Perkebunan,Genset (Generator Set),4,480180233,1920720932,In Progress,0
TRX-22811,2021-11-07,Kalimantan,Pertambangan,Ekskavator,4,1014647654,4058590616,Lost (Gagal),0
TRX-20659,2023-10-24,Jawa,Manufaktur,Genset (Generator Set),4,205259454,821037816,Lost (Gagal),0
TRX-21794,2021-10-11,Jawa,Perkebunan,Genset (Generator Set),5,320186539,1600932695,Lost (Gagal),0
TRX-22511,2023-05-15,Sulawesi,Pertambangan,Tractor Agrikultur,1,831030973,831030973,Won (Berhasil),831030973
TRX-20186,2021-08-03,Sumatera,Perkebunan,Genset (Generator Set),2,232180692,464361384,In Progress,0
TRX-21147,2023-12-19,Sumatera,Perkebunan,Excavator,1,2387705232,2387705232,Lost (Gagal),0
TRX-20608,2022-05-10,Sumatera,Pertambangan,Forklift,5,587255072,2936275360,Lost (Gagal),0
TRX-22191,2022-11-07,Sulawesi,Manufaktur,Excavator,2,2312018072,4624036144,Won (Berhasil),4624036144
TRX-22799,2021-03-13,Sulawesi,Manufaktur,Genset (Generator Set),2,366899232,733798464,Lost (Gagal),0
TRX-21930,2021-02-25,Sulawesi,Konstruksi,Excavator,1,2486926884,2486926884,In Progress,0
TRX-20197,2021-11-11,Sulawesi,Manufaktur,Forklift,2,397107025,794214050,Lost (Gagal),0
TRX-22327,2022-06-21,Sulawesi,Logistik & Gudang,Forklift,5,528690222,2643451110,Won (Berhasil),2643451110
TRX-20293,2023-06-25,Kalimantan,Pertambangan,Genset (Generator Set),4,346798831,1387195324,Won (Berhasil),1387195324
TRX-20766,2023-06-03,Sulawesi,Logistik & Gudang,Tractor Agrikultur,4,1236931353,4947725412,Lost (Gagal),0
TRX-20400,2023-09-08,Sumatera,Pertambangan,Excavator,2,2321720386,4643440772,Lost (Gagal),0
TRX-20122,2021-08-15,Kalimantan,Konstruksi,Genset (Generator Set),4,100295181,401180724,Won (Berhasil),401180724
TRX-20202,2021-12-02,Sulawesi,Logistik & Gudang,Excavator,1,1831781901,1831781901,Won (Berhasil),1831781901
TRX-20835,2022-01-20,Papua,Konstruksi,Forklift,1,278221940,278221940,Lost (Gagal),0
TRX-22294,2022-03-18,Papua,Logistik & Gudang,Excavator,2,2754213101,5508426202,Lost (Gagal),0
TRX-21439,2021-09-18,Sumatera,Perkebunan,Genset (Generator Set),4,434938322,1739753288,Won (Berhasil),1739753288
TRX-21733,2021-02-18,Kalimantan,Pertambangan,Genset (Generator Set),3,264033237,792099711,In Progress,0
TRX-21695,2021-12-25,Sulawesi,Pertambangan,Forklift,5,240315564,1201577820,Won (Berhasil),1201577820
TRX-22975,2022-04-08,Sumatera,Perkebunan,Excavator,1,1892347958,1892347958,Won (Berhasil),1892347958
TRX-21707,2021-08-24,Jawa,Konstruksi,Genset (Generator Set),3,159835353,479506059,Won (Berhasil),479506059
TRX-22960,2021-08-24,Sulawesi,Pertambangan,Genset (Generator Set),4,310154252,1240617008,Won (Berhasil),1240617008
TRX-21153,2023-12-25,Papua,Pertambangan,Tractor Agrikultur,1,1310695301,1310695301,Won (Berhasil),1310695301
TRX-21661,2021-04-15,Sumatera,Konstruksi,Ekskavator,1,2962911856,2962911856,Lost (Gagal),0
TRX-22432,2021-07-16,Kalimantan,Pertambangan,Genset (Generator Set),5,356921977,1784609885,Won (Berhasil),1784609885
TRX-21759,2022-11-15,Kalimantan,Pertambangan,Excavator,2,2020949938,4041899876,Won (Berhasil),4041899876
TRX-20854,2021-07-30,Kalimantan,Pertambangan,Forklift,1,285350674,285350674,Lost (Gagal),0
TRX-21589,2021-03-29,Kalimantan,Pertambangan,Forklift,2,296907470,593814940,Won (Berhasil),593814940
TRX-22267,2023-08-08,Sulawesi,Perkebunan,Forklift,2,527516463,1055032926,Won (Berhasil),1055032926
TRX-20641,2021-04-05,Kalimantan,Konstruksi,Excavator,2,2363426296,4726852592,Won (Berhasil),4726852592
TRX-20001,2021-06-20,Kalimantan,Pertambangan,Tractor Agrikultur,3,1118000243,3354000729,Won (Berhasil),3354000729
TRX-22160,2023-05-07,Kalimantan,Pertambangan,Tractor Agrikultur,4,952901210,3811604840,Won (Berhasil),3811604840
TRX-20698,2022-12-02,Jawa,Pertambangan,Genset (Generator Set),1,302748565,302748565,In Progress,0
TRX-21636,2021-06-02,Papua,Pertambangan,Tractor Agrikultur,3,1301578990,3904736970,Won (Berhasil),3904736970
TRX-21291,2022-03-06,Sumatera,Konstruksi,Tractor Agrikultur,2,1275331033,2550662066,Lost (Gagal),0
TRX-22903,2022-05-18,Kalimantan,Pertambangan,Genset (Generator Set),4,421387330,1685549320,Lost (Gagal),0
TRX-22489,2022-09-30,Sumatera,Perkebunan,Forklift,4,398695771,1594783084,Lost (Gagal),0
TRX-21520,2022-04-20,Sulawesi,Konstruksi,Tractor Agrikultur,1,1293551911,1293551911,Won (Berhasil),1293551911
TRX-21853,2023-03-24,Sumatera,Perkebunan,Tractor Agrikultur,2,1198867200,2397734400,Lost (Gagal),0
TRX-21136,2021-10-14,Sulawesi,Pertambangan,Tractor Agrikultur,5,893790120,4468950600,Won (Berhasil),4468950600
TRX-22992,2023-11-19,Sulawesi,Pertambangan,Tractor Agrikultur,4,1194165112,4776660448,Won (Berhasil),4776660448
TRX-21631,2023-11-19,Sulawesi,Logistik & Gudang,Forklift,5,543615230,2718076150,Lost (Gagal),0
TRX-21998,2023-07-07,Sulawesi,Manufaktur,Excavator,2,1681482091,3362964182,Won (Berhasil),3362964182
TRX-20663,2022-12-30,Papua,Pertambangan,Forklift,2,547871016,1095742032,Won (Berhasil),1095742032
TRX-20683,2021-01-15,Kalimantan,Pertambangan,Excavator,1,2218603822,2218603822,In Progress,0
TRX-21257,2022-03-15,Jawa,Pertambangan,Excavator,1,1517640137,1517640137,In Progress,0
TRX-20317,2021-11-24,Sulawesi,Manufaktur,Genset (Generator Set),5,223471307,1117356535,Won (Berhasil),1117356535
TRX-20648,2022-07-05,Kalimantan,Pertambangan,Excavator,1,2037478118,2037478118,Won (Berhasil),2037478118
TRX-21434,2022-02-22,Sumatera,Perkebunan,Excavator,2,1792703335,3585406670,Won (Berhasil),3585406670
TRX-21479,2022-04-19,Sulawesi,Konstruksi,Tractor Agrikultur,2,1196625532,2393251064,Won (Berhasil),2393251064
TRX-20709,2023-05-16,Jawa,Perkebunan,Forklift,4,339164271,1356657084,Lost (Gagal),0
TRX-21282,2022-05-26,Sumatera,Perkebunan,Genset (Generator Set),2,162482010,324964020,Lost (Gagal),0
TRX-21768,2022-12-18,Jawa,Logistik & Gudang,Tractor Agrikultur,5,1463451444,7317257220,Lost (Gagal),0
TRX-20972,2021-04-26,Jawa,Pertambangan,Tractor Agrikultur,3,1451036882,4353110646,Won (Berhasil),4353110646
TRX-22675,2023-03-07,Sulawesi,Pertambangan,Forklift,5,476681792,2383408960,Won (Berhasil),2383408960
TRX-22680,2023-09-05,Jawa,Perkebunan,Genset (Generator Set),2,0,0,Lost (Gagal),0
TRX-21306,2021-07-29,Papua,Manufaktur,Genset (Generator Set),4,276715688,1106862752,Won (Berhasil),1106862752
TRX-21400,2023-04-08,Sulawesi,Konstruksi,Tractor Agrikultur,5,1398334684,6991673420,Won (Berhasil),6991673420
TRX-21408,2022-06-06,Sumatera,Pertambangan,Genset (Generator Set),3,282119910,846359730,Won (Berhasil),846359730
TRX-22237,2021-07-08,Papua,Logistik & Gudang,Tractor Agrikultur,3,1284946133,3854838399,Lost (Gagal),0
TRX-21496,2021-09-01,Sumatera,Perkebunan,Excavator,2,1782535432,3565070864,Won (Berhasil),3565070864
TRX-22038,2021-10-05,Sulawesi,Logistik & Gudang,Genset (Generator Set),2,276083710,552167420,Won (Berhasil),552167420
TRX-21529,2023-02-16,Sulawesi,Manufaktur,Tractor Agrikultur,2,838293043,1676586086,Won (Berhasil),1676586086
TRX-21663,2021-06-03,Papua,Pertambangan,Genset (Generator Set),5,387783806,1938919030,Won (Berhasil),1938919030
TRX-21354,2022-09-24,Papua,Pertambangan,Genset (Generator Set),3,157873326,473619978,Lost (Gagal),0
TRX-22971,2024-01-01,Papua,Pertambangan,Excavator,2,2790379412,5580758824,Won (Berhasil),5580758824
TRX-22991,2022-06-18,Kalimantan,Perkebunan,Tractor Agrikultur,5,1489627720,7448138600,Won (Berhasil),7448138600
TRX-21643,2022-05-31,Sumatera,Manufaktur,Tractor Agrikultur,3,1157926167,3473778501,Lost (Gagal),0
TRX-21051,2021-12-26,Sulawesi,Manufaktur,Genset (Generator Set),1,114821880,114821880,Lost (Gagal),0
TRX-20795,2021-05-16,Sulawesi,Logistik & Gudang,Genset (Generator Set),1,397407647,397407647,Won (Berhasil),397407647
TRX-22693,2023-08-17,Sumatera,Perkebunan,Forklift,3,285920870,857762610,Won (Berhasil),857762610
TRX-21597,2022-02-12,Jawa,Pertambangan,Forklift,3,506214607,1518643821,Won (Berhasil),1518643821
TRX-22604,2023-08-29,Sumatera,Konstruksi,Genset (Generator Set),5,422324402,2111622010,Lost (Gagal),0
TRX-22729,2021-03-04,Sulawesi,Manufaktur,Genset (Generator Set),5,407218084,2036090420,Won (Berhasil),2036090420
TRX-22625,2022-12-12,Sumatera,Manufaktur,Forklift,4,452525310,1810101240,Won (Berhasil),1810101240
TRX-21819,2023-11-29,Jawa,Manufaktur,Forklift,4,250587845,1002351380,Won (Berhasil),1002351380
TRX-21722,2023-04-25,Jawa,Logistik & Gudang,Forklift,1,450042770,450042770,Won (Berhasil),450042770
TRX-21183,2022-09-27,Sumatera,Manufaktur,Excavator,1,1747406684,1747406684,Won (Berhasil),1747406684
TRX-22572,2023-12-24,Kalimantan,Konstruksi,Excavator,1,2926704024,2926704024,Won (Berhasil),2926704024
TRX-21059,2021-04-29,Kalimantan,Manufaktur,Genset (Generator Set),3,241551865,724655595,Lost (Gagal),0
TRX-20540,2023-11-02,Kalimantan,Perkebunan,Excavator,2,2978213092,5956426184,Won (Berhasil),5956426184
TRX-21678,2021-08-07,Papua,Pertambangan,Tractor Agrikultur,2,1184856444,2369712888,Won (Berhasil),2369712888
TRX-22796,2023-10-18,Kalimantan,Pertambangan,Excavator,1,1641460557,1641460557,Won (Berhasil),1641460557
TRX-22935,2021-03-19,Sulawesi,Pertambangan,Genset (Generator Set),1,364189932,364189932,Lost (Gagal),0
TRX-22532,2023-12-17,Sulawesi,Logistik & Gudang,Genset (Generator Set),1,300759738,300759738,Won (Berhasil),300759738
TRX-21757,2022-04-15,Jawa,Perkebunan,Genset (Generator Set),4,307190974,1228763896,Won (Berhasil),1228763896
TRX-21923,2021-03-05,,Logistik & Gudang,Genset (Generator Set),1,435549432,435549432,Lost (Gagal),0
TRX-20095,2023-09-14,Sumatera,Perkebunan,Forklift,1,402440722,402440722,Won (Berhasil),402440722
TRX-21020,2021-04-05,Sulawesi,,Excavator,1,1573687535,1573687535,Lost (Gagal),0
TRX-20563,2023-09-13,Kalimantan,Konstruksi,Genset (Generator Set),4,151035196,604140784,Won (Berhasil),604140784
TRX-22790,2021-06-25,Sumatera,Perkebunan,Genset (Generator Set),2,214355283,428710566,Won (Berhasil),428710566
TRX-20863,2022-11-14,Kalimantan,Manufaktur,Tractor Agrikultur,4,1045781254,4183125016,Lost (Gagal),0
TRX-21484,2021-10-13,Kalimantan,Konstruksi,Genset (Generator Set),5,376898979,1884494895,Lost (Gagal),0
TRX-21881,2022-12-12,Jawa,Logistik & Gudang,Excavator,2,1803365880,3606731760,Lost (Gagal),0
TRX-21038,2021-02-18,Jawa,Konstruksi,Tractor Agrikultur,4,1197701019,4790804076,Won (Berhasil),4790804076
TRX-20206,2023-06-16,Jawa,Pertambangan,Excavator,2,1706468199,3412936398,Won (Berhasil),3412936398
TRX-20392,2022-04-13,Sumatera,Perkebunan,Forklip,4,477189536,1908758144,Won (Berhasil),1908758144
TRX-22842,2022-04-19,Jawa,Konstruksi,Excavator,2,2977778924,5955557848,Lost (Gagal),0
TRX-20870,2021-01-30,Kalimantan,Manufaktur,Forklift,5,243813428,1219067140,Won (Berhasil),1219067140
TRX-20397,2023-02-18,Sulawesi,Manufaktur,Tractor Agrikultur,2,975545143,1951090286,Won (Berhasil),1951090286
TRX-22814,2023-05-12,Papua,Logistik & Gudang,Genset (Generator Set),3,374992100,1124976300,Lost (Gagal),0
TRX-22929,2023-09-27,Jawa,Logistik & Gudang,Forklift,1,588567482,588567482,Lost (Gagal),0
TRX-21028,2023-06-28,Kalimantan,Logistik & Gudang,Forklift,4,379458683,1517834732,Lost (Gagal),0
TRX-22690,2022-04-02,Sumatera,Manufaktur,Excavator,2,1579382728,3158765456,Won (Berhasil),3158765456
TRX-21485,2022-05-11,Papua,Pertambangan,Forklift,2,267403518,534807036,Lost (Gagal),0
TRX-22660,2023-09-04,Kalimantan,Konstruksi,Forklift,2,283517726,567035452,In Progress,0
TRX-20960,2023-12-03,Sulawesi,Logistik & Gudang,Tractor Agrikultur,5,1033996232,5169981160,Won (Berhasil),5169981160
TRX-21570,2022-10-11,Sulawesi,Perkebunan,Excavator,1,2848371905,2848371905,Won (Berhasil),2848371905
TRX-22773,2023-08-18,Sumatera,Pertambangan,Genset (Generator Set),4,439002686,1756010744,Lost (Gagal),0
TRX-21895,2021-05-19,Sumatera,Perkebunan,Excavator,1,2115553376,2115553376,Won (Berhasil),2115553376
TRX-22731,2021-11-28,Sumatera,Manufaktur,Forklift,1,476287077,476287077,Won (Berhasil),476287077
TRX-22146,2021-07-15,Jawa,Perkebunan,Genset (Generator Set),4,404161126,1616644504,Won (Berhasil),1616644504
TRX-20804,2021-09-07,Jawa,Perkebunan,Tractor Agrikultur,2,1121772482,2243544964,In Progress,0
TRX-21751,2023-10-11,Sumatera,Manufaktur,Genset (Generator Set),4,191471229,765884916,Won (Berhasil),765884916
TRX-22454,2022-01-24,Kalimantan,Pertambangan,Forklift,5,235503583,1177517915,Won (Berhasil),1177517915
TRX-20502,2022-07-07,Papua,Konstruksi,Genset (Generator Set),4,287432061,1149728244,Lost (Gagal),0
TRX-20779,2022-03-05,Jawa,Perkebunan,Excavator,1,2109809904,2109809904,In Progress,0
TRX-21863,2022-07-08,Sumatera,Pertambangan,Genset (Generator Set),1,393139356,393139356,In Progress,0
TRX-20200,2021-12-05,Papua,Pertambangan,Excavator,2,2327279942,4654559884,Lost (Gagal),0
TRX-22182,2022-02-28,Sulawesi,Logistik & Gudang,Genset (Generator Set),5,229174827,1145874135,Won (Berhasil),1145874135
TRX-22088,2021-02-14,Sumatera,Konstruksi,Excavator,1,1533830781,1533830781,Won (Berhasil),1533830781
TRX-22278,2023-12-11,,Logistik & Gudang,Genset (Generator Set),1,213924664,213924664,Lost (Gagal),0
TRX-21796,2022-01-03,Papua,Manufaktur,Excavator,2,1956093530,3912187060,Won (Berhasil),3912187060
TRX-20378,2022-06-16,Papua,Pertambangan,Tractor Agrikultur,3,883862786,2651588358,Lost (Gagal),0
TRX-22336,2022-05-27,Sulawesi,Logistik & Gudang,Excavator,1,1869910374,1869910374,Lost (Gagal),0
TRX-20418,2022-02-10,Kalimantan,Konstruksi,Forklift,2,289133220,578266440,Won (Berhasil),578266440
TRX-21698,2021-08-02,Jawa,Manufaktur,Genset (Generator Set),1,223843510,223843510,Lost (Gagal),0
TRX-20391,2022-12-02,Kalimantan,Pertambangan,Excavator,1,2778933004,2778933004,Won (Berhasil),2778933004
TRX-22640,2023-11-09,Kalimantan,Pertambangan,Forklift,5,247586096,1237930480,Won (Berhasil),1237930480
TRX-21522,2023-04-16,Sumatera,Manufaktur,Genset (Generator Set),5,143432367,717161835,Won (Berhasil),717161835
TRX-21162,2021-10-24,Sumatera,Perkebunan,Forklift,5,595915166,2979575830,Lost (Gagal),0
TRX-21495,2023-12-13,Papua,Pertambangan,Forklift,5,355081128,1775405640,Won (Berhasil),1775405640
TRX-22695,2023-08-29,Kalimantan,Logistik & Gudang,Forklift,2,569223358,1138446716,Lost (Gagal),0
TRX-22027,2021-12-11,Papua,Perkebunan,Excavator,1,2866474758,2866474758,Lost (Gagal),0
TRX-21152,2023-12-30,Papua,Konstruksi,Excavator,2,2385585254,4771170508,Won (Berhasil),4771170508
TRX-21367,2022-07-14,Sumatera,Manufaktur,Genset (Generator Set),4,249946645,999786580,Lost (Gagal),0
TRX-22568,2021-02-28,Kalimantan,Konstruksi,Excavator,2,1905577878,3811155756,Lost (Gagal),0
TRX-20064,2022-04-06,Kalimantan,Pertambangan,Forklift,2,441487627,882975254,Lost (Gagal),0
TRX-22062,2022-04-28,Kalimantan,Pertambangan,Forklift,1,333016391,333016391,Lost (Gagal),0
TRX-21180,2022-12-27,Sumatera,Pertambangan,Genset (Generator Set),1,401823891,401823891,Won (Berhasil),401823891
TRX-20492,2021-09-06,Jawa,Konstruksi,Tractor Agrikultur,1,963088433,963088433,Won (Berhasil),963088433
TRX-20379,2023-09-29,Kalimantan,Pertambangan,Forklift,5,374331485,1871657425,Lost (Gagal),0
TRX-22235,2022-12-02,Kalimantan,Pertambangan,Forklift,2,490496572,980993144,Lost (Gagal),0
TRX-20763,2021-06-10,Jawa,Konstruksi,Excavator,1,2999148651,2999148651,Won (Berhasil),2999148651
TRX-22264,2023-04-27,Kalimantan,Logistik & Gudang,Genset (Generator Set),3,130345566,391036698,Won (Berhasil),391036698
TRX-20791,2022-07-20,Sulawesi,Perkebunan,Genset (Generator Set),2,496891986,993783972,Won (Berhasil),993783972
TRX-21076,2022-11-02,Papua,Pertambangan,Genset (Generator Set),3,321864228,965592684,In Progress,0
TRX-20878,2023-10-14,Papua,Logistik & Gudang,Excavator,1,1652873535,1652873535,Won (Berhasil),1652873535
TRX-20337,2022-05-27,Kalimantan,Pertambangan,Genset (Generator Set),2,310151552,620303104,Lost (Gagal),0
TRX-22767,2022-09-08,Sumatera,Perkebunan,Genset (Generator Set),4,403945021,1615780084,Won (Berhasil),1615780084
TRX-22343,2021-06-17,Papua,Pertambangan,Excavator,2,1617549208,3235098416,Lost (Gagal),0
TRX-21016,2021-02-13,Papua,Perkebunan,Tractor Agrikultur,2,948015915,1896031830,Won (Berhasil),1896031830
TRX-21275,2021-11-21,Sulawesi,Logistik & Gudang,Tractor Agrikultur,4,1307793161,5231172644,In Progress,0
TRX-20455,2022-11-13,Jawa,Konstruksi,Genset (Generator Set),5,343028795,1715143975,Won (Berhasil),1715143975
TRX-20815,2021-11-15,Jawa,Konstruksi,Tractor Agrikultur,1,1075198327,1075198327,Won (Berhasil),1075198327
TRX-22317,2022-04-24,Jawa,Konstruksi,Genset (Generator Set),4,374226841,1496907364,Lost (Gagal),0
TRX-20995,2022-09-15,Sulawesi,Perkebunan,Excavator,2,1887371747,3774743494,Lost (Gagal),0
TRX-21981,2021-08-30,Kalimantan,Manufaktur,Tractor Agrikultur,3,871426279,2614278837,Won (Berhasil),2614278837
TRX-20201,2023-06-02,Kalimantan,Manufaktur,Genset (Generator Set),1,248264783,248264783,Won (Berhasil),248264783
TRX-20161,2021-09-14,Jawa,Manufaktur,Excavator,1,2196504788,2196504788,Lost (Gagal),0
TRX-21579,2023-08-18,Sulawesi,Pertambangan,Forklift,4,200956591,803826364,Won (Berhasil),803826364
TRX-22777,2021-11-30,Jawa,Perkebunan,Forklift,2,420567250,841134500,Lost (Gagal),0
TRX-22449,2021-02-09,Kalimantan,Manufaktur,Tractor Agrikultur,1,1271774510,1271774510,In Progress,0
TRX-20702,2021-06-29,Jawa,Pertambangan,Tractor Agrikultur,5,1396704153,6983520765,Won (Berhasil),6983520765
TRX-21500,2023-02-16,Papua,Pertambangan,Forklift,3,482635643,1447906929,Won (Berhasil),1447906929
TRX-21129,2023-08-20,Papua,Logistik & Gudang,Forklift,3,364825317,1094475951,Won (Berhasil),1094475951
TRX-22613,2023-10-15,Papua,Pertambangan,Tractor Agrikultur,3,878616229,2635848687,Won (Berhasil),2635848687
TRX-21021,2023-06-06,Kalimantan,Pertambangan,Forklift,2,247420713,494841426,Won (Berhasil),494841426
TRX-21585,2021-03-12,Sulawesi,Logistik & Gudang,Genset (Generator Set),5,149394351,746971755,Lost (Gagal),0
TRX-21955,2021-09-05,Jawa,Logistik & Gudang,Genset (Generator Set),4,215454828,861819312,Won (Berhasil),861819312
TRX-22253,2023-05-31,Papua,Pertambangan,Excavator,2,2593750683,5187501366,Lost (Gagal),0
TRX-20034,2021-03-25,Papua,Konstruksi,Genset (Generator Set),2,279135934,558271868,Lost (Gagal),0
TRX-20775,2022-11-16,Kalimantan,Konstruksi,Tractor Agrikultur,1,832682958,832682958,Lost (Gagal),0
TRX-22556,2023-07-24,Sumatera,Logistik & Gudang,Genset (Generator Set),1,149273148,149273148,Lost (Gagal),0
TRX-21478,2022-06-07,Kalimantan,Konstruksi,Genset (Generator Set),5,402922185,2014610925,Lost (Gagal),0
TRX-21390,2021-12-20,Sumatera,Manufaktur,Forklift,3,396691308,1190073924,Lost (Gagal),0
TRX-22139,2021-10-16,,Manufaktur,Genset (Generator Set),4,284762059,1139048236,Won (Berhasil),1139048236
TRX-21363,2022-12-12,Sulawesi,Konstruksi,Genset (Generator Set),5,236077107,1180385535,Lost (Gagal),0
TRX-22945,2021-04-03,Jawa,Pertambangan,Genset (Generator Set),1,112483911,112483911,Won (Berhasil),112483911
TRX-22612,2022-09-29,Papua,Logistik & Gudang,Forklift,5,420333276,2101666380,Lost (Gagal),0
TRX-22824,2021-08-22,Sumatera,Pertambangan,Genset (Generator Set),2,429852645,859705290,In Progress,0
TRX-22041,2022-05-04,Sumatera,Perkebunan,Excavator,-2,2396388051,-4792776102,Won (Berhasil),2396388051
TRX-20241,2021-12-12,Jawa,Perkebunan,Genset (Generator Set),5,421776141,2108880705,Won (Berhasil),2108880705
TRX-22061,2021-07-11,Kalimantan,Pertambangan,Excavator,1,1859052628,1859052628,Won (Berhasil),1859052628
TRX-22363,2023-12-01,Kalimantan,Pertambangan,Genset (Generator Set),1,490787780,490787780,Won (Berhasil),490787780
TRX-20600,2023-02-09,Jawa,Logistik & Gudang,Tractor Agrikultur,2,1457730432,2915460864,Lost (Gagal),0
TRX-22435,2022-10-11,Kalimantan,Manufaktur,Excavator,2,2910320384,5820640768,Lost (Gagal),0
TRX-21297,2021-11-18,Kalimantan,Pertambangan,Excavator,1,2128557537,2128557537,Lost (Gagal),0
TRX-22214,2021-10-19,Jawa,Manufaktur,Forklip,1,422797236,422797236,Lost (Gagal),0
TRX-22888,2022-05-17,Papua,Konstruksi,Excavator,1,1836583058,1836583058,Won (Berhasil),1836583058
TRX-22068,2023-07-18,Sumatera,Perkebunan,Tractor Agrikultur,1,1080958330,1080958330,In Progress,0
TRX-20646,2021-12-05,Sulawesi,Logistik & Gudang,Tractor Agrikultur,4,945457588,3781830352,Won (Berhasil),3781830352
TRX-21528,2021-01-18,Jawa,Perkebunan,Excavator,2,1880847991,3761695982,Won (Berhasil),3761695982
TRX-22879,2021-05-28,Papua,Pertambangan,Genset (Generator Set),4,411588522,1646354088,Won (Berhasil),1646354088
TRX-21267,2022-12-15,Sumatera,Manufaktur,Genset (Generator Set),4,282371560,1129486240,In Progress,0
TRX-21899,2022-02-18,Kalimantan,Manufaktur,Forklift,3,351797030,1055391090,In Progress,0
TRX-20562,2022-04-10,Sulawesi,Pertambangan,Tractor Agrikultur,4,1312598875,5250395500,Won (Berhasil),5250395500
TRX-21763,2022-07-22,Sulawesi,Logistik & Gudang,Genset (Generator Set),2,373765563,747531126,Won (Berhasil),747531126
TRX-22734,2021-11-11,Jawa,Manufaktur,Excavator,1,2694251772,2694251772,Lost (Gagal),0
TRX-21117,2023-06-29,Papua,Manufaktur,Forklift,1,277687767,277687767,Won (Berhasil),277687767
TRX-20189,2022-01-14,Kalimantan,Logistik & Gudang,Tractor Agrikultur,4,985654611,3942618444,Won (Berhasil),3942618444
TRX-21806,2023-05-16,Sulawesi,Perkebunan,Excavator,2,2927965177,5855930354,In Progress,0
TRX-20975,2022-06-19,Sulawesi,Konstruksi,Genset (Generator Set),-2,416732228,-833464456,Won (Berhasil),1250196684
TRX-22747,2022-10-21,Sumatera,Perkebunan,Genset (Generator Set),3,416610273,1249830819,Won (Berhasil),1249830819
TRX-22047,2023-09-07,Sumatera,Perkebunan,Genset (Generator Set),5,201856920,1009284600,Lost (Gagal),0
TRX-22558,2022-10-23,Sumatera,Logistik & Gudang,Excavator,1,1693915921,1693915921,Won (Berhasil),1693915921
TRX-21082,2023-12-27,Sulawesi,Pertambangan,Tractor Agrikultur,2,949136419,1898272838,Won (Berhasil),1898272838
TRX-20474,2021-07-09,Papua,Perkebunan,Genset (Generator Set),1,397141231,397141231,Won (Berhasil),397141231
TRX-22904,2022-04-22,Sumatera,Perkebunan,Excavator,2,2813840474,5627680948,In Progress,0
TRX-20747,2023-04-16,Kalimantan,Konstruksi,Tractor Agrikultur,2,1092702856,2185405712,Won (Berhasil),2185405712
TRX-22300,2023-12-01,Sulawesi,Pertambangan,Forklift,4,311866784,1247467136,Won (Berhasil),1247467136
TRX-20021,2021-03-30,Jawa,Pertambangan,Genset (Generator Set),3,392661453,1177984359,In Progress,0
TRX-20459,2023-04-01,Kalimantan,Konstruksi,Forklift,2,554755681,1109511362,In Progress,0
TRX-21184,2023-05-23,Papua,Perkebunan,Tractor Agrikultur,4,1074622709,4298490836,Won (Berhasil),4298490836
TRX-22324,2023-08-18,Jawa,Logistik & Gudang,Genset (Generator Set),5,414382350,2071911750,Lost (Gagal),0
TRX-20955,2021-10-22,Papua,Pertambangan,Excavator,2,2543191624,5086383248,Won (Berhasil),5086383248
TRX-21215,2021-04-17,Papua,Pertambangan,Genset (Generator Set),5,258111748,1290558740,Won (Berhasil),1290558740
TRX-22433,2021-12-08,Sulawesi,Pertambangan,Tractor Agrikultur,3,1484757832,4454273496,Lost (Gagal),0
TRX-22853,2022-03-08,Kalimantan,,Excavator,2,2242756039,4485512078,Lost (Gagal),0
TRX-21515,2021-02-23,Sumatera,Perkebunan,Tractor Agrikultur,2,1191712074,2383424148,Lost (Gagal),0
TRX-22391,2023-01-11,Jawa,Logistik & Gudang,Excavator,2,1745641566,3491283132,Lost (Gagal),0
TRX-20769,2021-01-15,Kalimantan,Perkebunan,Tractor Agrikultur,5,1224694580,6123472900,Won (Berhasil),6123472900
TRX-21685,2023-11-15,Jawa,Pertambangan,Genset (Generator Set),5,454857385,2274286925,Lost (Gagal),0
TRX-20130,2022-05-20,Jawa,Logistik & Gudang,Tractor Agrikultur,4,1308814095,5235256380,In Progress,0
TRX-22919,2022-05-27,Papua,Logistik & Gudang,Forklift,4,283951831,1135807324,Won (Berhasil),1135807324
TRX-22135,2023-10-25,Sumatera,Pertambangan,Forklift,2,582026333,1164052666,In Progress,0
TRX-21482,2022-04-02,Sumatera,Logistik & Gudang,Forklift,4,481939255,1927757020,Lost (Gagal),0
TRX-20330,2021-11-22,Sumatera,Pertambangan,Excavator,2,2588568729,5177137458,Lost (Gagal),0
TRX-21238,2023-03-21,Papua,Manufaktur,Excavator,1,1547830458,1547830458,Won (Berhasil),1547830458
TRX-20466,2021-01-17,Kalimantan,Konstruksi,Excavator,2,2152246965,4304493930,Won (Berhasil),4304493930
TRX-22169,2023-06-12,Sumatera,Perkebunan,Forklip,3,378249133,1134747399,Won (Berhasil),1134747399
TRX-21638,2023-03-20,Kalimantan,Perkebunan,Excavator,2,1530294934,3060589868,Won (Berhasil),3060589868
TRX-21095,2021-10-10,Papua,Pertambangan,Tractor Agrikultur,5,1164982741,5824913705,Won (Berhasil),5824913705
TRX-21130,2022-02-23,Sulawesi,Pertambangan,Forklift,1,428099624,428099624,Lost (Gagal),0
TRX-21294,2023-12-05,,Manufaktur,Excavator,1,1806150281,1806150281,Won (Berhasil),1806150281
TRX-20860,2023-06-20,Sulawesi,Perkebunan,Genset (Generator Set),3,236879888,710639664,Won (Berhasil),710639664
